subset,algorithm,image,psnr,ssim,entropy,edge_vis,niqe,time_ms
indoor,DCP,1400_1.png,20.33498225731936,0.8986015319824219,7.670570932792287,0.46257713884992985,,36.11989999990328
indoor,DCP,1400_10.png,18.466234236278176,0.8321145176887512,7.636752021708135,0.4446107994389902,,37.15360000023793
indoor,DCP,1400_2.png,20.175613755042846,0.8915573954582214,7.671170491672994,0.4590568022440393,,35.72050000002491
indoor,DCP,1400_3.png,20.062341620881025,0.8838639855384827,7.671743912288155,0.4607538569424965,,35.8353999999963
indoor,DCP,1400_4.png,19.852364113060407,0.876772940158844,7.66805536696347,0.4571844319775596,,36.6730999999163
indoor,DCP,1400_5.png,19.699500109172675,0.8686792254447937,7.665920341382556,0.45814866760168305,,35.873499999979686
indoor,DCP,1400_6.png,19.452568328348157,0.8615993857383728,7.661074871356067,0.4539726507713885,,35.74309999976322
indoor,DCP,1400_7.png,19.265264695587902,0.8536140322685242,7.662197868331072,0.45510168302945303,,35.23649999988265
indoor,DCP,1400_8.png,19.024121021650505,0.8461933732032776,7.657671879134778,0.45315568022440395,,36.38390000014624
indoor,DCP,1400_9.png,18.72893331796182,0.8391470313072205,7.645585352809079,0.44646213183730715,,36.43500000043787
indoor,DCP,1401_1.png,20.467394896023844,0.8913249969482422,7.513204330722488,0.36852384291725104,,35.95450000011624
indoor,DCP,1401_10.png,19.92492724091757,0.8305361866950989,7.4894353946744285,0.3640603085553997,,35.60070000003179
indoor,DCP,1401_2.png,20.494402526707578,0.88372802734375,7.510118123191353,0.36904978962131835,,35.71250000004511
indoor,DCP,1401_3.png,20.451350923685855,0.8753995895385742,7.499316632452687,0.36861851332398315,,36.545899999964604
indoor,DCP,1401_4.png,20.439347974489543,0.8683387637138367,7.495454267222506,0.36850280504908833,,35.67789999988236
indoor,DCP,1401_5.png,20.410411535410606,0.8616092801094055,7.491606916628127,0.36901122019635346,,36.23490000018137
indoor,DCP,1401_6.png,20.359620504555007,0.8545036315917969,7.4915467671805605,0.36761921458625524,,35.72099999973943
indoor,DCP,1401_7.png,20.293261041075006,0.8482486605644226,7.492308504230263,0.36748948106591867,,35.40899999961766
indoor,DCP,1401_8.png,20.15289723553351,0.8418152928352356,7.4886089466880525,0.36612201963534363,,35.96019999986311
indoor,DCP,1401_9.png,20.034884041698056,0.8356676697731018,7.487904477883801,0.3639796633941094,,35.37139999980354
indoor,DCP,1402_1.png,23.08792132974105,0.8709709644317627,6.6969146328749085,0.330171809256662,,35.62049999982264
indoor,DCP,1402_10.png,22.626966328817574,0.8029437065124512,7.117376816956832,0.33422861150070127,,36.29330000012487
indoor,DCP,1402_2.png,23.197712928251434,0.8630185127258301,6.7034050535638405,0.3312973352033661,,35.05399999994552
indoor,DCP,1402_3.png,23.283753070087712,0.8552226424217224,6.7163142444493715,0.3317741935483871,,35.74780000008104
indoor,DCP,1402_4.png,23.330649633420478,0.8478217124938965,6.726442737065511,0.33198457223001404,,35.301000000345084
indoor,DCP,1402_5.png,23.34357004260992,0.8405178189277649,6.738126408513769,0.33235273492286116,,35.9958000003644
indoor,DCP,1402_6.png,23.308188228729854,0.8334922790527344,6.748811085160121,0.3317601683029453,,35.54979999989882
indoor,DCP,1402_7.png,23.052262940762876,0.8239912390708923,7.046193482994315,0.3319039270687237,,35.76089999978649
indoor,DCP,1402_8.png,22.944518907457216,0.8165040016174316,7.076279660389954,0.33334502103786817,,35.54450000001452
indoor,DCP,1402_9.png,22.80641691351184,0.8096004128456116,7.101524935870916,0.3343478260869565,,36.0142999998061
indoor,DCP,1403_1.png,26.297924139257447,0.897296667098999,6.8998866982450755,0.43495792426367463,,35.046999999849504
indoor,DCP,1403_10.png,20.2732430023377,0.8047439455986023,7.052176884311066,0.4396283309957924,,36.03740000016842
indoor,DCP,1403_2.png,25.796396299984163,0.8865950703620911,6.925581312521001,0.43726507713884993,,35.211099999742146
indoor,DCP,1403_3.png,25.12096348866505,0.8745052218437195,6.940785984849202,0.43886746143057503,,35.67350000002989
indoor,DCP,1403_4.png,24.456105260657466,0.8644936680793762,6.965244757079623,0.4407328190743338,,35.201900000174646
indoor,DCP,1403_5.png,23.751725814581306,0.8538240790367126,6.97698769926779,0.4399719495091164,,35.34800000034011
indoor,DCP,1403_6.png,23.036994685869423,0.8432118892669678,6.989609937831837,0.43931626928471246,,35.57809999983874
indoor,DCP,1403_7.png,22.323460862304994,0.8339710235595703,7.014870335040763,0.44059256661991586,,35.60410000000047
indoor,DCP,1403_8.png,21.662506533599327,0.824089527130127,7.021753794358371,0.4397931276297335,,35.35490000012942
indoor,DCP,1403_9.png,20.96950045168636,0.8173940777778625,7.06613751059523,0.4415322580645161,,35.566000000017084
indoor,DCP,1404_1.png,21.564640949860564,0.9172342419624329,6.8757753966884,0.3572650771388499,,35.30479999972158
indoor,DCP,1404_10.png,21.986762193588195,0.9010726809501648,7.005701584035516,0.3542952314165498,,35.15739999966172
indoor,DCP,1404_2.png,21.68515122703272,0.9166952967643738,6.872150288149859,0.35691444600280503,,35.55099999994127
indoor,DCP,1404_3.png,21.795777044873642,0.9159379005432129,6.864933638522355,0.3562026647966339,,35.92000000026019
indoor,DCP,1404_4.png,21.714210517898668,0.9120633602142334,7.191883403355923,0.35691444600280503,,35.866100000021106
indoor,DCP,1404_5.png,21.813605096430223,0.9103584885597229,7.203648809579449,0.35763323983169704,,37.02369999973598
indoor,DCP,1404_6.png,21.886574589053343,0.9084022641181946,7.168445617313646,0.35835203366058904,,35.7491999998274
indoor,DCP,1404_7.png,21.9606143644854,0.9068238735198975,7.098544700514281,0.3575946704067321,,35.607400000117195
indoor,DCP,1404_8.png,21.996602411680612,0.9047737717628479,7.044308125415248,0.3572054698457223,,36.48699999985183
indoor,DCP,1404_9.png,22.007026317391304,0.903038740158081,7.009832955637714,0.35575736325385693,,34.902100000181235
indoor,DCP,1405_1.png,18.925764319228435,0.9184198379516602,7.159305492564353,0.36603786816269285,,35.08740000006583
indoor,DCP,1405_10.png,20.3839907954465,0.9064036011695862,7.25420614198672,0.35685483870967744,,35.76730000031603
indoor,DCP,1405_2.png,19.125324653047723,0.9177380204200745,7.166579981790718,0.36445652173913046,,35.45669999994061
indoor,DCP,1405_3.png,19.333013383025037,0.9170926213264465,7.175178354843002,0.36235974754558203,,34.87749999976586
indoor,DCP,1405_4.png,19.53708753917914,0.9160208106040955,7.1845454518129275,0.36158134642356243,,36.882800000057614
indoor,DCP,1405_5.png,19.572311248216145,0.9127724766731262,7.345081909557398,0.36149368863955117,,35.43440000021292
indoor,DCP,1405_6.png,19.772562657871685,0.9120895266532898,7.212902415293076,0.35926367461430575,,35.56839999964723
indoor,DCP,1405_7.png,19.948417021916033,0.9108393788337708,7.2246906125219725,0.35899368863955117,,35.49190000012459
indoor,DCP,1405_8.png,20.113163408607626,0.9095866680145264,7.2359062050529666,0.3583765778401122,,35.24220000008427
indoor,DCP,1405_9.png,20.256510532542457,0.9080808758735657,7.24346936780791,0.35712482468443196,,35.91120000010051
indoor,DCP,1406_1.png,20.650269321370544,0.9210960865020752,7.169741645167642,0.3714586255259467,,35.67329999987123
indoor,DCP,1406_10.png,20.215145142716636,0.8925700187683105,7.3516128012105755,0.3611886395511921,,36.50809999999183
indoor,DCP,1406_2.png,20.70435770085663,0.9195046424865723,7.156370411578952,0.37119565217391304,,35.42730000026495
indoor,DCP,1406_3.png,20.72538565348447,0.9172954559326172,7.1454447422319385,0.3699088359046283,,35.874300000159565
indoor,DCP,1406_4.png,20.726745699410966,0.9146668314933777,7.141926589631638,0.3684081346423562,,35.50580000000991
indoor,DCP,1406_5.png,20.712542388971062,0.9117753505706787,7.138090784359121,0.36782608695652175,,35.31670000029408
indoor,DCP,1406_6.png,20.665620988392412,0.9086248278617859,7.1277925837679055,0.36674964936886395,,36.46969999999783
indoor,DCP,1406_7.png,20.608168678988616,0.905385434627533,7.11895794943154,0.3648352033660589,,35.944499999914115
indoor,DCP,1406_8.png,20.526852761512075,0.9020541310310364,7.11350256116469,0.3626998597475456,,35.61169999966296
indoor,DCP,1406_9.png,20.4247015821842,0.8986006379127502,7.116657033698077,0.3611570827489481,,35.298900000270805
indoor,DCP,1407_1.png,17.199394391865894,0.9056291580200195,7.7019194392963675,0.502086255259467,,34.9356000001535
indoor,DCP,1407_10.png,18.315196760586005,0.9005722999572754,7.66557721483583,0.49850280504908834,,35.550599999623955
indoor,DCP,1407_2.png,17.332588456225118,0.9053652882575989,7.697633458607258,0.5020196353436185,,35.32879999966099
indoor,DCP,1407_3.png,17.458809937873752,0.9050087928771973,7.6928924128405285,0.5025070126227209,,35.4232999998203
indoor,DCP,1407_4.png,17.593561856949396,0.9047021865844727,7.689393074870943,0.5017987377279103,,36.87930000023698
indoor,DCP,1407_5.png,17.723998690601523,0.9041340947151184,7.685035183616263,0.5013990182328191,,35.63899999971909
indoor,DCP,1407_6.png,17.850922871446794,0.9035463929176331,7.681504858876389,0.5019284712482468,,35.0615000002108
indoor,DCP,1407_7.png,17.97452726139811,0.9027954936027527,7.67835607185844,0.5008134642356241,,36.33330000002388
indoor,DCP,1407_8.png,18.094185016977328,0.9019481539726257,7.675521772157307,0.5010273492286115,,35.05270000005112
indoor,DCP,1407_9.png,18.209193194251213,0.9016032218933105,7.666510615641433,0.499007713884993,,35.451000000193744
indoor,DCP,1408_1.png,17.66914854354608,0.9098445773124695,7.651859747887971,0.5620582047685835,,35.84360000013476
indoor,DCP,1408_10.png,18.365654963897043,0.9033470153808594,7.657336888412981,0.558187237026648,,35.06699999979901
indoor,DCP,1408_2.png,17.770085914987092,0.9095460772514343,7.650811986154419,0.5617426367461431,,35.759800000050745
indoor,DCP,1408_3.png,17.86847678340974,0.908944845199585,7.6507364094633115,0.5630154277699859,,36.271599999963655
indoor,DCP,1408_4.png,17.958865225408783,0.9084386229515076,7.6488319434960665,0.5622370266479664,,35.99389999999403
indoor,DCP,1408_5.png,18.051190929680917,0.9079094529151917,7.6485333403359475,0.5625911640953717,,35.779700000148296
indoor,DCP,1408_6.png,18.12855663909812,0.9071795344352722,7.649376144319949,0.5615918653576437,,35.293499999625055
indoor,DCP,1408_7.png,18.199195089121773,0.9062920212745667,7.653423787291983,0.5613639551192146,,35.08959999999206
indoor,DCP,1408_8.png,18.265807476513352,0.9054811596870422,7.655971096373417,0.5607223001402525,,35.57060000002821
indoor,DCP,1408_9.png,18.317357624776697,0.9043359160423279,7.65752374708947,0.5595266479663394,,34.683400000176334
indoor,DCP,1409_1.png,19.433608139093824,0.9163229465484619,7.845572484458028,0.542773492286115,,34.95329999987007
indoor,DCP,1409_10.png,21.697948836718588,0.905619204044342,7.869495058809945,0.5286746143057504,,35.983000000214815
indoor,DCP,1409_2.png,19.700560770759257,0.9162506461143494,7.849600873194448,0.5399824684431977,,35.40209999982835
indoor,DCP,1409_3.png,19.960284538639886,0.9151353240013123,7.8556099954324665,0.5392215988779804,,35.386799999741925
indoor,DCP,1409_4.png,20.26786138522917,0.914827287197113,7.8565894334451984,0.5371318373071529,,35.296500000185915
indoor,DCP,1409_5.png,20.578927805824968,0.9138965606689453,7.8615540848168575,0.5359502103786816,,35.504800000126124
indoor,DCP,1409_6.png,20.953582457597555,0.912074863910675,7.867215416754665,0.5363183730715287,,35.713899999791465
indoor,DCP,1409_7.png,21.036380347128976,0.9107053875923157,7.8629700731467915,0.5327805049088359,,35.6314000000566
indoor,DCP,1409_8.png,21.275537826840786,0.909403383731842,7.865900532693869,0.5321423562412342,,35.099499999887485
indoor,DCP,1409_9.png,21.562566138450094,0.906914472579956,7.873288270983419,0.5322440392706872,,35.78189999961978
indoor,DCP,1410_1.png,16.17319842093242,0.8329782485961914,6.949030874207016,0.34399018232819073,,36.67260000020178
indoor,DCP,1410_10.png,17.16450487709553,0.852311909198761,7.067862580192348,0.3344424964936886,,35.21629999977449
indoor,DCP,1410_2.png,16.282922410779808,0.8357191681861877,6.955453806582217,0.34274894810659184,,35.9454999997979
indoor,DCP,1410_3.png,16.39234117810543,0.8380206227302551,6.963885937237019,0.34125175315568024,,36.5828999997575
indoor,DCP,1410_4.png,16.507703483776716,0.8404207825660706,6.9784644887619836,0.3401437587657784,,35.80260000035196
indoor,DCP,1410_5.png,16.617567851911915,0.842413604259491,6.993213401113849,0.33855189340813463,,35.55869999991046
indoor,DCP,1410_6.png,16.72569520279986,0.844344437122345,7.004890711625442,0.33717391304347827,,35.44289999990724
indoor,DCP,1410_7.png,16.838956786169035,0.8463752269744873,7.0135937274784785,0.3357748948106592,,35.93779999982871
indoor,DCP,1410_8.png,16.952089298571387,0.8484607338905334,7.032079350016667,0.33564866760168305,,35.66849999970145
indoor,DCP,1410_9.png,17.06248107135223,0.8505292534828186,7.0500842837545745,0.3343478260869565,,36.086100000375154
indoor,DCP,1411_1.png,19.815333560506982,0.9093084335327148,6.29003394192388,0.24547685834502103,,35.10679999999411
indoor,DCP,1411_10.png,21.267987530907916,0.8745607733726501,6.4167581121246675,0.24533309957924263,,36.446300000079646
indoor,DCP,1411_2.png,20.03181187080267,0.9067491888999939,6.2867197241260175,0.24465988779803646,,35.44419999980164
indoor,DCP,1411_3.png,20.112649019317836,0.9014082551002502,6.770543123527848,0.24579593267882188,,35.03320000027088
indoor,DCP,1411_4.png,20.328838420066194,0.8972427248954773,6.624167952987885,0.2478225806451613,,35.48739999996542
indoor,DCP,1411_5.png,20.56004718545282,0.8946754336357117,6.393553544561004,0.24741935483870967,,36.33510000008755
indoor,DCP,1411_6.png,20.740701424827748,0.8910569548606873,6.388991536008161,0.24719495091164095,,35.39989999990212
indoor,DCP,1411_7.png,20.913604936428474,0.8871144652366638,6.398088108503429,0.24572230014025245,,35.84890000001906
indoor,DCP,1411_8.png,21.061882251184567,0.8830520510673523,6.408157324988811,0.2454382889200561,,35.42879999986326
indoor,DCP,1411_9.png,21.18830454163186,0.8787264823913574,6.416774757051315,0.24551192145862552,,36.37810000009267
indoor,DCP,1412_1.png,15.497081226705667,0.816456139087677,7.254366813578031,0.35783309957924264,,35.31810000004043
indoor,DCP,1412_10.png,15.829558369544516,0.7968061566352844,7.369110396408268,0.3539305750350631,,35.407999999733875
indoor,DCP,1412_2.png,15.562588173198808,0.814457893371582,7.24575151703047,0.35643408134642357,,35.04830000019865
indoor,DCP,1412_3.png,15.627153149307887,0.8123674392700195,7.243266516837676,0.35577138849929874,,34.80950000039229
indoor,DCP,1412_4.png,15.68347250136398,0.810328483581543,7.248614954646027,0.35486676016830293,,35.391899999922316
indoor,DCP,1412_5.png,15.740108089056301,0.8083503842353821,7.254483687802255,0.35414095371669,,35.67169999996622
indoor,DCP,1412_6.png,15.714261720611065,0.8046403527259827,7.336868967219371,0.35507713884992986,,35.293299999921146
indoor,DCP,1412_7.png,15.754742183329265,0.802534282207489,7.345611982798924,0.3547615708274895,,35.864800000126706
indoor,DCP,1412_8.png,15.788928082090951,0.8006507754325867,7.35208719943674,0.3542531556802244,,36.22709999990548
indoor,DCP,1412_9.png,15.814960570860832,0.7987322807312012,7.359930723554991,0.3545932678821879,,35.57260000025053
indoor,DCP,1413_1.png,17.197274184695743,0.8309304714202881,7.123382033334067,0.3816654978962132,,35.42620000007446
indoor,DCP,1413_10.png,20.45959547208071,0.8579886555671692,7.209710830892276,0.3993548387096774,,35.46700000015335
indoor,DCP,1413_2.png,17.538358528618428,0.8366147875785828,7.133098315062072,0.3839866760168303,,36.101200000302924
indoor,DCP,1413_3.png,17.901745449273896,0.8415629267692566,7.146636564490683,0.3863499298737728,,35.540100000162056
indoor,DCP,1413_4.png,18.29099293334724,0.8452630043029785,7.142828079653537,0.3880049088359046,,36.044200000105775
indoor,DCP,1413_5.png,18.688547971621478,0.8495358824729919,7.149448123656658,0.39047685834502105,,36.13730000006399
indoor,DCP,1413_6.png,19.093852353243253,0.8529192805290222,7.155452006247413,0.3923877980364656,,35.81129999975019
indoor,DCP,1413_7.png,19.49044423702793,0.8553746342658997,7.166324393003539,0.393187237026648,,36.93810000004305
indoor,DCP,1413_8.png,19.87385179037869,0.8571733832359314,7.179015195346494,0.39554698457223003,,35.68409999979849
indoor,DCP,1413_9.png,20.188671157721608,0.8580007553100586,7.195371726025165,0.3982713884992987,,35.84629999977551
indoor,DCP,1414_1.png,16.13775434807123,0.8107433319091797,7.258041688717674,0.4312482468443198,,35.15979999974661
indoor,DCP,1414_10.png,17.721512586277125,0.8320838809013367,7.323828290997612,0.4351963534361851,,35.41009999980815
indoor,DCP,1414_2.png,16.316202036879712,0.8128105998039246,7.282601319132382,0.43208625525946703,,35.961800000222865
indoor,DCP,1414_3.png,16.394088658761365,0.8141791224479675,7.311381039096973,0.43424964936886395,,36.00350000033359
indoor,DCP,1414_4.png,16.58682971846266,0.8160489201545715,7.310012875860409,0.4352945301542777,,35.73660000029122
indoor,DCP,1414_5.png,16.78447874108904,0.8186764717102051,7.309037274983319,0.435788920056101,,35.57969999974375
indoor,DCP,1414_6.png,16.980533483403267,0.8213351368904114,7.31470965859942,0.4357468443197756,,35.804600000119535
indoor,DCP,1414_7.png,17.175189681485314,0.82403564453125,7.316472185427396,0.4364270687237027,,35.9733000000233
indoor,DCP,1414_8.png,17.364805146552822,0.8266668319702148,7.320097284740121,0.43595371669004207,,34.857799999826966
indoor,DCP,1414_9.png,17.5443676558729,0.829095184803009,7.326316306472193,0.43640252454417955,,35.17499999998108
indoor,DCP,1415_1.png,15.570814825631496,0.7835095524787903,6.764341770205909,0.22200911640953716,,35.728999999719235
indoor,DCP,1415_10.png,17.928053205699022,0.8312515616416931,6.9595781262147565,0.2218758765778401,,35.61730000001262
indoor,DCP,1415_2.png,15.798068990343154,0.7899659276008606,6.778801047328008,0.22181276297335203,,36.068299999897135
indoor,DCP,1415_3.png,16.035211638201645,0.796427309513092,6.79408153271814,0.22201963534361852,,35.46820000019579
indoor,DCP,1415_4.png,16.227898918982124,0.8007246851921082,6.81181354610621,0.22296283309957923,,35.827299999709794
indoor,DCP,1415_5.png,16.478129259455223,0.8062799572944641,6.8328040322851775,0.22231767180925666,,35.99359999998342
indoor,DCP,1415_6.png,16.744015032453035,0.8117687106132507,6.855509708894187,0.221437587657784,,35.50879999966128
indoor,DCP,1415_7.png,17.025464812396585,0.8172453045845032,6.881171901235083,0.22050841514726507,,35.08720000036192
indoor,DCP,1415_8.png,17.315578265423806,0.8221232295036316,6.905798962297479,0.22109046283309958,,35.5717000002187
indoor,DCP,1415_9.png,17.619857992828887,0.8268751502037048,6.934531610148551,0.2230820476858345,,35.35670000019309
indoor,DCP,1416_1.png,11.128572667948138,0.7908077239990234,7.0821447140541505,0.32601683029453016,,35.78699999980017
indoor,DCP,1416_10.png,11.31604466809399,0.7772612571716309,6.962218452087668,0.31759817671809254,,35.53830000009839
indoor,DCP,1416_2.png,11.154032888648821,0.7892992496490479,7.06672658158563,0.3248772791023843,,35.23429999995642
indoor,DCP,1416_3.png,11.184529215877347,0.7880751490592957,7.0495990043756676,0.32299789621318375,,35.74269999990065
indoor,DCP,1416_4.png,11.21838200967816,0.7863827347755432,7.0355534079054465,0.3228646563814867,,35.56660000003831
indoor,DCP,1416_5.png,11.246282125243123,0.7848832011222839,7.021776068824281,0.32171809256661993,,36.2422999996852
indoor,DCP,1416_6.png,11.273849195538766,0.78354811668396,7.009289871376125,0.3204277699859748,,35.55580000011105
indoor,DCP,1416_7.png,11.242367799591245,0.7804021835327148,6.993066539253291,0.31894109396914444,,35.390499999721214
indoor,DCP,1416_8.png,11.269231480567168,0.7792766690254211,6.982858611014453,0.3190112201963534,,35.16200000012759
indoor,DCP,1416_9.png,11.293324311889421,0.7782465815544128,6.971285990763472,0.31814866760168303,,38.04760000002716
indoor,DCP,1417_1.png,17.421509336753708,0.9002930521965027,7.6371053132648665,0.537875175315568,,35.59640000003128
indoor,DCP,1417_10.png,20.122874751625993,0.8953745365142822,7.684073555959292,0.5197159887798036,,35.20100000014281
indoor,DCP,1417_2.png,17.69684866003444,0.901073157787323,7.644128990475632,0.5351963534361851,,35.756100000071456
indoor,DCP,1417_3.png,17.98097688783476,0.901229202747345,7.653153480904518,0.5334467040673212,,35.47720000005938
indoor,DCP,1417_4.png,18.279144066239997,0.9010148644447327,7.657630950768286,0.5318232819074333,,36.108299999796145
indoor,DCP,1417_5.png,18.579466102947492,0.90085768699646,7.662487495402545,0.5293934081346423,,35.62389999979132
indoor,DCP,1417_6.png,18.890050634628366,0.9000788331031799,7.664424314939684,0.5273772791023843,,35.87539999989531
indoor,DCP,1417_7.png,19.20688392487838,0.8993968963623047,7.668935436279733,0.5252805049088359,,35.639700000047014
indoor,DCP,1417_8.png,19.51865235071535,0.8980612754821777,7.673364012697156,0.5236535764375877,,35.572100000081264
indoor,DCP,1417_9.png,19.828235097320277,0.8968555331230164,7.675406476615132,0.5209116409537167,,35.61900000022433
indoor,DCP,1418_1.png,18.455017242467537,0.9119624495506287,7.809994706224384,0.6213674614305751,,35.372499999994034
indoor,DCP,1418_10.png,19.507647940533076,0.8816681504249573,7.836030018971163,0.6093723702664796,,47.911199999816745
indoor,DCP,1418_2.png,18.597091714382927,0.9089763760566711,7.812040831995669,0.6205925666199158,,35.42920000018057
indoor,DCP,1418_3.png,18.737036864080594,0.9058601260185242,7.814321924213767,0.619319775596073,,35.96860000016022
indoor,DCP,1418_4.png,18.876188537157574,0.9028596878051758,7.817453773081741,0.6182924263674614,,35.396899999796005
indoor,DCP,1418_5.png,19.00847672637346,0.8994112014770508,7.821765041151913,0.6170897615708275,,35.2324000000408
indoor,DCP,1418_6.png,19.12496983734829,0.8960853219032288,7.825948030308734,0.6157854137447405,,36.11820000014632
indoor,DCP,1418_7.png,19.248999488558553,0.8925961852073669,7.830166441021569,0.6143302945301543,,35.37710000000516
indoor,DCP,1418_8.png,19.343512434495082,0.8888330459594727,7.831439038320012,0.6132152875175315,,34.74210000013045
indoor,DCP,1418_9.png,19.438757026393134,0.8852529525756836,7.8337973118703,0.6115287517531557,,35.486799999944196
indoor,DCP,1419_1.png,20.259427443528356,0.9316129684448242,7.758193090690758,0.6549509116409538,,35.40800000018862
indoor,DCP,1419_10.png,20.80996385601914,0.9002208709716797,7.7711624677915365,0.6417496493688639,,36.36770000002798
indoor,DCP,1419_2.png,20.383064831945788,0.9286472201347351,7.757546785630654,0.653453716690042,,37.480999999843334
indoor,DCP,1419_3.png,20.503332865570826,0.9258675575256348,7.759583345235125,0.6518478260869566,,35.577699999976176
indoor,DCP,1419_4.png,20.60650706836853,0.9226434826850891,7.760671219088526,0.6503401122019635,,36.17599999961385
indoor,DCP,1419_5.png,20.70237984829285,0.919339656829834,7.762097303734376,0.6487622720897616,,35.73900000037611
indoor,DCP,1419_6.png,20.766522467180813,0.9157882332801819,7.7612938131085984,0.6473387096774194,,35.465599999952246
indoor,DCP,1419_7.png,20.819720595457667,0.912312924861908,7.761575851279573,0.6461290322580645,,35.29009999965638
indoor,DCP,1419_8.png,20.841861337926826,0.9082610011100769,7.767767194984676,0.64468793828892,,35.826100000122096
indoor,DCP,1419_9.png,20.84461582959303,0.9044100642204285,7.770209835456862,0.6434326788218794,,35.448600000108854
indoor,DCP,1420_1.png,18.504137792560424,0.8889575004577637,7.497026031272849,0.49391304347826087,,35.52709999985382
indoor,DCP,1420_10.png,20.704898002363315,0.8784398436546326,7.532361812591491,0.4995687237026648,,36.32079999988491
indoor,DCP,1420_2.png,18.79592137360546,0.8899038434028625,7.501086427367776,0.49440042075736323,,35.403300000325544
indoor,DCP,1420_3.png,19.091428781238562,0.8899641036987305,7.502268503441845,0.49487727910238427,,35.60990000005404
indoor,DCP,1420_4.png,19.376844765907364,0.8901259303092957,7.507169942801989,0.49601683029453014,,35.816499999782536
indoor,DCP,1420_5.png,19.668346056084278,0.8894429206848145,7.511138794927815,0.49712131837307155,,35.23529999984021
indoor,DCP,1420_6.png,19.9497118685615,0.8883323669433594,7.515187844794142,0.4981206171107994,,35.25550000040312
indoor,DCP,1420_7.png,20.21368793349772,0.886629581451416,7.518526858008071,0.4980610098176718,,36.04959999984203
indoor,DCP,1420_8.png,20.425748248114,0.8843920826911926,7.52281833940805,0.49761921458625524,,35.899200000130804
indoor,DCP,1420_9.png,20.601273872134414,0.8817341923713684,7.526916635890791,0.4991935483870968,,35.504800000126124
indoor,DCP,1421_1.png,18.849731543031254,0.8905156254768372,7.304486560312107,0.46038569424964937,,35.98569999985557
indoor,DCP,1421_10.png,18.56722369729364,0.8550946712493896,7.205859798185076,0.41175666199158484,,35.63189999977112
indoor,DCP,1421_2.png,18.937141182436502,0.887537956237793,7.31321464057841,0.46072230014025245,,35.46749999986787
indoor,DCP,1421_3.png,18.971374641934773,0.8836811184883118,7.320344593190759,0.46099929873772794,,35.96880000031888
indoor,DCP,1421_4.png,18.961184459785244,0.8800459504127502,7.327438258532394,0.46090112201963535,,35.62920000013037
indoor,DCP,1421_5.png,18.379504854157073,0.8701136708259583,7.1916624848065505,0.41411991584852736,,35.55400000004738
indoor,DCP,1421_6.png,18.42524275665725,0.8667740225791931,7.193513926638436,0.4133380084151473,,36.35570000005828
indoor,DCP,1421_7.png,18.475458310918402,0.8639347553253174,7.198287645815791,0.4125210378681627,,35.64150000011068
indoor,DCP,1421_8.png,18.508646734607154,0.8607663512229919,7.199371010483541,0.41214586255259467,,35.69979999974748
indoor,DCP,1421_9.png,18.546701540360203,0.8582124710083008,7.204699119692998,0.41251753155680226,,35.70769999987533
indoor,DCP,1422_1.png,21.623047082108407,0.8447904586791992,7.145277991129983,0.28705820476858346,,35.351300000002084
indoor,DCP,1422_10.png,19.59169017915592,0.7672129273414612,7.320408280750388,0.3033765778401122,,35.20089999983611
indoor,DCP,1422_2.png,21.780682014913943,0.8378815054893494,7.174127779903904,0.2876367461430575,,35.5970000000525
indoor,DCP,1422_3.png,21.840769998694924,0.8288189768791199,7.199654846948915,0.291367461430575,,35.592000000178814
indoor,DCP,1422_4.png,21.858716135412596,0.8212380409240723,7.2198292519032075,0.29249649368863956,,35.55670000014288
indoor,DCP,1422_5.png,21.710586281416916,0.8128427863121033,7.235412466203712,0.29319424964936885,,35.55199999982506
indoor,DCP,1422_6.png,21.522343208305546,0.8049566149711609,7.260544739640741,0.29550490883590463,,35.657000000355765
indoor,DCP,1422_7.png,21.531778820650995,0.8021815419197083,7.274551036628697,0.29383941093969146,,35.6843999998091
indoor,DCP,1422_8.png,20.661158834224175,0.7865760326385498,7.292479401660632,0.29780504908835903,,35.180700000182696
indoor,DCP,1422_9.png,20.36485594279535,0.7800636291503906,7.30932378350466,0.29862903225806453,,35.742000000027474
indoor,DCP,1423_1.png,23.382103370261532,0.823552668094635,7.160612627821151,0.3737727910238429,,35.21330000012313
indoor,DCP,1423_10.png,14.965469024069462,0.7069972157478333,7.4761123826474964,0.3836290322580645,,36.110999999891646
indoor,DCP,1423_2.png,22.19236733641679,0.8089311718940735,7.182084226505416,0.3737447405329593,,35.37079999978232
indoor,DCP,1423_3.png,20.90646533453278,0.7921113967895508,7.201328271990457,0.37404277699859745,,35.65949999983786
indoor,DCP,1423_4.png,19.840780359481748,0.777105987071991,7.226771648408858,0.37468443197755963,,35.444099999949685
indoor,DCP,1423_5.png,18.746082896415576,0.7590947151184082,7.207341643618896,0.36953015427769986,,36.009500000091066
indoor,DCP,1423_6.png,17.973958872642125,0.7507351040840149,7.268008601424758,0.3746178120617111,,35.60169999991558
indoor,DCP,1423_7.png,16.98877945688101,0.7370157241821289,7.304019593320464,0.3762517531556802,,35.58800000018891
indoor,DCP,1423_8.png,16.127349314098268,0.7277927994728088,7.416940497332191,0.3881065918653576,,35.59679999989385
indoor,DCP,1423_9.png,15.499777805323935,0.7155620455741882,7.423133152032936,0.38405329593267884,,35.51680000009583
indoor,DCP,1424_1.png,19.371110971511115,0.8891786932945251,7.325675008316353,0.4515182328190743,,35.7187999998132
indoor,DCP,1424_10.png,19.642659426365846,0.8453140258789062,7.42353936453396,0.4309011220196353,,36.06270000000222
indoor,DCP,1424_2.png,19.502473077685675,0.8839635252952576,7.336929663480026,0.44911290322580644,,35.26449999981196
indoor,DCP,1424_3.png,19.62660248035737,0.8792479634284973,7.35689947195437,0.4476507713884993,,35.766700000294804
indoor,DCP,1424_4.png,19.72194195666369,0.8745298385620117,7.360085812569671,0.4433800841514727,,35.75090000003911
indoor,DCP,1424_5.png,19.918584622702628,0.8706571459770203,7.372809748012384,0.44236676016830295,,35.27140000005602
indoor,DCP,1424_6.png,19.884448920487202,0.8652679324150085,7.389311897160651,0.44075736325385695,,35.76469999961773
indoor,DCP,1424_7.png,20.006785484386974,0.8614688515663147,7.402752133439248,0.4386290322580645,,36.613000000215834
indoor,DCP,1424_8.png,19.770918538562047,0.8546143174171448,7.4074512623472675,0.4364165497896213,,35.55599999981496
indoor,DCP,1424_9.png,19.713520883738695,0.8501198291778564,7.410800592344175,0.43254908835904626,,35.629599999992934
indoor,DCP,1425_1.png,23.769430802236855,0.9143476486206055,7.516079263693344,0.5881661991584852,,35.61330000002272
indoor,DCP,1425_10.png,20.77514025372229,0.8306964039802551,7.498416941965032,0.5789971949509116,,35.26099999999133
indoor,DCP,1425_2.png,23.638287163862604,0.9060297012329102,7.512512635166344,0.5872405329593268,,35.7957000001079
indoor,DCP,1425_3.png,23.483792479392008,0.8972833156585693,7.509500148312124,0.586500701262272,,35.38729999991119
indoor,DCP,1425_4.png,23.267416785230303,0.8884251713752747,7.512136489072731,0.5855329593267882,,35.54040000017267
indoor,DCP,1425_5.png,22.97654619970503,0.8790946006774902,7.50926624412166,0.5843302945301543,,35.899699999845325
indoor,DCP,1425_6.png,22.630231961284867,0.8698100447654724,7.507196791829797,0.5833064516129032,,36.98720000011235
indoor,DCP,1425_7.png,22.22674922396103,0.8604207038879395,7.506011432626434,0.582983870967742,,35.60400000014852
indoor,DCP,1425_8.png,21.77778805375504,0.8506733775138855,7.5024390484147885,0.5808169705469846,,36.24119999994946
indoor,DCP,1425_9.png,21.296474106549546,0.8408533930778503,7.500607948499365,0.5800596072931277,,35.89540000029956
indoor,DCP,1426_1.png,23.23016446319867,0.8855478167533875,7.284035756353928,0.5432748948106592,,35.65669999989041
indoor,DCP,1426_10.png,20.195954353363824,0.8060534596443176,7.303517018337149,0.5410799438990183,,35.99640000038562
indoor,DCP,1426_2.png,23.014396885700222,0.8757731318473816,7.287657750611255,0.543390603085554,,35.523099999863916
indoor,DCP,1426_3.png,22.74113330850097,0.8660454154014587,7.28974307160425,0.5430189340813464,,35.550599999623955
indoor,DCP,1426_4.png,22.40613127796065,0.8570525050163269,7.288982775578361,0.5424403927068724,,35.424499999862746
indoor,DCP,1426_5.png,22.079443896575803,0.848139762878418,7.290085063097897,0.5431030855539972,,36.6942000000563
indoor,DCP,1426_6.png,21.727084312634165,0.8393341898918152,7.291998512921124,0.5427559607293128,,35.90910000002623
indoor,DCP,1426_7.png,21.362352746431725,0.830875813961029,7.29522321091164,0.5422791023842918,,36.34779999993043
indoor,DCP,1426_8.png,20.97718913462107,0.8223686814308167,7.298148806401831,0.5421213183730715,,35.56799999978466
indoor,DCP,1426_9.png,20.589064236236094,0.8140795826911926,7.300589235094006,0.5418267882187938,,35.77919999997903
indoor,DCP,1427_1.png,15.58384464174393,0.7979251742362976,6.698450786895179,0.30695301542777,,35.0177000000258
indoor,DCP,1427_10.png,15.687950581693444,0.7612407803535461,6.8100570669000104,0.292671809256662,,35.347099999853526
indoor,DCP,1427_2.png,15.587371857178569,0.792192280292511,6.715700780522951,0.30507363253856945,,35.7054999999491
indoor,DCP,1427_3.png,15.631223954789222,0.7876448631286621,6.729765386085498,0.30346774193548387,,36.0659999996642
indoor,DCP,1427_4.png,15.621100089691408,0.7822449207305908,6.739744937662353,0.30179172510518937,,36.144400000011956
indoor,DCP,1427_5.png,15.636394676355582,0.7786319255828857,6.759956744964533,0.3006591865357644,,35.879600000043865
indoor,DCP,1427_6.png,15.67761733087562,0.7749180793762207,6.766411876799508,0.2990427769985975,,36.06050000007599
indoor,DCP,1427_7.png,15.688479200011447,0.7722457051277161,6.787119814752616,0.29739481065918655,,35.69650000008551
indoor,DCP,1427_8.png,15.69468605178958,0.7674165368080139,6.791763916063088,0.29612903225806453,,36.16780000038489
indoor,DCP,1427_9.png,15.693620690500175,0.7645361423492432,6.803053542898884,0.294758064516129,,35.985600000003615
indoor,DCP,1428_1.png,20.267190697552422,0.8723304867744446,7.325886585134778,0.48512622720897614,,35.48540000019784
indoor,DCP,1428_10.png,19.227217443258393,0.8112273812294006,7.293109405719547,0.486367461430575,,35.86309999991499
indoor,DCP,1428_2.png,20.242997440636906,0.865500271320343,7.319635728069926,0.48534011220196355,,35.901100000046426
indoor,DCP,1428_3.png,20.167320380453862,0.8586878180503845,7.3138751051614115,0.48551893408134644,,36.040500000126485
indoor,DCP,1428_4.png,20.101095592737536,0.8519188761711121,7.311138932360041,0.485648667601683,,35.80490000013015
indoor,DCP,1428_5.png,20.009136465470363,0.8448492884635925,7.307646042216165,0.48524193548387096,,35.86219999988316
indoor,DCP,1428_6.png,19.89979762019766,0.8381450772285461,7.303689063167464,0.486367461430575,,35.98629999987679
indoor,DCP,1428_7.png,19.76170665032629,0.8313155174255371,7.299357329478014,0.485922159887798,,35.62759999977061
indoor,DCP,1428_8.png,19.605643945107655,0.8244249224662781,7.295040366380577,0.4858134642356241,,35.419000000274536
indoor,DCP,1428_9.png,19.42378460143593,0.8177265524864197,7.29341917351374,0.4860764375876578,,36.019799999849056
indoor,DCP,1429_1.png,23.821332590925653,0.8680202960968018,7.148217542347377,0.44414095371669005,,35.41749999976673
indoor,DCP,1429_10.png,19.40434353553464,0.7354924082756042,7.1937385066020125,0.40633239831697054,,35.27540000004592
indoor,DCP,1429_2.png,23.43973481876834,0.8512703776359558,7.153767926448959,0.4418969144460028,,36.84250000014799
indoor,DCP,1429_3.png,22.99103685887594,0.8347771763801575,7.161038888660818,0.43890252454417955,,35.68150000000969
indoor,DCP,1429_4.png,22.49444824092098,0.8185198903083801,7.166793102162215,0.43489481065918656,,36.070699999982025
indoor,DCP,1429_5.png,21.992636234482504,0.8039242625236511,7.176169321350693,0.4291514726507714,,35.72870000016337
indoor,DCP,1429_6.png,21.47940842151115,0.7890235781669617,7.1810153549505165,0.42347475455820477,,35.37099999994098
indoor,DCP,1429_7.png,20.961384407644054,0.7748011946678162,7.186006116605342,0.4177664796633941,,36.27700000015466
indoor,DCP,1429_8.png,20.448571586085613,0.7613651752471924,7.188476900826576,0.41314165497896216,,35.6339999998454
indoor,DCP,1429_9.png,19.926068777632906,0.7477360367774963,7.188931287700695,0.40883239831697055,,35.36809999968682
indoor,DCP,1430_1.png,24.024601495183067,0.8037724494934082,6.711601952558872,0.23339761570827489,,35.97390000004452
indoor,DCP,1430_10.png,20.023729005580144,0.6931074261665344,6.9856326342937205,0.2251647966339411,,35.73319999986779
indoor,DCP,1430_2.png,23.739875851296777,0.7868854403495789,6.740447688983741,0.23333800841514726,,35.97519999993892
indoor,DCP,1430_3.png,23.349303572553023,0.7724795341491699,6.780238979631127,0.232226507713885,,36.60489999992933
indoor,DCP,1430_4.png,22.88357294658447,0.7553835511207581,6.808969263510451,0.23242286115007013,,51.18700000002718
indoor,DCP,1430_5.png,22.400147031419703,0.7427301406860352,6.8418743698672815,0.23151122019635342,,36.12410000005184
indoor,DCP,1430_6.png,22.037940437032482,0.7315454483032227,6.816040125563985,0.23068723702664798,,35.51530000004277
indoor,DCP,1430_7.png,21.46416785235371,0.7232983112335205,6.899908015708669,0.22865357643758766,,35.50219999988258
indoor,DCP,1430_8.png,20.929447627537613,0.7099552154541016,6.927178419709875,0.22829943899018232,,36.105899999711255
indoor,DCP,1430_9.png,20.509473859464713,0.7023256421089172,6.952189722814146,0.22656381486676017,,36.04909999967276
indoor,DCP,1431_1.png,25.228921348692364,0.9015722870826721,6.750041558803504,0.2501227208976157,,35.7453000001442
indoor,DCP,1431_10.png,22.527645534619314,0.8233770728111267,7.00116026099012,0.24373422159887798,,35.525499999948806
indoor,DCP,1431_2.png,25.16059179418584,0.8932434916496277,6.770902409855667,0.24830645161290324,,36.08729999996285
indoor,DCP,1431_3.png,25.01863239014113,0.8853120803833008,6.79415835352541,0.24669004207573633,,36.07590000001437
indoor,DCP,1431_4.png,24.81556744085313,0.8774349689483643,6.814214518327672,0.24521037868162693,,35.340399999768124
indoor,DCP,1431_5.png,24.478329099803563,0.8680738806724548,6.930606849538077,0.24552945301542778,,35.55540000024848
indoor,DCP,1431_6.png,24.1708966743095,0.8594701886177063,6.92724189251714,0.2451858345021038,,35.84399999999732
indoor,DCP,1431_7.png,23.80930075297835,0.8506317734718323,6.9412563799016835,0.24533309957924263,,35.710000000108266
indoor,DCP,1431_8.png,23.413604559401904,0.8417964577674866,6.962615546159349,0.24435834502103787,,36.1825999998473
indoor,DCP,1431_9.png,22.985128363743186,0.8326094746589661,6.984197531114201,0.24359747545582047,,37.32110000009925
indoor,DCP,1432_1.png,23.518793017325336,0.869780957698822,6.710005280471857,0.27518934081346424,,36.35439999970913
indoor,DCP,1432_10.png,22.848150974767805,0.8132787346839905,6.867766783779799,0.2505890603085554,,35.28740000001562
indoor,DCP,1432_2.png,23.533190939800903,0.8623533248901367,6.728429040158859,0.2714901823281907,,35.621699999865086
indoor,DCP,1432_3.png,23.524215161802836,0.8558298945426941,6.749134215982169,0.2680680224403927,,35.738799999762705
indoor,DCP,1432_4.png,23.434532326896477,0.849453866481781,6.764629522975976,0.26409887798036463,,35.81809999968755
indoor,DCP,1432_5.png,23.385291291900344,0.8428556323051453,6.774010672021106,0.26119214586255257,,35.77540000014778
indoor,DCP,1432_6.png,23.317637303438424,0.8369782567024231,6.788689352369688,0.2583835904628331,,35.29239999988931
indoor,DCP,1432_7.png,23.22929947503684,0.8310924172401428,6.800060167565963,0.2553401122019635,,35.30249999994339
indoor,DCP,1432_8.png,23.148942398770608,0.8249810338020325,6.834284741168041,0.2540813464235624,,36.053199999969365
indoor,DCP,1432_9.png,23.016843673908202,0.8194922804832458,6.85082029673828,0.252226507713885,,36.6663999998309
indoor,DCP,1433_1.png,21.789003735311884,0.8697314262390137,7.025302791704772,0.3365568022440393,,35.512800000105926
indoor,DCP,1433_10.png,21.821411580729514,0.8163297772407532,7.191170825361177,0.3198352033660589,,35.45080000003509
indoor,DCP,1433_2.png,21.864225555280385,0.8629250526428223,7.041212646836688,0.3336851332398317,,35.55320000032225
indoor,DCP,1433_3.png,22.01031624354867,0.8570635914802551,7.0644010547962885,0.3320266479663394,,35.5955999998514
indoor,DCP,1433_4.png,21.963803445691262,0.8506976962089539,7.079739887305511,0.3295406732117812,,35.32539999969231
indoor,DCP,1433_5.png,22.005042586142622,0.8451725840568542,7.095304377822744,0.3275350631136045,,35.061600000062754
indoor,DCP,1433_6.png,22.02101606567902,0.8392251133918762,7.114563493101281,0.32564516129032256,,35.08830000009766
indoor,DCP,1433_7.png,22.018922812837822,0.833824098110199,7.135142736063032,0.3243408134642356,,35.7162000000244
indoor,DCP,1433_8.png,21.970950008383895,0.8275349140167236,7.150491524580929,0.3222159887798036,,36.85410000025513
indoor,DCP,1433_9.png,21.917363050423017,0.8222631812095642,7.171385722855131,0.3208695652173913,,35.496799999691575
indoor,DCP,1434_1.png,16.138314951380266,0.853097140789032,7.107902960319433,0.22123772791023844,,35.52850000005492
indoor,DCP,1434_10.png,17.34508510943474,0.8514552116394043,7.170035793347142,0.22047685834502104,,35.35730000021431
indoor,DCP,1434_2.png,16.284039087695533,0.8537063002586365,7.10799061230813,0.22131136044880786,,35.552499999994325
indoor,DCP,1434_3.png,16.372139298295487,0.8534598350524902,7.103734188372704,0.22110448807854138,,35.489200000029086
indoor,DCP,1434_4.png,16.626681230071416,0.8548291325569153,7.116021481888075,0.22179523141654978,,35.93769999997676
indoor,DCP,1434_5.png,16.782764517300407,0.8549606204032898,7.126334851932268,0.22169354838709676,,35.489700000198354
indoor,DCP,1434_6.png,16.93362266761078,0.8548733592033386,7.13905671919646,0.2212938288920056,,35.78460000017003
indoor,DCP,1434_7.png,17.035281002314942,0.8541634678840637,7.148292301383615,0.22078892005610098,,36.4875000000211
indoor,DCP,1434_8.png,17.17785906962588,0.8537113666534424,7.159797094247858,0.2210133239831697,,34.91789999998218
indoor,DCP,1434_9.png,17.31980676406224,0.8532925248146057,7.170615365549372,0.22092917251051894,,36.68130000005476
indoor,DCP,1435_1.png,18.200393884380123,0.8677939772605896,7.799112074350078,0.41801192145862553,,35.15510000033828
indoor,DCP,1435_10.png,18.866221180855966,0.8464348316192627,7.689430269888845,0.40559957924263673,,35.55789999973058
indoor,DCP,1435_2.png,18.321504009182576,0.8658035397529602,7.793554946387058,0.41642706872370266,,35.98650000003545
indoor,DCP,1435_3.png,18.44603841549264,0.8629899024963379,7.787037200282541,0.41711781206171106,,35.71929999998247
indoor,DCP,1435_4.png,18.44490972032474,0.8606150150299072,7.80484675256356,0.41321528751753156,,34.922399999686604
indoor,DCP,1435_5.png,18.543613471329742,0.858620822429657,7.780230515374065,0.41158485273492285,,35.57940000018789
indoor,DCP,1435_6.png,18.630687472537236,0.8562304377555847,7.7689489913145,0.4108450210378682,,35.85130000010395
indoor,DCP,1435_7.png,18.708874669955524,0.8540179133415222,7.756539191227642,0.4087272089761571,,35.11250000019572
indoor,DCP,1435_8.png,18.77540489557687,0.851481020450592,7.741685099757559,0.40720196353436183,,34.99969999984387
indoor,DCP,1435_9.png,18.82599512736499,0.8489903807640076,7.7236385319500895,0.40588008415147264,,36.190000000260625
indoor,DCP,1436_1.png,15.929527316842593,0.878890335559845,7.488249103521496,0.29775245441795234,,35.66030000001774
indoor,DCP,1436_10.png,17.363707241305985,0.8847763538360596,7.465580454982128,0.29542776998597475,,35.81720000011046
indoor,DCP,1436_2.png,16.07586244276454,0.8785720467567444,7.486411321246615,0.30203716690042076,,35.5466000000888
indoor,DCP,1436_3.png,16.252755841487193,0.8805822730064392,7.488898105529257,0.2963569424964937,,35.3717000002689
indoor,DCP,1436_4.png,16.320116510804056,0.8798751831054688,7.477932041348601,0.2993267882187938,,36.05889999971623
indoor,DCP,1436_5.png,16.585414283935684,0.8815470337867737,7.4843021474878695,0.30035413744740536,,36.78929999978209
indoor,DCP,1436_6.png,16.65666738182843,0.8817270398139954,7.478607824391472,0.2980504908835905,,35.44999999985521
indoor,DCP,1436_7.png,16.826915021477447,0.8823663592338562,7.476939669626769,0.29746143057503505,,35.47479999997449
indoor,DCP,1436_8.png,17.003875870510935,0.8834056258201599,7.474455517115522,0.29686535764375876,,35.556000000269705
indoor,DCP,1436_9.png,17.184249411002064,0.8839324116706848,7.471404573044814,0.29677068723702665,,35.61250000029759
indoor,DCP,1437_1.png,17.437683134832156,0.8608624339103699,6.94448228990697,0.36138849929873773,,36.24100000024555
indoor,DCP,1437_10.png,18.686659409199876,0.8390774726867676,7.041737768065431,0.35345722300140253,,36.27779999987979
indoor,DCP,1437_2.png,17.61139232364805,0.8605806231498718,6.951303154337841,0.36050490883590464,,35.588300000199524
indoor,DCP,1437_3.png,17.789064903330022,0.8595118522644043,6.961291469654914,0.3600911640953717,,36.22540000014851
indoor,DCP,1437_4.png,17.896571538835573,0.8562381863594055,6.99277442776901,0.3586150070126227,,35.60310000011668
indoor,DCP,1437_5.png,18.06043805275699,0.854237973690033,7.003022307861051,0.3582117812061711,,36.63009999991118
indoor,DCP,1437_6.png,18.21338112543385,0.8517947196960449,7.0124251139400195,0.35667601683029454,,35.47709999975268
indoor,DCP,1437_7.png,18.36430322338986,0.8490324020385742,7.019591302234354,0.35587307152875175,,35.63570000005711
indoor,DCP,1437_8.png,18.493729716669684,0.8461478352546692,7.03580094552279,0.35596774193548386,,35.70179999996981
indoor,DCP,1437_9.png,18.603258747928244,0.8426058888435364,7.032052299935088,0.3538218793828892,,35.74410000010175
indoor,DCP,1438_1.png,20.524084334374653,0.8586079478263855,6.851211863416422,0.33466690042075736,,35.61660000013944
indoor,DCP,1438_10.png,19.681883612421174,0.8188217282295227,6.851788515252133,0.3240883590462833,,36.00930000038716
indoor,DCP,1438_2.png,20.471749222505508,0.8530064225196838,6.8553428242449606,0.33359046283309957,,35.10869999990973
indoor,DCP,1438_3.png,20.4173337789701,0.8477070927619934,6.855108877369414,0.33198807854137447,,35.213199999816425
indoor,DCP,1438_4.png,20.355448219816815,0.8434769511222839,6.8168082159116015,0.32760869565217393,,36.216699999840785
indoor,DCP,1438_5.png,20.279541772708303,0.8390008807182312,6.82704672092116,0.3267461430575035,,35.67860000021028
indoor,DCP,1438_6.png,20.192431957837684,0.8348527550697327,6.839413223622501,0.32626227208976155,,36.104400000112946
indoor,DCP,1438_7.png,20.083206933461945,0.8304930329322815,6.849345911155681,0.32556451612903226,,36.065400000097725
indoor,DCP,1438_8.png,19.964134981480058,0.8261511921882629,6.851355667550814,0.32565217391304346,,35.39239999963684
indoor,DCP,1438_9.png,19.82793765692945,0.8222946524620056,6.850011349143269,0.3256206171107994,,35.5768999997963
indoor,DCP,1439_1.png,16.879695552793315,0.8835695385932922,7.616451988834881,0.5509396914446003,,35.85549999979776
indoor,DCP,1439_10.png,17.610649971897963,0.870305597782135,7.587682441564973,0.5334747545582048,,36.131400000158465
indoor,DCP,1439_2.png,16.971957414057925,0.8819636702537537,7.6101393815894145,0.5487237026647966,,35.895699999855424
indoor,DCP,1439_3.png,17.062134898886814,0.8804011344909668,7.604291509971774,0.5470056100981767,,35.03419999969992
indoor,DCP,1439_4.png,17.15253747033346,0.8789108395576477,7.601637905684621,0.545171809256662,,35.40549999979703
indoor,DCP,1439_5.png,17.2380047407991,0.8770992159843445,7.5976298709098975,0.5431206171107994,,35.738799999762705
indoor,DCP,1439_6.png,17.32470347811129,0.8755452036857605,7.594006903070722,0.5407959326788219,,35.324299999956565
indoor,DCP,1439_7.png,17.403237387732993,0.8740866780281067,7.591018910191785,0.5387727910238429,,36.21560000010504
indoor,DCP,1439_8.png,17.47892187181032,0.8726913332939148,7.5890595014139,0.5368408134642356,,35.71819999979198
indoor,DCP,1439_9.png,17.54759895933554,0.8715147972106934,7.5880852083863966,0.5351367461430575,,35.61760000002323
indoor,DCP,1440_1.png,17.188152844575843,0.8460847735404968,6.564249223427938,0.24669705469845724,,36.561299999902985
indoor,DCP,1440_10.png,21.523702100256074,0.8940679430961609,6.892263004136795,0.25471598877980367,,35.92099999968923
indoor,DCP,1440_2.png,17.596230792029285,0.8553031086921692,6.589201107602444,0.24602384291725105,,34.987399999863555
indoor,DCP,1440_3.png,18.040249682854913,0.8639905452728271,6.618310413890435,0.24593267882187939,,35.933399999976245
indoor,DCP,1440_4.png,18.5246530524516,0.8719778060913086,6.649142858669322,0.24663744740532959,,35.94909999992524
indoor,DCP,1440_5.png,18.88419538613959,0.8745222091674805,6.881922377719542,0.25073632538569424,,36.11360000013519
indoor,DCP,1440_6.png,19.44916337486208,0.881885826587677,6.783589430702655,0.25077840112201966,,34.859099999721366
indoor,DCP,1440_7.png,19.99712843130027,0.8869039416313171,6.813828474673351,0.2520476858345021,,35.18690000009883
indoor,DCP,1440_8.png,20.540539365936045,0.8903757929801941,6.827618451086945,0.2528155680224404,,35.25660000013886
indoor,DCP,1440_9.png,21.067145614653814,0.8926160335540771,6.858141982669603,0.25371669004207575,,36.61499999998341
indoor,DCP,1441_1.png,21.288762210701737,0.8773446679115295,7.04145494902317,0.28596072931276295,,35.13350000002902
indoor,DCP,1441_10.png,21.563608259091453,0.847940981388092,7.072785283228277,0.27867461430575036,,35.62449999981254
indoor,DCP,1441_2.png,21.37614316112931,0.8744723200798035,7.048635855733533,0.2846774193548387,,35.89620000002469
indoor,DCP,1441_3.png,21.450925539284107,0.8704841732978821,7.049421729623402,0.28440042075736327,,35.447499999918364
indoor,DCP,1441_4.png,21.51738418445516,0.8673297762870789,7.054550960679456,0.283320476858345,,35.607100000106584
indoor,DCP,1441_5.png,21.566869543004895,0.8640641570091248,7.058632829061698,0.2823842917251052,,35.10980000010022
indoor,DCP,1441_6.png,21.60294695794546,0.8608908653259277,7.062045202823066,0.28131136044880783,,35.386300000027404
indoor,DCP,1441_7.png,21.616840340707665,0.8575534820556641,7.065582481333696,0.2804733520336606,,35.88530000024548
indoor,DCP,1441_8.png,21.619569041801423,0.8543002009391785,7.067360757747165,0.2796072931276297,,35.36600000006729
indoor,DCP,1441_9.png,21.592854886120595,0.8509524464607239,7.071512234629099,0.2794460028050491,,35.34470000022338
indoor,DCP,1442_1.png,18.958489918360534,0.8864667415618896,7.166815953233079,0.31949158485273493,,35.88010000021313
indoor,DCP,1442_10.png,19.611954745883338,0.8319975733757019,7.396118257696999,0.3157047685834502,,36.64359999993394
indoor,DCP,1442_2.png,19.124072891650886,0.8813397288322449,7.1964620196187985,0.31866058906030853,,35.74679999974251
indoor,DCP,1442_3.png,19.313340316153894,0.8757550716400146,7.229007448945115,0.3177524544179523,,34.90540000029796
indoor,DCP,1442_4.png,19.33786772058579,0.869820773601532,7.261179627168613,0.3166935483870968,,35.24719999995796
indoor,DCP,1442_5.png,19.463998881357277,0.8642738461494446,7.288583047263535,0.3160729312762973,,36.485000000084256
indoor,DCP,1442_6.png,19.560214673519614,0.8579010367393494,7.315720027564457,0.3155680224403927,,35.5795999998918
indoor,DCP,1442_7.png,19.624797597993968,0.8514358401298523,7.340491518989673,0.3157468443197756,,35.69819999984247
indoor,DCP,1442_8.png,19.663142477266504,0.8449704051017761,7.360656323900721,0.31493688639551193,,35.47729999991134
indoor,DCP,1442_9.png,19.656945058261016,0.8384623527526855,7.379892773703603,0.31519635343618513,,36.04279999990467
indoor,DCP,1443_1.png,17.07030433639418,0.8487260937690735,7.318505263451485,0.3303085553997195,,37.07489999987956
indoor,DCP,1443_10.png,18.20769734973808,0.8376040458679199,7.410891048232345,0.3254593267882188,,48.789700000270386
indoor,DCP,1443_2.png,17.18110464690137,0.8475438952445984,7.319859017534319,0.3294179523141655,,35.31250000014552
indoor,DCP,1443_3.png,17.31134276864381,0.8468495011329651,7.32657075297131,0.32805750350631135,,36.18899999992209
indoor,DCP,1443_4.png,17.459613602893796,0.8459353446960449,7.334953256388209,0.32816619915848527,,36.11880000016754
indoor,DCP,1443_5.png,17.59390501557164,0.8446761965751648,7.343556820095177,0.3274754558204769,,36.14399999969464
indoor,DCP,1443_6.png,17.703023925152788,0.8429240584373474,7.351585397817767,0.32633941093969143,,35.90260000009948
indoor,DCP,1443_7.png,17.83080067102635,0.8421000838279724,7.365397819350554,0.32626577840112203,,35.73390000019572
indoor,DCP,1443_8.png,17.955332960591463,0.8394806981086731,7.3779655666835735,0.3258064516129032,,35.93989999990299
indoor,DCP,1443_9.png,18.026802749783684,0.8383851051330566,7.39176060346685,0.3254523141654979,,36.71699999995326
indoor,DCP,1444_1.png,24.33444964590157,0.8630688786506653,7.223800975457086,0.5003366058906031,,35.44750000037311
indoor,DCP,1444_10.png,21.617867610970443,0.765001118183136,7.336222623615794,0.482531556802244,,35.97749999971711
indoor,DCP,1444_2.png,24.209318824764317,0.8511545062065125,7.237947427443875,0.49784011220196356,,36.21479999992516
indoor,DCP,1444_3.png,24.020178070546663,0.8388697504997253,7.250753789074814,0.4957223001402525,,35.36789999998291
indoor,DCP,1444_4.png,23.79684461750689,0.8275753855705261,7.262563716861878,0.4932468443197756,,36.0542000003079
indoor,DCP,1444_5.png,23.531037896193343,0.8168655037879944,7.276117569076294,0.4910834502103787,,35.625099999833765
indoor,DCP,1444_6.png,23.215838733304764,0.8057866096496582,7.288181840887352,0.48884642356241237,,35.980300000119314
indoor,DCP,1444_7.png,22.855021452140743,0.7951500415802002,7.300215204978283,0.4868022440392707,,35.71060000012949
indoor,DCP,1444_8.png,22.47241516227527,0.7848914265632629,7.312934234043984,0.48556451612903223,,36.10359999993307
indoor,DCP,1444_9.png,22.058387306484818,0.7749514579772949,7.324703783589531,0.48408134642356243,,35.30110000019704
indoor,DCP,1445_1.png,22.34626483605297,0.9227175116539001,7.256558239007611,0.5745827489481066,,35.975300000245625
indoor,DCP,1445_10.png,21.719661126844883,0.8734495639801025,7.349723335983535,0.5496318373071529,,35.36600000006729
indoor,DCP,1445_2.png,22.385336373155823,0.9173395037651062,7.265573124975288,0.5715042075736325,,35.61570000010761
indoor,DCP,1445_3.png,22.4002547657226,0.9118571281433105,7.273557701599607,0.5675631136044881,,35.64550000010058
indoor,DCP,1445_4.png,22.388556554711954,0.9062891006469727,7.282993038464348,0.5649053295932679,,35.776500000338274
indoor,DCP,1445_5.png,22.352886593492357,0.9008312225341797,7.29393006668732,0.5623807854137447,,35.78549999974712
indoor,DCP,1445_6.png,22.284885077799004,0.8952071070671082,7.304148087258007,0.5584782608695652,,35.31249999969077
indoor,DCP,1445_7.png,22.18735985565104,0.8897326588630676,7.314545657642037,0.5567952314165497,,35.94890000022133
indoor,DCP,1445_8.png,22.059524639384044,0.883904755115509,7.323561905216936,0.5535974754558205,,35.896800000045914
indoor,DCP,1445_9.png,21.8971242194404,0.8786066174507141,7.335965450524648,0.5512377279102384,,35.859399999935704
indoor,DCP,1446_1.png,23.21546060854372,0.9257233738899231,7.49376130869526,0.6065603085553998,,35.408900000220456
indoor,DCP,1446_10.png,22.341635022438396,0.8727044463157654,7.541509636062874,0.5867461430575035,,35.80400000009831
indoor,DCP,1446_2.png,23.300023428126764,0.9205641150474548,7.496213903294459,0.6038814866760168,,35.66679999994449
indoor,DCP,1446_3.png,23.34779475333874,0.9153008460998535,7.497749603622797,0.6010869565217392,,35.503199999766366
indoor,DCP,1446_4.png,23.21464557139445,0.9082021117210388,7.518181477856089,0.5989130434782609,,35.49909999992451
indoor,DCP,1446_5.png,23.17222443167148,0.9023482203483582,7.521974477812433,0.5962938288920057,,36.210100000062084
indoor,DCP,1446_6.png,23.09182097594235,0.8963530659675598,7.525204544521493,0.5943338008415148,,35.74160000016491
indoor,DCP,1446_7.png,22.970237671553,0.8904237747192383,7.524891257461203,0.5926788218793829,,35.703400000329566
indoor,DCP,1446_8.png,22.799548313757846,0.8841354250907898,7.527878279876957,0.590305049088359,,35.33000000015818
indoor,DCP,1446_9.png,22.593253503007496,0.8785150051116943,7.534875912558229,0.5883765778401122,,34.87360000008266
indoor,DCP,1447_1.png,20.056291664860822,0.9148364067077637,7.321192696683985,0.4632117812061711,,35.95519999998942
indoor,DCP,1447_10.png,20.887366367790726,0.8695313930511475,7.461461834537556,0.4393618513323983,,35.469800000100804
indoor,DCP,1447_2.png,20.22533555569549,0.9103250503540039,7.338245854007475,0.46036816269284714,,35.48709999995481
indoor,DCP,1447_3.png,20.381715782663427,0.9057754874229431,7.3550405630649776,0.4573001402524544,,35.67800000018906
indoor,DCP,1447_4.png,20.52307339940267,0.9005916118621826,7.370880048920214,0.4535659186535764,,35.59439999980896
indoor,DCP,1447_5.png,20.64979628377703,0.8958736062049866,7.386678087144425,0.45133239831697053,,36.81299999971088
indoor,DCP,1447_6.png,20.75245362609316,0.890693724155426,7.401227671198753,0.4483976157082749,,35.46509999978298
indoor,DCP,1447_7.png,20.830689530884626,0.885426938533783,7.4130799046749525,0.44572230014025244,,35.34700000000157
indoor,DCP,1447_8.png,20.88701800648235,0.8797248005867004,7.427815044070515,0.4431276297335203,,35.25690000014947
indoor,DCP,1447_9.png,20.90002984027699,0.8744983673095703,7.445082704835102,0.4414165497896213,,35.696699999789416
indoor,DCP,1448_1.png,21.66269662449844,0.9247241020202637,7.286247074440299,0.41667601683029454,,35.21080000018628
indoor,DCP,1448_10.png,22.13134708290804,0.8923138976097107,7.447914119354442,0.4042286115007013,,35.09580000036294
indoor,DCP,1448_2.png,21.83103525244835,0.922004759311676,7.297384053138578,0.41436185133239833,,35.862400000041816
indoor,DCP,1448_3.png,21.98060193860721,0.9191797375679016,7.306953758341646,0.4119179523141655,,35.851000000093336
indoor,DCP,1448_4.png,22.103849738211082,0.9157360196113586,7.321105518896199,0.41085904628330994,,35.31199999997625
indoor,DCP,1448_5.png,22.216346749161147,0.9128325581550598,7.337047377254772,0.40891654978962133,,37.34519999989061
indoor,DCP,1448_6.png,22.157298993909006,0.9079625010490417,7.40418482521807,0.4079593267882188,,35.593900000094436
indoor,DCP,1448_7.png,22.207248835918808,0.9039275050163269,7.4034458585382845,0.40725105189340816,,35.55809999988924
indoor,DCP,1448_8.png,22.211357836355823,0.899867832660675,7.413952862780429,0.40582047685834505,,35.91869999991104
indoor,DCP,1448_9.png,22.191004824877133,0.8958670496940613,7.433032684316037,0.4055610098176718,,35.25050000007468
indoor,DCP,1449_1.png,23.097409955356177,0.9323233962059021,7.498892257679133,0.5281276297335203,,35.83040000012261
indoor,DCP,1449_10.png,23.288381248175373,0.8947071433067322,7.594454061445231,0.5015287517531557,,35.48110000019733
indoor,DCP,1449_2.png,23.27128390763967,0.9286010265350342,7.509152601800965,0.5245476858345021,,35.842499999944266
indoor,DCP,1449_3.png,23.364520200370645,0.9252495169639587,7.523938418406005,0.5213429172510519,,36.12759999987247
indoor,DCP,1449_4.png,23.40778544277894,0.9203181862831116,7.550866631181711,0.5185133239831697,,35.71880000026795
indoor,DCP,1449_5.png,23.496709214092824,0.9162983894348145,7.55885608228893,0.5147335203366059,,35.5411999998978
indoor,DCP,1449_6.png,23.5479973211706,0.9121944308280945,7.567566288201071,0.5117706872370267,,35.96320000042397
indoor,DCP,1449_7.png,23.554140580741453,0.9078724980354309,7.574563802060235,0.509242636746143,,35.44999999985521
indoor,DCP,1449_8.png,23.519032529272835,0.9035421013832092,7.576105812134272,0.5061360448807855,,35.28470000037487
indoor,DCP,1449_9.png,23.434737006068403,0.8991593718528748,7.585522629742792,0.5040603085553997,,35.723699999834935
indoor,CLAHE,1400_1.png,16.693052707705625,0.7842128276824951,7.712382266915058,0.6832433380084152,,106.88680000021122
indoor,CLAHE,1400_10.png,11.581169553362592,0.7182790637016296,7.428115671570258,0.5614936886395512,,5.2834000002803805
indoor,CLAHE,1400_2.png,15.970366321207344,0.7771382331848145,7.680207105018719,0.6690673211781206,,4.749400000036985
indoor,CLAHE,1400_3.png,15.25407926590219,0.7700102925300598,7.652411559247537,0.6547545582047686,,5.625100000088423
indoor,CLAHE,1400_4.png,14.602176157525598,0.7629268765449524,7.62008852340813,0.6406276297335204,,5.156000000170025
indoor,CLAHE,1400_5.png,14.037324187498507,0.7556307911872864,7.588317695616045,0.6276998597475456,,5.346500000086962
indoor,CLAHE,1400_6.png,13.507062705104122,0.7490814328193665,7.559137089959566,0.6142145862552595,,4.958999999871594
indoor,CLAHE,1400_7.png,12.9583776122914,0.741313636302948,7.526773286672522,0.600655680224404,,5.474500000218541
indoor,CLAHE,1400_8.png,12.465962392428619,0.7335898876190186,7.494218700812254,0.58859396914446,,5.284100000153558
indoor,CLAHE,1400_9.png,12.029430760316806,0.7261986136436462,7.462578525833152,0.5757924263674614,,5.326599999989412
indoor,CLAHE,1401_1.png,18.09599802055766,0.759772539138794,7.6706761230174285,0.640788920056101,,5.453299999771843
indoor,CLAHE,1401_10.png,13.254138589257838,0.7108950018882751,7.518388312009308,0.5626928471248247,,5.124800000430696
indoor,CLAHE,1401_2.png,17.475630992994592,0.7543926239013672,7.656309952691048,0.6323211781206171,,5.148199999894132
indoor,CLAHE,1401_3.png,16.851575036775174,0.7491474151611328,7.642471850160255,0.6234431977559607,,5.486000000018976
indoor,CLAHE,1401_4.png,16.305370067955316,0.744532585144043,7.626392191497791,0.6146283309957924,,5.061299999852054
indoor,CLAHE,1401_5.png,15.675527668930727,0.7387368083000183,7.610793508498719,0.6048842917251052,,5.049100000178441
indoor,CLAHE,1401_6.png,15.15498095822676,0.7332399487495422,7.590050929290537,0.5970161290322581,,5.3492000001824636
indoor,CLAHE,1401_7.png,14.628677029909982,0.7273788452148438,7.571260772523582,0.5895021037868162,,5.648599999858561
indoor,CLAHE,1401_8.png,14.157590529325487,0.7224836349487305,7.553860213265714,0.5794460028050491,,5.0639000000956
indoor,CLAHE,1401_9.png,13.679299771589111,0.7163384556770325,7.5370490192233195,0.5718583450210378,,5.096999999750551
indoor,CLAHE,1402_1.png,14.570173353092105,0.6463019251823425,7.300508100425739,0.5758976157082749,,5.04880000016783
indoor,CLAHE,1402_10.png,10.666047636115582,0.5757713317871094,7.322807284846164,0.4803155680224404,,5.424199999652046
indoor,CLAHE,1402_2.png,13.99554140956097,0.637273907661438,7.310833714288712,0.5633590462833099,,5.054000000200176
indoor,CLAHE,1402_3.png,13.466495287186364,0.6282166838645935,7.309423678764777,0.5526753155680224,,4.784600000220962
indoor,CLAHE,1402_4.png,12.985302595739443,0.6199101805686951,7.303832552182765,0.5413604488078542,,5.418399999598478
indoor,CLAHE,1402_5.png,12.54575122893124,0.6122434735298157,7.303680407592991,0.5295827489481066,,4.970599999978731
indoor,CLAHE,1402_6.png,12.1219291497557,0.6045230031013489,7.301345755445439,0.519789621318373,,5.081499999960215
indoor,CLAHE,1402_7.png,11.724273014969773,0.5972332954406738,7.304239501472971,0.5089866760168303,,5.158500000106869
indoor,CLAHE,1402_8.png,11.340537706954855,0.5896562337875366,7.313546361083352,0.4998913043478261,,4.977799999778654
indoor,CLAHE,1402_9.png,11.001579412093145,0.5828205943107605,7.3202830392338685,0.49069074333800844,,5.302500000198052
indoor,CLAHE,1403_1.png,13.23557807421215,0.6145378351211548,7.329062834473532,0.6881416549789622,,4.814599999917846
indoor,CLAHE,1403_10.png,8.552766706921576,0.5296506285667419,7.070954381846595,0.5286921458625526,,5.283999999846856
indoor,CLAHE,1403_2.png,12.521372258582122,0.6042170524597168,7.3049324278350385,0.670725806451613,,5.090999999993073
indoor,CLAHE,1403_3.png,11.89088712466819,0.5947497487068176,7.275141844375279,0.6539340813464236,,5.051599999660539
indoor,CLAHE,1403_4.png,11.289481286190908,0.5848528146743774,7.24464789405952,0.6368373071528751,,5.058799999915209
indoor,CLAHE,1403_5.png,10.708635218511679,0.5745139122009277,7.216267461065355,0.6206451612903225,,5.3195999998933985
indoor,CLAHE,1403_6.png,10.235331351132738,0.5664486885070801,7.1905930179512065,0.5995757363253857,,5.081300000256306
indoor,CLAHE,1403_7.png,9.782866453125855,0.5572548508644104,7.158804299102247,0.5842356241234221,,5.070500000329048
indoor,CLAHE,1403_8.png,9.352508922054291,0.5480894446372986,7.132502799562581,0.5667776998597476,,5.113199999868812
indoor,CLAHE,1403_9.png,8.938574394442988,0.5389502644538879,7.096456533155933,0.546507713884993,,5.4778000003352645
indoor,CLAHE,1404_1.png,17.04142705082439,0.8248007893562317,7.176273113194635,0.5732398316970547,,5.015999999613996
indoor,CLAHE,1404_10.png,12.217205860676582,0.7483381628990173,6.9720172001489376,0.47465287517531557,,4.904699999769946
indoor,CLAHE,1404_2.png,16.38868652870225,0.8168259263038635,7.150628233825991,0.5619109396914446,,5.393999999796506
indoor,CLAHE,1404_3.png,15.71846245829796,0.8082749247550964,7.129013310888238,0.5506767180925666,,5.421500000011292
indoor,CLAHE,1404_4.png,15.111124088634105,0.7997682690620422,7.1093409292665,0.5406206171107995,,5.027199999858567
indoor,CLAHE,1404_5.png,14.508950008048256,0.7910982966423035,7.131427288865327,0.5284151472650771,,5.198500000005879
indoor,CLAHE,1404_6.png,13.945593028078648,0.7816514372825623,7.11757605540605,0.5200841514726507,,5.323899999893911
indoor,CLAHE,1404_7.png,13.491365734382816,0.7740405201911926,7.073959402242556,0.5073772791023843,,5.125399999997171
indoor,CLAHE,1404_8.png,13.042148083476047,0.7655004858970642,7.024078369989538,0.4982398316970547,,5.029900000408816
indoor,CLAHE,1404_9.png,12.629015056110322,0.7573606371879578,6.991677782756345,0.48621669004207574,,5.3351999999904365
indoor,CLAHE,1405_1.png,16.9151014251505,0.833251953125,7.497998712609616,0.563937587657784,,5.178900000373687
indoor,CLAHE,1405_10.png,12.036335371262343,0.7626609802246094,7.17017280670507,0.4567671809256662,,5.402199999934965
indoor,CLAHE,1405_2.png,16.252960661178836,0.8271253705024719,7.480701626930701,0.5536255259467041,,4.963100000168197
indoor,CLAHE,1405_3.png,15.569352744577031,0.8197911381721497,7.459547299126054,0.5429488078541375,,5.1938999999947555
indoor,CLAHE,1405_4.png,14.97766469236293,0.8130690455436707,7.43991726880806,0.5286570827489481,,4.992399999991903
indoor,CLAHE,1405_5.png,14.374826298565068,0.805075466632843,7.417950621074673,0.5187166900420758,,5.371400000058202
indoor,CLAHE,1405_6.png,13.889584860239415,0.7979415059089661,7.271276803349978,0.505820476858345,,4.861599999912869
indoor,CLAHE,1405_7.png,13.357518956505563,0.7893943786621094,7.25048708401376,0.4939270687237027,,5.501000000094791
indoor,CLAHE,1405_8.png,12.869485286258808,0.7802987098693848,7.226382457078693,0.482258064516129,,4.946600000039325
indoor,CLAHE,1405_9.png,12.440244096839766,0.7715478539466858,7.197371699751538,0.4694880785413745,,5.353300000024319
indoor,CLAHE,1406_1.png,17.939009670781346,0.8329322338104248,7.479994507632278,0.5909116409537167,,4.8864999998841085
indoor,CLAHE,1406_10.png,13.27110181318174,0.7650783061981201,7.406002734991016,0.5163709677419355,,5.438599999706639
indoor,CLAHE,1406_2.png,17.354077502586183,0.8263056874275208,7.4752285656566855,0.5825841514726507,,5.075999999917258
indoor,CLAHE,1406_3.png,16.706816515120686,0.8186573386192322,7.4692035626323845,0.5755855539971949,,5.360600000130944
indoor,CLAHE,1406_4.png,16.181022968741793,0.8121034502983093,7.457331678001247,0.5652279102384292,,4.772299999785901
indoor,CLAHE,1406_5.png,15.620272184503897,0.8043620586395264,7.4481284898523334,0.5582678821879383,,5.2301999999144755
indoor,CLAHE,1406_6.png,15.094861943320515,0.7966182827949524,7.435999947067134,0.5501612903225807,,4.8104000002240355
indoor,CLAHE,1406_7.png,14.597085185062044,0.788861095905304,7.424009502646857,0.5403997194950911,,5.208299999594601
indoor,CLAHE,1406_8.png,14.10874818204145,0.7807373404502869,7.410712243917183,0.5334467040673212,,5.383900000197173
indoor,CLAHE,1406_9.png,13.696551407454592,0.7730066180229187,7.399112077579399,0.5251893408134642,,5.044600000019273
indoor,CLAHE,1407_1.png,17.747502035770196,0.8665337562561035,7.693433452085631,0.6706241234221599,,4.97079999968264
indoor,CLAHE,1407_10.png,13.488368997672644,0.8338420987129211,7.431308417186705,0.5828541374474053,,4.9022000002878485
indoor,CLAHE,1407_2.png,17.167833118830433,0.8641142249107361,7.667007192024879,0.6598948106591865,,4.786399999829882
indoor,CLAHE,1407_3.png,16.654276134861718,0.8617338538169861,7.639535065825544,0.6506626928471249,,5.096100000173465
indoor,CLAHE,1407_4.png,16.100126109226697,0.8585003018379211,7.610778839636614,0.6404032258064516,,4.882300000190298
indoor,CLAHE,1407_5.png,15.61945538718751,0.8554847836494446,7.583431231271888,0.630343618513324,,5.043799999839393
indoor,CLAHE,1407_6.png,15.15747618833597,0.8517908453941345,7.55471980623413,0.6211150070126227,,4.946900000049936
indoor,CLAHE,1407_7.png,14.661120492575051,0.847243070602417,7.521034281893092,0.6109326788218794,,4.88550000000032
indoor,CLAHE,1407_8.png,14.2965180726607,0.8435745239257812,7.494185730969599,0.6031521739130434,,4.973699999936798
indoor,CLAHE,1407_9.png,13.903356929173796,0.8391273021697998,7.465322393927042,0.5915217391304348,,4.825399999845104
indoor,CLAHE,1408_1.png,17.704165227786046,0.8621876239776611,7.762836965933962,0.7460589060308556,,4.918199999792705
indoor,CLAHE,1408_10.png,13.941421621487834,0.8399483561515808,7.586553665042984,0.6586465638148667,,5.213999999796215
indoor,CLAHE,1408_2.png,17.27273232553673,0.862288773059845,7.746127196068718,0.7367531556802244,,4.779700000199227
indoor,CLAHE,1408_3.png,16.779588374862062,0.8612861633300781,7.7268718201812305,0.7277489481065919,,5.149400000391324
indoor,CLAHE,1408_4.png,16.355688753944793,0.8598319888114929,7.7091417125662645,0.7180680224403927,,4.950900000039837
indoor,CLAHE,1408_5.png,15.90759884945455,0.857950747013092,7.690981627172137,0.709312762973352,,4.939100000228791
indoor,CLAHE,1408_6.png,15.486816096635799,0.8555984497070312,7.672824364811297,0.6983134642356241,,5.296899999848392
indoor,CLAHE,1408_7.png,15.087320323912103,0.8528009057044983,7.652578050674031,0.6882994389901823,,5.019400000037422
indoor,CLAHE,1408_8.png,14.682555023235997,0.8493804931640625,7.6312428534038945,0.6777489481065919,,4.698900000221329
indoor,CLAHE,1408_9.png,14.307540713220162,0.845008134841919,7.608699961585585,0.6690918653576438,,5.28600000006918
indoor,CLAHE,1409_1.png,18.10948250131324,0.8662112355232239,7.772423344360202,0.6565918653576438,,4.7677000002295244
indoor,CLAHE,1409_10.png,14.078978332854895,0.8186798691749573,7.563131863458326,0.5548001402524544,,5.217700000230252
indoor,CLAHE,1409_2.png,17.59519402645554,0.8628399968147278,7.7502427883095235,0.6444740532959327,,4.730300000119314
indoor,CLAHE,1409_3.png,17.126011852679827,0.8597500920295715,7.735818758782949,0.6320582047685834,,5.0409999998919375
indoor,CLAHE,1409_4.png,16.599434628016102,0.8554331660270691,7.710378179803867,0.6195091164095372,,4.764399999658053
indoor,CLAHE,1409_5.png,16.12201647910625,0.850412130355835,7.691400694018619,0.6093443197755961,,5.271099999845319
indoor,CLAHE,1409_6.png,15.651072415721284,0.8447513580322266,7.669442972587771,0.6004277699859748,,4.821600000013859
indoor,CLAHE,1409_7.png,15.259944733637283,0.8394003510475159,7.647229576096428,0.5884081346423562,,5.159000000276137
indoor,CLAHE,1409_8.png,14.861664808123471,0.8335123062133789,7.618294816533892,0.5764866760168303,,4.853400000229158
indoor,CLAHE,1409_9.png,14.462603287630046,0.8263521194458008,7.592196129707903,0.5647370266479663,,4.849899999953777
indoor,CLAHE,1410_1.png,16.31929737855811,0.8393647074699402,7.51362343393821,0.5928015427769986,,4.775800000061281
indoor,CLAHE,1410_10.png,12.263896458937175,0.8074434399604797,7.333677064736015,0.49906381486676016,,5.333500000233471
indoor,CLAHE,1410_2.png,15.74582061130484,0.8365216255187988,7.487895849180331,0.5828786816269285,,4.716500000085944
indoor,CLAHE,1410_3.png,15.300051717523608,0.835200309753418,7.465399682915975,0.5719214586255259,,5.3726999999526015
indoor,CLAHE,1410_4.png,14.7443076497252,0.8315021395683289,7.444940779027141,0.5630785413744741,,4.742199999782315
indoor,CLAHE,1410_5.png,14.271328307116352,0.8282497525215149,7.426020249433806,0.5508450210378681,,4.911900000024616
indoor,CLAHE,1410_6.png,13.801840878028093,0.8242855668067932,7.403846853223161,0.5394950911640953,,5.037200000060693
indoor,CLAHE,1410_7.png,13.387269952165965,0.8205804824829102,7.388479996789054,0.5307223001402525,,4.722700000002078
indoor,CLAHE,1410_8.png,13.02384814693832,0.8168854117393494,7.369591471010035,0.5202524544179523,,4.827499999919382
indoor,CLAHE,1410_9.png,12.658078514072336,0.8130049705505371,7.350743035049603,0.5103821879382889,,5.073600000287115
indoor,CLAHE,1411_1.png,14.405136134834823,0.7680643200874329,6.714263030413835,0.37791374474053296,,5.182899999908841
indoor,CLAHE,1411_10.png,9.462049796167623,0.6888371109962463,6.024986206730452,0.27099579242636745,,4.773399999976391
indoor,CLAHE,1411_2.png,13.612904100305915,0.7589378952980042,6.6650223129077775,0.3628856942496494,,4.960600000231352
indoor,CLAHE,1411_3.png,12.929798966447253,0.7501819729804993,6.674714661562819,0.3515813464235624,,5.1275999999234045
indoor,CLAHE,1411_4.png,12.256679015833809,0.7408677935600281,6.508604838860347,0.3375631136044881,,4.927100000259088
indoor,CLAHE,1411_5.png,11.673972208285914,0.7322739958763123,6.276194345907516,0.3260343618513324,,5.274900000131311
indoor,CLAHE,1411_6.png,11.118009068402886,0.7231056690216064,6.211139594865749,0.3142776998597476,,4.82030000011946
indoor,CLAHE,1411_7.png,10.64947576821954,0.7145562171936035,6.178249210881661,0.30248246844319776,,4.829699999845616
indoor,CLAHE,1411_8.png,10.214705305266904,0.705653965473175,6.129376578201783,0.2922685834502104,,4.868699999860837
indoor,CLAHE,1411_9.png,9.830951484604478,0.6975519061088562,6.079855318940083,0.28241234221598877,,5.2562000000762055
indoor,CLAHE,1412_1.png,15.878809661304176,0.7993798851966858,7.6339450904788615,0.513008415147265,,5.021300000407791
indoor,CLAHE,1412_10.png,11.655093358501105,0.7408916354179382,7.399458404129,0.4340357643758766,,5.0579000003381225
indoor,CLAHE,1412_2.png,15.256389451772733,0.7926292419433594,7.607418379487077,0.5033520336605891,,4.695599999649858
indoor,CLAHE,1412_3.png,14.74362570473496,0.787009060382843,7.583756691880832,0.4936570827489481,,5.128899999817804
indoor,CLAHE,1412_4.png,14.22190921232248,0.7800989151000977,7.554703286385285,0.48612552594670405,,4.9579999999878055
indoor,CLAHE,1412_5.png,13.729844346672097,0.7739608287811279,7.530100271967028,0.4778856942496494,,5.224799999723473
indoor,CLAHE,1412_6.png,13.274010188025429,0.7678365707397461,7.513149302872889,0.47029102384291727,,4.923899999994319
indoor,CLAHE,1412_7.png,12.856500529888056,0.7614609599113464,7.480689152753625,0.4605084151472651,,5.312700000104087
indoor,CLAHE,1412_8.png,12.448354543748723,0.755109965801239,7.458658484735521,0.4534747545582048,,4.896100000223669
indoor,CLAHE,1412_9.png,12.03518625734937,0.7478457093238831,7.4294477945093504,0.4440848527349229,,4.861100000198348
indoor,CLAHE,1413_1.png,12.94171960981827,0.7807114720344543,7.406187355803855,0.5181872370266479,,5.1225000001977605
indoor,CLAHE,1413_10.png,8.25965291847515,0.6771953105926514,6.833632974824865,0.3966164095371669,,4.907500000172149
indoor,CLAHE,1413_2.png,12.2288062818315,0.7716524600982666,7.351551110754992,0.5027208976157083,,4.905199999939214
indoor,CLAHE,1413_3.png,11.54878689421797,0.7617092132568359,7.292328237433407,0.4899859747545582,,4.894100000001345
indoor,CLAHE,1413_4.png,10.898487813494546,0.7499273419380188,7.226308051178356,0.47635343618513326,,4.550199999812321
indoor,CLAHE,1413_5.png,10.389788254387645,0.7402911186218262,7.159241781288994,0.46376577840112204,,4.921899999771995
indoor,CLAHE,1413_6.png,9.884222674785375,0.7287487387657166,7.103653190096495,0.45049789621318376,,4.770300000018324
indoor,CLAHE,1413_7.png,9.402501779390755,0.7166255116462708,7.043143614406338,0.437570126227209,,5.464100000153849
indoor,CLAHE,1413_8.png,8.98599101685818,0.7038664817810059,6.978357561685452,0.4250280504908836,,4.914799999824027
indoor,CLAHE,1413_9.png,8.630237525466356,0.6917099952697754,6.915923544824536,0.4106451612903226,,5.083900000045105
indoor,CLAHE,1414_1.png,14.715775590996913,0.792690098285675,7.445569677524606,0.5240217391304348,,4.897400000118068
indoor,CLAHE,1414_10.png,9.88934591372291,0.7245942950248718,6.9560108800948175,0.43916900420757365,,5.119899999954214
indoor,CLAHE,1414_2.png,13.948594251786515,0.787405252456665,7.397426056404068,0.5160834502103787,,4.851199999848177
indoor,CLAHE,1414_3.png,13.299916662144515,0.7831704020500183,7.370875484331902,0.5070021037868163,,5.2430000000640575
indoor,CLAHE,1414_4.png,12.692883794750573,0.7776841521263123,7.319164920813582,0.4972545582047686,,4.673500000080821
indoor,CLAHE,1414_5.png,12.114774602326232,0.7710224986076355,7.268306009445925,0.4875841514726508,,5.229399999734596
indoor,CLAHE,1414_6.png,11.616359520352814,0.7642983794212341,7.2204378735266825,0.4783450210378682,,4.834200000004785
indoor,CLAHE,1414_7.png,11.114935067805325,0.7552990913391113,7.149737915584881,0.4698071528751753,,5.084800000076939
indoor,CLAHE,1414_8.png,10.651910501564174,0.7458234429359436,7.084875204485031,0.460241935483871,,4.827599999771337
indoor,CLAHE,1414_9.png,10.261551413813221,0.7357147336006165,7.017884250943933,0.4495617110799439,,5.118300000049203
indoor,CLAHE,1415_1.png,14.752131317835351,0.8022257685661316,7.48189926092765,0.41348877980364657,,4.935500000101456
indoor,CLAHE,1415_10.png,10.473892934148905,0.7203055024147034,7.28043799596406,0.3174228611500701,,5.244399999810412
indoor,CLAHE,1415_2.png,14.115013385435862,0.7938032746315002,7.463524560920633,0.40136746143057506,,4.953600000135339
indoor,CLAHE,1415_3.png,13.48586303143109,0.7842070460319519,7.441305963192936,0.38894109396914445,,4.99809999973877
indoor,CLAHE,1415_4.png,12.948507173760614,0.7752764821052551,7.417925262868428,0.3780539971949509,,5.3444000000126834
indoor,CLAHE,1415_5.png,12.4704203692371,0.7665061950683594,7.3951915263585795,0.36766129032258066,,5.094799999824318
indoor,CLAHE,1415_6.png,11.971991100209461,0.7563263773918152,7.363400312097653,0.3565532959326788,,4.8517999998693995
indoor,CLAHE,1415_7.png,11.582910977663857,0.7478389739990234,7.3438145623834625,0.34779102384291727,,4.751100000248698
indoor,CLAHE,1415_8.png,11.202868717579747,0.7388266921043396,7.317812003593888,0.33696353436185134,,4.688700000315293
indoor,CLAHE,1415_9.png,10.831202084404781,0.7295740246772766,7.299760156513493,0.3275596072931276,,5.392999999912718
indoor,CLAHE,1416_1.png,18.832904180633932,0.8874369263648987,7.500902407145252,0.5178085553997195,,5.008900000120775
indoor,CLAHE,1416_10.png,14.932633528147758,0.8661466240882874,7.2893622619689795,0.461132538569425,,5.854600000020582
indoor,CLAHE,1416_2.png,18.432017479468612,0.8859955668449402,7.476449393509927,0.5120722300140252,,4.6870000001035805
indoor,CLAHE,1416_3.png,17.82013499803527,0.8831111788749695,7.454932154118785,0.5066164095371669,,5.423699999937526
indoor,CLAHE,1416_4.png,17.355229118132396,0.8806338310241699,7.432023254402691,0.5014481065918653,,4.905700000108482
indoor,CLAHE,1416_5.png,16.944166804977392,0.8791692852973938,7.406323634474693,0.49462131837307155,,5.082900000161317
indoor,CLAHE,1416_6.png,16.480804104714373,0.8768103718757629,7.386885852322849,0.4866970546984572,,5.033399999774701
indoor,CLAHE,1416_7.png,16.00254650074737,0.8738061785697937,7.3559760117186785,0.481609396914446,,5.155800000011368
indoor,CLAHE,1416_8.png,15.618599776546287,0.870887279510498,7.333129296829303,0.47554347826086957,,5.049899999903573
indoor,CLAHE,1416_9.png,15.285494086027938,0.868320643901825,7.31182336382165,0.46856241234221596,,5.096200000025419
indoor,CLAHE,1417_1.png,16.913949815141798,0.8469987511634827,7.7122308251924165,0.6750876577840113,,5.012299999634706
indoor,CLAHE,1417_10.png,12.433991818291288,0.7727541327476501,7.420950020763188,0.5488323983169705,,5.023299999720621
indoor,CLAHE,1417_2.png,16.40059009859408,0.8432812094688416,7.68764142310534,0.6590322580645162,,5.260599999928672
indoor,CLAHE,1417_3.png,15.865903396743477,0.8383848667144775,7.654762959737074,0.644484572230014,,5.012999999962631
indoor,CLAHE,1417_4.png,15.302478068947682,0.8316846489906311,7.62138816037222,0.6294319775596073,,4.80920000018159
indoor,CLAHE,1417_5.png,14.802554805495562,0.8253955245018005,7.593425148115971,0.615515427769986,,4.94299999991199
indoor,CLAHE,1417_6.png,14.289873903684036,0.816704273223877,7.562113310860654,0.6012833099579242,,4.9073000000134925
indoor,CLAHE,1417_7.png,13.798883356686034,0.8072493076324463,7.528290035547139,0.5892391304347826,,5.0421999999343825
indoor,CLAHE,1417_8.png,13.298270883930813,0.796382486820221,7.494679254778705,0.5744074333800842,,5.123799999637413
indoor,CLAHE,1417_9.png,12.8717596990757,0.78546541929245,7.4559863003443745,0.5629628330995793,,5.355799999961164
indoor,CLAHE,1418_1.png,17.244817990242048,0.821427583694458,7.839836574916109,0.7494740532959326,,4.8449999999320426
indoor,CLAHE,1418_10.png,13.217289485584349,0.7718586325645447,7.6688756007073815,0.6378085553997195,,5.174100000203907
indoor,CLAHE,1418_2.png,16.77867096927647,0.8177545666694641,7.823530402872994,0.738664095371669,,4.756300000281044
indoor,CLAHE,1418_3.png,16.39890587878249,0.8154013752937317,7.806526074100066,0.725413744740533,,5.243799999789189
indoor,CLAHE,1418_4.png,15.931506624685014,0.8110030293464661,7.79088875143098,0.713422159887798,,4.752599999847007
indoor,CLAHE,1418_5.png,15.468652221495159,0.8061651587486267,7.7744246220552995,0.7015918653576437,,5.310800000188465
indoor,CLAHE,1418_6.png,14.948623920345682,0.799767255783081,7.755728831244903,0.6867321178120617,,4.82010000041555
indoor,CLAHE,1418_7.png,14.515354274838915,0.7941811084747314,7.737244794842464,0.6746704067321179,,4.979599999842321
indoor,CLAHE,1418_8.png,14.077308928125987,0.787528932094574,7.716481284560001,0.6631767180925666,,4.872200000136218
indoor,CLAHE,1418_9.png,13.650370254226198,0.7800276875495911,7.6936032851827765,0.6506311360448808,,5.1885000002585
indoor,CLAHE,1419_1.png,17.55567735763091,0.8368321061134338,7.851355124249617,0.8020056100981767,,4.631300000255578
indoor,CLAHE,1419_10.png,13.456808242433457,0.7851588129997253,7.701719277458648,0.7052699859747545,,5.065300000296702
indoor,CLAHE,1419_2.png,17.13951388592648,0.8341047763824463,7.835533332905708,0.7918338008415148,,4.867699999977049
indoor,CLAHE,1419_3.png,16.725485145772364,0.8308784365653992,7.822588562335217,0.7811956521739131,,4.8866000001908105
indoor,CLAHE,1419_4.png,16.24109699984454,0.8261840343475342,7.8074134691914665,0.7709607293127629,,4.913499999929627
indoor,CLAHE,1419_5.png,15.720805713824342,0.820872962474823,7.791444682564287,0.7598457223001402,,4.823700000088138
indoor,CLAHE,1419_6.png,15.242447925398498,0.8145152926445007,7.774930927936521,0.7493162692847125,,5.937200000062148
indoor,CLAHE,1419_7.png,14.765068249787753,0.808190107345581,7.759640494248884,0.738835904628331,,5.235200000242912
indoor,CLAHE,1419_8.png,14.348938411065744,0.8018191456794739,7.739478271202232,0.7275631136044881,,4.679800000303658
indoor,CLAHE,1419_9.png,13.918911555668767,0.7942662239074707,7.724253890398143,0.7165673211781206,,5.174599999918428
indoor,CLAHE,1420_1.png,14.566658705894788,0.7960239052772522,7.679247427714197,0.6557082748948106,,4.9113000000033935
indoor,CLAHE,1420_10.png,9.580153809243154,0.6923208236694336,7.225490408115785,0.49416199158485274,,5.353800000193587
indoor,CLAHE,1420_2.png,13.859225243499937,0.7873926758766174,7.639648706970665,0.6365147265077139,,4.787599999872327
indoor,CLAHE,1420_3.png,13.231824895648224,0.778249979019165,7.598683215171427,0.6155399719495092,,5.303699999785749
indoor,CLAHE,1420_4.png,12.600287530208618,0.7682439684867859,7.5527422637633235,0.5974894810659187,,4.811100000097213
indoor,CLAHE,1420_5.png,12.038881556567045,0.757793128490448,7.5034755195878935,0.5799123422159888,,4.880899999989197
indoor,CLAHE,1420_6.png,11.464736919548198,0.7458844184875488,7.456269398582298,0.5635448807854138,,5.2786000001106
indoor,CLAHE,1420_7.png,10.935037659899384,0.7332841753959656,7.401460485600085,0.5440953716690042,,4.802899999958754
indoor,CLAHE,1420_8.png,10.422674135979202,0.7200396060943604,7.338019705154204,0.5260694249649369,,5.13649999993504
indoor,CLAHE,1420_9.png,10.007990691689375,0.7067592740058899,7.288654578058371,0.5105294530154277,,5.062100000031933
indoor,CLAHE,1421_1.png,16.15479480661623,0.7733760476112366,7.603796253918484,0.7485834502103786,,4.973799999788753
indoor,CLAHE,1421_10.png,12.209877952795514,0.7264490723609924,7.421773765186717,0.6410729312762974,,5.111400000259891
indoor,CLAHE,1421_2.png,15.695684758343527,0.7699134945869446,7.584967998575128,0.7369705469845722,,5.021499999656953
indoor,CLAHE,1421_3.png,15.16111714587663,0.7646222114562988,7.565520679163025,0.726304347826087,,5.0708999997368664
indoor,CLAHE,1421_4.png,14.713151863494103,0.7601103782653809,7.547233496331573,0.7154032258064517,,4.925300000195421
indoor,CLAHE,1421_5.png,14.245281244129215,0.7549596428871155,7.529599507177055,0.7033625525946704,,5.695399999694928
indoor,CLAHE,1421_6.png,13.844627669352391,0.7505744099617004,7.5069186311200475,0.690445301542777,,4.867900000135705
indoor,CLAHE,1421_7.png,13.41461638518215,0.7450094223022461,7.485636173440821,0.678804347826087,,5.282399999941845
indoor,CLAHE,1421_8.png,13.008391505611359,0.7390232086181641,7.464526109621318,0.6659642356241234,,4.9371999998584215
indoor,CLAHE,1421_9.png,12.607612479217378,0.7325859069824219,7.443893493594319,0.6540427769985975,,5.059800000253745
indoor,CLAHE,1422_1.png,14.279084072483458,0.6351146101951599,7.450053164694392,0.5592040673211781,,4.708599999958096
indoor,CLAHE,1422_10.png,9.457010758248291,0.5617130398750305,7.280550937496063,0.40962482468443195,,4.929799999899842
indoor,CLAHE,1422_2.png,13.505709947281195,0.6255738139152527,7.429228470073649,0.5420441795231417,,4.917000000205007
indoor,CLAHE,1422_3.png,12.826743825581001,0.6169155836105347,7.413008625188584,0.5259326788218793,,4.7779999999875145
indoor,CLAHE,1422_4.png,12.210092287304233,0.608404815196991,7.391348631343244,0.5082293127629733,,4.97620000032839
indoor,CLAHE,1422_5.png,11.63427902219806,0.600225567817688,7.373833812420496,0.4883485273492286,,4.947699999775068
indoor,CLAHE,1422_6.png,11.12341656454019,0.5921834707260132,7.358127243630842,0.47364656381486675,,4.9373000001651235
indoor,CLAHE,1422_7.png,10.658558574569877,0.5845383405685425,7.338145797304469,0.45662692847124825,,4.87169999996695
indoor,CLAHE,1422_8.png,10.223945800778614,0.5765430331230164,7.320255803426726,0.44281206171107995,,4.892699999800243
indoor,CLAHE,1422_9.png,9.819414371265523,0.5691061615943909,7.296466142350231,0.42532258064516126,,4.993999999896914
indoor,CLAHE,1423_1.png,11.721033762472246,0.5709125995635986,7.404269990149677,0.5947300140252454,,4.871300000104384
indoor,CLAHE,1423_10.png,7.513607382368938,0.48574328422546387,7.239788567976965,0.4048632538569425,,5.171100000097795
indoor,CLAHE,1423_2.png,11.06667835122688,0.5597435832023621,7.381875907722649,0.569719495091164,,4.8415000001114095
indoor,CLAHE,1423_3.png,10.461761681059965,0.5485503077507019,7.365595251387955,0.5488394109396915,,5.0291000002289366
indoor,CLAHE,1423_4.png,9.896513446410482,0.5378424525260925,7.34214954633577,0.5255434782608696,,4.896299999927578
indoor,CLAHE,1423_5.png,9.402604273588555,0.5286686420440674,7.323127431161842,0.5019880785413745,,4.762999999911699
indoor,CLAHE,1423_6.png,8.941134475739284,0.5190325379371643,7.301249894524772,0.48191444600280503,,4.989699999896402
indoor,CLAHE,1423_7.png,8.531816556264328,0.5098448395729065,7.2819774748523685,0.46017531556802244,,4.848799999763287
indoor,CLAHE,1423_8.png,8.15520358225722,0.5015093684196472,7.2637826948070945,0.44300490883590465,,4.876799999692594
indoor,CLAHE,1423_9.png,7.832306851544001,0.49346232414245605,7.252953160039407,0.42611150070126225,,4.829699999845616
indoor,CLAHE,1424_1.png,14.676854238547714,0.7323244214057922,7.6292688537316575,0.7213955119214587,,4.801499999757652
indoor,CLAHE,1424_10.png,10.412381889853748,0.6680469512939453,7.435041442525286,0.5787622720897616,,4.879999999957363
indoor,CLAHE,1424_2.png,14.089344756901067,0.7270684838294983,7.610495085995456,0.7059992987377279,,4.82270000020435
indoor,CLAHE,1424_3.png,13.447195570863071,0.7194311618804932,7.593510060225435,0.6907258064516129,,5.410400000073423
indoor,CLAHE,1424_4.png,12.96017258288747,0.7136380076408386,7.5745667339410385,0.6748316970546985,,4.563899999993737
indoor,CLAHE,1424_5.png,12.449442598806462,0.7067787647247314,7.553303847904224,0.6583274894810659,,4.888699999810342
indoor,CLAHE,1424_6.png,12.008722929117141,0.7000588774681091,7.528136721166053,0.6423913043478261,,4.849300000387302
indoor,CLAHE,1424_7.png,11.570929431545169,0.6923564076423645,7.505066710644125,0.6284712482468443,,5.440599999928963
indoor,CLAHE,1424_8.png,11.158201923830298,0.684668242931366,7.4832213408875035,0.6098737727910238,,4.804899999726331
indoor,CLAHE,1424_9.png,10.773792439332281,0.6762957572937012,7.458775117587021,0.5944039270687237,,5.234800000380346
indoor,CLAHE,1425_1.png,13.22983494685989,0.6989771723747253,7.687943355689998,0.7502384291725105,,4.795700000158831
indoor,CLAHE,1425_10.png,8.692869290473729,0.6158462166786194,7.402334608915533,0.6139481065918654,,5.4244999996626575
indoor,CLAHE,1425_2.png,12.607069960967813,0.6912382245063782,7.659510771739018,0.7348387096774194,,4.858600000261504
indoor,CLAHE,1425_3.png,11.983011542820016,0.6828474998474121,7.627550589198019,0.7212587657784011,,5.328700000063691
indoor,CLAHE,1425_4.png,11.422582347394595,0.6743095517158508,7.596734265074464,0.7055119214586255,,4.79780000023311
indoor,CLAHE,1425_5.png,10.869257981235474,0.665065586566925,7.5632203498300825,0.6906136044880785,,5.2053999997951905
indoor,CLAHE,1425_6.png,10.359389686858504,0.6552956700325012,7.527843144157491,0.6753225806451613,,4.78449999991426
indoor,CLAHE,1425_7.png,9.922575370161756,0.6463854908943176,7.496729997711947,0.6603050490883591,,4.992300000139949
indoor,CLAHE,1425_8.png,9.452074766716933,0.636208176612854,7.46510325520607,0.6441584852734923,,4.9552000000403496
indoor,CLAHE,1425_9.png,9.042253560334865,0.6258719563484192,7.43405767777369,0.6294985974754558,,5.341699999917182
indoor,CLAHE,1426_1.png,14.118134188014102,0.6682326793670654,7.681667611324617,0.7294705469845723,,5.08029999991777
indoor,CLAHE,1426_10.png,9.994683231379994,0.604546070098877,7.5281373389990875,0.6312447405329593,,4.908500000055938
indoor,CLAHE,1426_2.png,13.46215813475405,0.6588985919952393,7.6715210969028735,0.7181661991584852,,4.9722999997356965
indoor,CLAHE,1426_3.png,12.98710831808721,0.6522928476333618,7.6545535847305946,0.7083064516129032,,5.313999999998487
indoor,CLAHE,1426_4.png,12.455094920351382,0.6451720595359802,7.639016586327932,0.696602384291725,,4.847100000006321
indoor,CLAHE,1426_5.png,12.039671445296909,0.6391968131065369,7.619446649789708,0.6846493688639551,,4.795699999704084
indoor,CLAHE,1426_6.png,11.573108707351722,0.6318542957305908,7.601627784286689,0.6754207573632539,,4.992099999981292
indoor,CLAHE,1426_7.png,11.1204293422986,0.624389111995697,7.5863109827258635,0.66390603085554,,5.382599999848026
indoor,CLAHE,1426_8.png,10.751498629163862,0.6180493831634521,7.567017824327064,0.6525596072931277,,4.879699999946752
indoor,CLAHE,1426_9.png,10.390062881329982,0.6117562651634216,7.548598903262023,0.6428401122019636,,5.448100000194245
indoor,CLAHE,1427_1.png,15.565396732021153,0.6944260597229004,7.364963024816725,0.6165953716690042,,5.118100000345294
indoor,CLAHE,1427_10.png,12.140230701282626,0.654435396194458,7.264614201816448,0.537054698457223,,5.092299999887473
indoor,CLAHE,1427_2.png,15.145507728454819,0.6892130374908447,7.357700303003989,0.609077840112202,,4.809400000340247
indoor,CLAHE,1427_3.png,14.706161435708193,0.684342086315155,7.351208526684843,0.6011816269284712,,5.174000000351953
indoor,CLAHE,1427_4.png,14.33558360078183,0.6804359555244446,7.334049220264312,0.5910589060308555,,4.621000000042841
indoor,CLAHE,1427_5.png,13.936400911387425,0.6759070754051208,7.323090589460116,0.584382889200561,,5.16509999988557
indoor,CLAHE,1427_6.png,13.561931090458748,0.6719064712524414,7.314447113537394,0.5738218793828892,,4.70820000009553
indoor,CLAHE,1427_7.png,13.1669384383673,0.6675787568092346,7.308058965879832,0.5647230014025245,,5.083500000182539
indoor,CLAHE,1427_8.png,12.809940173380108,0.6631779074668884,7.292481794566576,0.5581206171107994,,5.016000000068743
indoor,CLAHE,1427_9.png,12.49288677034511,0.659180223941803,7.278860740576858,0.5485343618513324,,6.436600000142789
indoor,CLAHE,1428_1.png,14.662132685079873,0.7114658355712891,7.73562757674982,0.7215252454417952,,4.853300000377203
indoor,CLAHE,1428_10.png,10.336818482560112,0.651710569858551,7.614456720750021,0.6294424964936887,,5.218199999944773
indoor,CLAHE,1428_2.png,14.032932927619346,0.7042853236198425,7.725940105979566,0.7114200561009818,,4.818099999738479
indoor,CLAHE,1428_3.png,13.498997352614614,0.6980978846549988,7.714340977182313,0.7005785413744741,,4.8751000003903755
indoor,CLAHE,1428_4.png,12.98270565234887,0.6917314529418945,7.702468649476199,0.6912903225806452,,5.402899999808142
indoor,CLAHE,1428_5.png,12.455971522031193,0.6850061416625977,7.69158945665251,0.6808625525946704,,4.971000000296044
indoor,CLAHE,1428_6.png,11.994425950239524,0.678516685962677,7.675654131954923,0.6694495091164095,,4.751399999804562
indoor,CLAHE,1428_7.png,11.548918867021223,0.6723175048828125,7.664827438558962,0.6600841514726508,,5.168400000002293
indoor,CLAHE,1428_8.png,11.122370477026458,0.6657290458679199,7.648692728427788,0.6508520336605891,,4.941600000165636
indoor,CLAHE,1428_9.png,10.715395573647681,0.6588560938835144,7.632417644336389,0.6404242636746144,,5.188799999814364
indoor,CLAHE,1429_1.png,12.600140162685552,0.6125234961509705,7.588240457353461,0.6687622720897616,,4.8760999998194166
indoor,CLAHE,1429_10.png,7.915053474462869,0.5191294550895691,7.415774747422729,0.5211079943899019,,5.344100000002072
indoor,CLAHE,1429_2.png,11.88955117387941,0.601604700088501,7.55412665907247,0.6540988779803647,,4.913899999792193
indoor,CLAHE,1429_3.png,11.239393499608358,0.5913414359092712,7.510995165833937,0.6376402524544179,,5.349699999896984
indoor,CLAHE,1429_4.png,10.634083195095425,0.580522358417511,7.469663447943938,0.6230259467040673,,4.694600000220817
indoor,CLAHE,1429_5.png,10.065697139200942,0.5705276131629944,7.45654089776137,0.6051262272089761,,5.2031000000170025
indoor,CLAHE,1429_6.png,9.524834471486024,0.559234619140625,7.455135065409998,0.5906206171107994,,4.895400000350492
indoor,CLAHE,1429_7.png,9.096929421437961,0.5495083332061768,7.44616688766654,0.5735904628330996,,5.379700000048615
indoor,CLAHE,1429_8.png,8.671097186903399,0.5393376350402832,7.429211727410542,0.5568162692847125,,4.895099999885133
indoor,CLAHE,1429_9.png,8.260627065413605,0.5284857153892517,7.421507930051606,0.5392776998597475,,5.582099999628554
indoor,CLAHE,1430_1.png,12.582629522848015,0.5073338150978088,7.20377806348173,0.4924053295932679,,4.760000000260334
indoor,CLAHE,1430_10.png,7.976765971155508,0.4222284257411957,7.113386034203609,0.33767882187938286,,5.139899999903719
indoor,CLAHE,1430_2.png,11.821880837435305,0.49496904015541077,7.193993467428275,0.4762727910238429,,4.729799999950046
indoor,CLAHE,1430_3.png,11.170889255586296,0.48457059264183044,7.187064395957057,0.45707924263674615,,4.892600000403036
indoor,CLAHE,1430_4.png,10.598166888523819,0.4753210246562958,7.171954092802006,0.4382328190743338,,4.830399999718793
indoor,CLAHE,1430_5.png,10.060321456524665,0.4656192362308502,7.161307375507716,0.4195687237026648,,4.8323000000891625
indoor,CLAHE,1430_6.png,9.569352299653827,0.4561423063278198,7.156727251411701,0.40403225806451615,,4.752800000005664
indoor,CLAHE,1430_7.png,9.116048328485492,0.4471440315246582,7.139535607753107,0.3866760168302945,,5.064400000264868
indoor,CLAHE,1430_8.png,8.699924684172139,0.4384704530239105,7.133365222845583,0.36839410939691447,,4.709399999683228
indoor,CLAHE,1430_9.png,8.316531539660971,0.4300037622451782,7.1248695252085765,0.35251753155680227,,5.204000000048836
indoor,CLAHE,1431_1.png,13.301380543662962,0.6059202551841736,7.427124364666986,0.5768899018232819,,5.054400000062742
indoor,CLAHE,1431_10.png,9.002844259846013,0.510292112827301,7.321122298419221,0.42327489481065916,,5.318699999861565
indoor,CLAHE,1431_2.png,12.646213460495336,0.5925564169883728,7.422661342449659,0.5579768583450211,,4.817600000023958
indoor,CLAHE,1431_3.png,12.049545405632022,0.5802727341651917,7.4159339723226685,0.540922159887798,,4.90799999988667
indoor,CLAHE,1431_4.png,11.499288258959036,0.5688446164131165,7.411884487262779,0.5206241234221599,,4.938799999763432
indoor,CLAHE,1431_5.png,10.984877067575933,0.5575395226478577,7.4107669958348845,0.5054382889200562,,5.265799999961018
indoor,CLAHE,1431_6.png,10.513059431060265,0.5470852851867676,7.38862853984983,0.4893197755960729,,4.812499999843567
indoor,CLAHE,1431_7.png,10.085534369185321,0.537308394908905,7.358206249711651,0.4711115007012623,,4.95569999975487
indoor,CLAHE,1431_8.png,9.682330425614902,0.5276152491569519,7.349418004058483,0.4546318373071529,,4.833800000142219
indoor,CLAHE,1431_9.png,9.334472477681535,0.5189017057418823,7.339973427713814,0.4390953716690042,,4.683300000124291
indoor,CLAHE,1432_1.png,14.768253472923945,0.600911557674408,7.518138700391671,0.6099894810659187,,5.216600000039762
indoor,CLAHE,1432_10.png,10.888329510461023,0.522021472454071,7.559236831133562,0.5382994389901823,,4.936700000143901
indoor,CLAHE,1432_2.png,14.198819193408346,0.5901368260383606,7.5169629120923664,0.6019775596072932,,4.97559999985242
indoor,CLAHE,1432_3.png,13.68363766001422,0.5810109972953796,7.525678612052343,0.5946002805049089,,4.922299999634561
indoor,CLAHE,1432_4.png,13.202365258551879,0.5715638995170593,7.542378379969942,0.5905119214586255,,4.781099999945582
indoor,CLAHE,1432_5.png,12.743798239662638,0.5616756677627563,7.5427762342955615,0.5845652173913043,,4.9758999998630316
indoor,CLAHE,1432_6.png,12.339996780386445,0.5535856485366821,7.548881791744201,0.5755189340813465,,4.839100000026519
indoor,CLAHE,1432_7.png,11.950258381310523,0.5457003116607666,7.548036181005835,0.5656591865357644,,4.888800000117044
indoor,CLAHE,1432_8.png,11.561179230133007,0.5370666980743408,7.548497529166071,0.5553225806451613,,4.910199999812903
indoor,CLAHE,1432_9.png,11.200590580633346,0.5291445851325989,7.553910173398129,0.5456942496493689,,4.9592000000302505
indoor,CLAHE,1433_1.png,15.084685815285644,0.66209477186203,7.6319758685966015,0.6331942496493689,,4.873599999882572
indoor,CLAHE,1433_10.png,11.033706950012245,0.580974817276001,7.630182748090496,0.5299894810659187,,5.113600000186125
indoor,CLAHE,1433_2.png,14.502244466166163,0.6519017815589905,7.630857071523822,0.6230995792426367,,5.355100000087987
indoor,CLAHE,1433_3.png,13.941000964345998,0.6424805521965027,7.635348830384913,0.6102945301542777,,4.9980000003415626
indoor,CLAHE,1433_4.png,13.487811735722982,0.6344103813171387,7.635055699795081,0.5984502103786816,,4.903900000044814
indoor,CLAHE,1433_5.png,13.024900532829292,0.6254384517669678,7.633120853884597,0.5862237026647966,,5.1926999999523105
indoor,CLAHE,1433_6.png,12.567405013400748,0.6164147853851318,7.634389073954797,0.5746002805049089,,5.0371000002087385
indoor,CLAHE,1433_7.png,12.140003136354792,0.607668399810791,7.634360341733042,0.5602138849929874,,4.8903999995673075
indoor,CLAHE,1433_8.png,11.727186142419688,0.5980433821678162,7.636115670614672,0.5530575035063113,,4.7868000001471955
indoor,CLAHE,1433_9.png,11.362899374582888,0.5893051028251648,7.634356413426519,0.5406591865357644,,4.828399999951216
indoor,CLAHE,1434_1.png,16.46603813889028,0.8591341972351074,7.461449098673337,0.41144109396914447,,4.907500000172149
indoor,CLAHE,1434_10.png,11.47579639385449,0.7830355763435364,7.129251456217606,0.3089165497896213,,4.790499999671738
indoor,CLAHE,1434_2.png,15.781740865604107,0.8519718647003174,7.435768868548969,0.39781206171107997,,4.818699999759701
indoor,CLAHE,1434_3.png,15.100734318114835,0.84427410364151,7.401497002707581,0.3850070126227209,,4.822599999897648
indoor,CLAHE,1434_4.png,14.418724207371849,0.8357341885566711,7.3727265222933855,0.37306451612903224,,4.8311000000467175
indoor,CLAHE,1434_5.png,13.88454827009709,0.8282297253608704,7.341682083763159,0.36230364656381486,,4.9293000001853216
indoor,CLAHE,1434_6.png,13.362636992491597,0.8197152614593506,7.305860399689069,0.3513499298737728,,4.827599999771337
indoor,CLAHE,1434_7.png,12.811172140641725,0.8102863430976868,7.260945852940442,0.3409186535764376,,5.430499999874883
indoor,CLAHE,1434_8.png,12.35606592164714,0.8017439246177673,7.228350665031512,0.330890603085554,,4.625499999747262
indoor,CLAHE,1434_9.png,11.905147411174045,0.7921678423881531,7.182214868000011,0.31955119214586253,,4.945700000007491
indoor,CLAHE,1435_1.png,17.738952477442055,0.8415926098823547,7.476594654516963,0.5101753155680224,,4.823600000236183
indoor,CLAHE,1435_10.png,12.024111171763174,0.7672438621520996,6.97133209841294,0.38306451612903225,,5.064999999831343
indoor,CLAHE,1435_2.png,16.92591853439309,0.8351934552192688,7.434870581380291,0.49424614305750353,,4.839400000037131
indoor,CLAHE,1435_3.png,16.088498865865354,0.8268876671791077,7.393400017931098,0.47874123422159887,,5.005099999834783
indoor,CLAHE,1435_4.png,15.409606864503928,0.8197179436683655,7.38042287446141,0.4633625525946704,,4.736200000024837
indoor,CLAHE,1435_5.png,14.730879740224637,0.8116490244865417,7.30664606476463,0.44804347826086954,,4.909600000246428
indoor,CLAHE,1435_6.png,14.053622644309202,0.8030695915222168,7.253956024980861,0.4342987377279102,,5.126600000039616
indoor,CLAHE,1435_7.png,13.50338159200133,0.7944152355194092,7.20236877546875,0.42161991584852737,,4.960199999914039
indoor,CLAHE,1435_8.png,12.986944473822923,0.7859136462211609,7.146475537482414,0.4079873772791024,,5.015700000058132
indoor,CLAHE,1435_9.png,12.519029222483178,0.7768056988716125,7.07292150968204,0.3966619915848527,,4.909799999950337
indoor,CLAHE,1436_1.png,22.046639098281315,0.8891875147819519,7.591793639363653,0.48085203366058904,,4.9279999998361745
indoor,CLAHE,1436_10.png,16.134884704095963,0.8531054854393005,7.3312636291622315,0.3738499298737728,,5.412599999999657
indoor,CLAHE,1436_2.png,21.241230835052054,0.8869507908821106,7.567437899663964,0.4670196353436185,,4.693500000030326
indoor,CLAHE,1436_3.png,20.424959337319763,0.884037971496582,7.534928298855551,0.45386044880785414,,5.285500000354659
indoor,CLAHE,1436_4.png,19.644095524432434,0.8803174495697021,7.506819882642693,0.4409046283309958,,4.816099999970902
indoor,CLAHE,1436_5.png,18.966375756574216,0.8765435814857483,7.481980102167529,0.42908134642356244,,5.394400000113819
indoor,CLAHE,1436_6.png,18.2992884628426,0.8719704151153564,7.459306385474864,0.4197475455820477,,5.309699999997974
indoor,CLAHE,1436_7.png,17.715767039373734,0.867527961730957,7.433302731469572,0.4070336605890603,,10.435099999995145
indoor,CLAHE,1436_8.png,17.13656064954889,0.862643301486969,7.398938606512351,0.39519284712482466,,4.906399999981659
indoor,CLAHE,1436_9.png,16.630611238143327,0.8578100800514221,7.3655642338142675,0.38601332398316973,,5.415699999957724
indoor,CLAHE,1437_1.png,13.874134929922555,0.7573427557945251,7.575913313498628,0.5255715287517532,,4.8621999999340915
indoor,CLAHE,1437_10.png,9.487039765355927,0.6649970412254333,7.255559401769077,0.4146633941093969,,5.355100000087987
indoor,CLAHE,1437_2.png,13.202320880052739,0.7472603917121887,7.5496594278644125,0.5124263674614306,,4.877100000157952
indoor,CLAHE,1437_3.png,12.657407468488941,0.738169252872467,7.524246874056081,0.4992601683029453,,5.444299999908253
indoor,CLAHE,1437_4.png,12.065391452805883,0.7275742888450623,7.4851767833911405,0.4864796633941094,,4.733799999939947
indoor,CLAHE,1437_5.png,11.601211126299027,0.7182604670524597,7.454513574987913,0.47462131837307153,,4.825400000299851
indoor,CLAHE,1437_6.png,11.094029184899988,0.7079882621765137,7.42294101475915,0.46038569424964937,,4.87280000015744
indoor,CLAHE,1437_7.png,10.675863876310817,0.697840690612793,7.3898176866434335,0.4496353436185133,,5.14980000025389
indoor,CLAHE,1437_8.png,10.200841462014365,0.6857522130012512,7.34738735001796,0.43772440392706874,,5.035099999986414
indoor,CLAHE,1437_9.png,9.790381752325494,0.6744329333305359,7.294319742614411,0.42541374474053295,,5.224200000156998
indoor,CLAHE,1438_1.png,14.705654430114297,0.7013106346130371,7.242661702740156,0.44957924263674615,,4.846900000302412
indoor,CLAHE,1438_10.png,10.736493854274379,0.6624864339828491,7.137306889145793,0.3998071528751753,,5.464299999857758
indoor,CLAHE,1438_2.png,14.087885859663071,0.6958327293395996,7.225343798068478,0.44469495091164096,,4.8686000000088825
indoor,CLAHE,1438_3.png,13.566842383416022,0.6914675831794739,7.208558257946878,0.43703015427769987,,4.666499999984808
indoor,CLAHE,1438_4.png,13.023429762271801,0.6863654255867004,7.187131162537638,0.4307293127629733,,5.13169999976526
indoor,CLAHE,1438_5.png,12.562808522178774,0.682020366191864,7.182548416915818,0.4250140252454418,,5.268299999897863
indoor,CLAHE,1438_6.png,12.156175749757574,0.6781067848205566,7.171323631107172,0.41929172510518936,,4.79540000014822
indoor,CLAHE,1438_7.png,11.746187145630898,0.6733251214027405,7.160033517167429,0.4156626928471248,,4.8866000001908105
indoor,CLAHE,1438_8.png,11.387274031530687,0.6698489189147949,7.161566120838452,0.40942847124824683,,4.785800000263407
indoor,CLAHE,1438_9.png,11.040866513811707,0.6658802628517151,7.155054883721151,0.40420406732117814,,4.896200000075623
indoor,CLAHE,1439_1.png,16.825436502492998,0.8563179969787598,7.814713092538759,0.6914235624123423,,5.141400000411522
indoor,CLAHE,1439_10.png,12.992932720887495,0.8259229063987732,7.667429724382918,0.6125666199158485,,4.993999999896914
indoor,CLAHE,1439_2.png,16.332555731436567,0.8541744351387024,7.800378534103399,0.6827314165497896,,4.901499999959924
indoor,CLAHE,1439_3.png,15.858162765552382,0.852031946182251,7.784835881657627,0.6739621318373071,,4.948899999817513
indoor,CLAHE,1439_4.png,15.395095585442144,0.8493659496307373,7.769945989666051,0.664242636746143,,4.928500000005442
indoor,CLAHE,1439_5.png,14.970016391521368,0.8465068936347961,7.756037956304192,0.6563779803646563,,4.974200000106066
indoor,CLAHE,1439_6.png,14.517653082193142,0.8432118892669678,7.740212763032753,0.6461290322580645,,4.75300000016432
indoor,CLAHE,1439_7.png,14.086212290207559,0.8392217755317688,7.724245901712963,0.6388955119214587,,5.350499999622116
indoor,CLAHE,1439_8.png,13.715740671984856,0.8354585766792297,7.705760295316785,0.6303190743338009,,5.11789999973189
indoor,CLAHE,1439_9.png,13.356112531641893,0.8308572769165039,7.6861835280551665,0.6220652173913044,,4.923599999983708
indoor,CLAHE,1440_1.png,12.860787890551128,0.7938385605812073,7.291301695809404,0.38130434782608696,,4.915800000162562
indoor,CLAHE,1440_10.png,8.416183358744536,0.6893636584281921,6.737724267703299,0.27956521739130435,,4.922399999941263
indoor,CLAHE,1440_2.png,12.164445272040464,0.7817487716674805,7.244003664786269,0.36623772791023845,,4.802999999810709
indoor,CLAHE,1440_3.png,11.509927270564411,0.7693929076194763,7.1988966142663475,0.35329242636746144,,4.890000000159489
indoor,CLAHE,1440_4.png,10.918819256326183,0.7573267817497253,7.164773655917905,0.34097475455820475,,4.980700000032812
indoor,CLAHE,1440_5.png,10.39813255774053,0.7453382611274719,7.134756722142657,0.3310203366058906,,5.085599999802071
indoor,CLAHE,1440_6.png,9.903875850521747,0.7337968945503235,6.967989258920884,0.3202384291725105,,4.988199999843346
indoor,CLAHE,1440_7.png,9.485658619183647,0.7223350405693054,6.920423112177483,0.3096423562412342,,5.238900000222202
indoor,CLAHE,1440_8.png,9.086081193800073,0.7109102606773376,6.849508349613237,0.299758064516129,,4.901700000118581
indoor,CLAHE,1440_9.png,8.728279322258203,0.6996228098869324,6.7858086406999085,0.2898702664796634,,4.934600000069622
indoor,CLAHE,1441_1.png,15.458176502245921,0.7463162541389465,7.553842983688451,0.568835904628331,,4.879500000242842
indoor,CLAHE,1441_10.png,11.475956527978223,0.6908709406852722,7.444825821622635,0.47427769985974755,,5.165000000033615
indoor,CLAHE,1441_2.png,14.908176817059537,0.7396602630615234,7.538841181083156,0.5571213183730716,,4.952899999807414
indoor,CLAHE,1441_3.png,14.334334893207503,0.7320694327354431,7.530003205190331,0.5477594670406732,,5.069800000001123
indoor,CLAHE,1441_4.png,13.8323319989947,0.7255778312683105,7.513679375872769,0.5373071528751753,,4.983199999969656
indoor,CLAHE,1441_5.png,13.380727278836094,0.7196504473686218,7.502520985552902,0.5257503506311361,,5.084599999918282
indoor,CLAHE,1441_6.png,12.941005094144664,0.7135537266731262,7.491922822286674,0.5149544179523141,,4.738500000257773
indoor,CLAHE,1441_7.png,12.49262379716432,0.7065448760986328,7.478728943812729,0.5053927068723703,,5.4426000001512875
indoor,CLAHE,1441_8.png,12.121166402321801,0.701015293598175,7.466574944302795,0.494898316970547,,4.969500000242988
indoor,CLAHE,1441_9.png,11.77514385593912,0.6955536007881165,7.460403246863796,0.48406381486676014,,5.307800000082352
indoor,CLAHE,1442_1.png,14.495706805239513,0.717022716999054,7.655458103667435,0.6098036465638149,,4.846499999985099
indoor,CLAHE,1442_10.png,9.552291374848092,0.6252369284629822,7.386721101795227,0.43354488078541376,,5.090499999823805
indoor,CLAHE,1442_2.png,13.748583667035657,0.7063632011413574,7.636240494115241,0.5869319775596072,,4.717400000117777
indoor,CLAHE,1442_3.png,13.010411079044648,0.695118248462677,7.618130308219282,0.5648246844319775,,4.959800000051473
indoor,CLAHE,1442_4.png,12.390194597492595,0.6849460005760193,7.594112348242992,0.545788920056101,,4.823799999940093
indoor,CLAHE,1442_5.png,11.803399522347762,0.6747522950172424,7.5620117553376796,0.5267461430575036,,5.036300000028859
indoor,CLAHE,1442_6.png,11.251237986179524,0.6643540263175964,7.5312500080929725,0.5075035063113604,,4.895199999737088
indoor,CLAHE,1442_7.png,10.7896768381563,0.6549175381660461,7.502441183174543,0.48665848527349226,,4.842100000132632
indoor,CLAHE,1442_8.png,10.336622732677226,0.644785463809967,7.458508135613947,0.46849579242636746,,4.907799999728013
indoor,CLAHE,1442_9.png,9.938771692823243,0.6350805163383484,7.420795127641539,0.45177769985974753,,4.948000000240427
indoor,CLAHE,1443_1.png,16.691796573899204,0.7758870124816895,7.737660082533324,0.5893408134642356,,5.150400000275113
indoor,CLAHE,1443_10.png,12.377112327761587,0.7173590660095215,7.587308656537513,0.4852945301542777,,5.014099999698374
indoor,CLAHE,1443_2.png,16.179825243118188,0.7703492045402527,7.728218685727252,0.576711079943899,,4.861500000060914
indoor,CLAHE,1443_3.png,15.602568271849862,0.7637898325920105,7.71725967265186,0.5639340813464235,,5.13360000013563
indoor,CLAHE,1443_4.png,15.059120428546532,0.7567291259765625,7.703950339531001,0.551609396914446,,4.877500000020518
indoor,CLAHE,1443_5.png,14.551278498919869,0.7501933574676514,7.690289367897081,0.5402454417952314,,5.067200000212324
indoor,CLAHE,1443_6.png,14.085410016090156,0.7442679405212402,7.670357490923641,0.5275981767180926,,4.9932000001717824
indoor,CLAHE,1443_7.png,13.601784319443945,0.7370281219482422,7.650226799215263,0.516711079943899,,4.98410000000149
indoor,CLAHE,1443_8.png,13.14342821461943,0.7300704121589661,7.631656376878606,0.506570827489481,,4.805600000054255
indoor,CLAHE,1443_9.png,12.765873637334487,0.7240399718284607,7.612806129208261,0.49609396914446,,5.018199999994977
indoor,CLAHE,1444_1.png,12.93612869642817,0.5902276635169983,7.6566187853779235,0.7099438990182328,,5.099800000152754
indoor,CLAHE,1444_10.png,8.643413877352536,0.5044055581092834,7.461905694933073,0.598874474053296,,4.747899999983929
indoor,CLAHE,1444_2.png,12.318701749177933,0.5802819728851318,7.641678195827212,0.6987096774193549,,4.957699999977194
indoor,CLAHE,1444_3.png,11.733474366103302,0.5704613327980042,7.6252819103867555,0.6864375876577841,,4.834500000015396
indoor,CLAHE,1444_4.png,11.209214255974135,0.5614335536956787,7.607582352739574,0.6740603085553997,,5.079900000055204
indoor,CLAHE,1444_5.png,10.717175810846394,0.5523145794868469,7.587891779117952,0.661851332398317,,5.082299999685347
indoor,CLAHE,1444_6.png,10.235391384835133,0.5425224900245667,7.562510048453092,0.649586255259467,,4.9642999997558945
indoor,CLAHE,1444_7.png,9.757232050432302,0.5324586033821106,7.54202367685308,0.637016129032258,,4.889499999990221
indoor,CLAHE,1444_8.png,9.36743157248786,0.5236316919326782,7.517589422077784,0.6244004207573632,,4.72700000000259
indoor,CLAHE,1444_9.png,9.00728526155503,0.5145543217658997,7.489240782574894,0.61085904628331,,4.966800000147487
indoor,CLAHE,1445_1.png,14.581819079367575,0.7432641983032227,7.780716452667447,0.8007152875175315,,5.004399999961606
indoor,CLAHE,1445_10.png,11.357142895337342,0.680624783039093,7.667551974355131,0.7101612903225807,,5.061700000169367
indoor,CLAHE,1445_2.png,14.241205722853572,0.7385034561157227,7.768330003542826,0.7912482468443198,,4.775899999913236
indoor,CLAHE,1445_3.png,13.811676250871766,0.7310614585876465,7.755469384465481,0.7807328190743338,,5.1836000002367655
indoor,CLAHE,1445_4.png,13.457613060710008,0.7252798080444336,7.7435174549508226,0.7715217391304348,,4.86559999990277
indoor,CLAHE,1445_5.png,13.048522474860874,0.7179133892059326,7.734092645472922,0.7606416549789621,,5.0682000000961125
indoor,CLAHE,1445_6.png,12.716115218458949,0.7111418843269348,7.719320150159355,0.7521598877980364,,4.618500000105996
indoor,CLAHE,1445_7.png,12.373108768671507,0.7043097615242004,7.706243447093692,0.7407713884992987,,5.150999999841588
indoor,CLAHE,1445_8.png,12.022136791419982,0.6966622471809387,7.6960787943761035,0.7321423562412342,,4.903600000034203
indoor,CLAHE,1445_9.png,11.686224425212208,0.6885949969291687,7.6806079219735075,0.7211150070126228,,5.493600000136212
indoor,CLAHE,1446_1.png,15.200389027567887,0.763307511806488,7.786177321507994,0.7892461430575035,,4.806900000403402
indoor,CLAHE,1446_10.png,11.19717228291627,0.6867303848266602,7.589597431905706,0.696984572230014,,5.030499999975291
indoor,CLAHE,1446_2.png,14.7469859070473,0.7574872970581055,7.768274027445335,0.7784957924263675,,4.815400000097725
indoor,CLAHE,1446_3.png,14.29024119470137,0.7512570023536682,7.749563765135588,0.7692706872370266,,4.852000000028056
indoor,CLAHE,1446_4.png,13.779558459665946,0.742405891418457,7.725260034339194,0.7600911640953717,,4.944000000250526
indoor,CLAHE,1446_5.png,13.325402301369545,0.7352644801139832,7.706329887189072,0.7498948106591865,,5.254499999864493
indoor,CLAHE,1446_6.png,12.884007582473666,0.727030336856842,7.684323438457537,0.7399263674614306,,4.882499999894208
indoor,CLAHE,1446_7.png,12.427044919515955,0.7175000309944153,7.656343838770207,0.7303401122019635,,5.369200000131968
indoor,CLAHE,1446_8.png,12.049168993245507,0.7088940739631653,7.634725729160475,0.7194460028050491,,4.650500000025204
indoor,CLAHE,1446_9.png,11.61514925149367,0.6983798146247864,7.6125799369305,0.7090988779803646,,5.310799999733717
indoor,CLAHE,1447_1.png,15.024852690990915,0.7146878242492676,7.7381839774984,0.7278295932678822,,4.674000000250089
indoor,CLAHE,1447_10.png,11.101939179639263,0.6295897960662842,7.656179354306403,0.6106661991584853,,5.308800000420888
indoor,CLAHE,1447_2.png,14.500882913373907,0.7064946293830872,7.731686098991364,0.7149158485273492,,4.7832000000198605
indoor,CLAHE,1447_3.png,14.011925755300075,0.6978523135185242,7.721268574023195,0.703078541374474,,5.212899999605725
indoor,CLAHE,1447_4.png,13.533596477086371,0.6892172694206238,7.716247789090342,0.6910343618513324,,5.044500000167318
indoor,CLAHE,1447_5.png,13.100532255282538,0.6803355813026428,7.706222506804078,0.6775420757363254,,5.134900000030029
indoor,CLAHE,1447_6.png,12.662102183545898,0.6709398627281189,7.696391785202288,0.6625876577840112,,4.783500000030472
indoor,CLAHE,1447_7.png,12.237978145362016,0.6607145667076111,7.686186794229941,0.6508450210378681,,4.944499999965046
indoor,CLAHE,1447_8.png,11.812713826443504,0.6500473022460938,7.677289798915628,0.6382293127629733,,5.008399999951507
indoor,CLAHE,1447_9.png,11.458415986909536,0.640373170375824,7.66837218026881,0.6251297335203366,,5.0449999998818384
indoor,CLAHE,1448_1.png,16.309318086635695,0.7477620244026184,7.734936171529601,0.6808765778401122,,4.844000000048254
indoor,CLAHE,1448_10.png,12.144132677028042,0.674243152141571,7.63284261736574,0.5801823281907433,,5.0240999999005
indoor,CLAHE,1448_2.png,15.785017130629246,0.7399365901947021,7.728299132251109,0.6710799438990183,,4.787500000020373
indoor,CLAHE,1448_3.png,15.245784419886483,0.7312285304069519,7.715214107234197,0.6624824684431978,,5.100099999708618
indoor,CLAHE,1448_4.png,14.747160819729011,0.7244502902030945,7.707814644185105,0.6495652173913044,,5.098600000110309
indoor,CLAHE,1448_5.png,14.235085010204413,0.7154849171638489,7.70174360462846,0.6391619915848528,,4.754900000079942
indoor,CLAHE,1448_6.png,13.75971911649102,0.7079596519470215,7.692943046760776,0.6268302945301543,,4.856699999891134
indoor,CLAHE,1448_7.png,13.31009992859039,0.699397087097168,7.6630129303826795,0.6159151472650771,,4.981999999927211
indoor,CLAHE,1448_8.png,12.9101414349869,0.6913314461708069,7.6546399613790586,0.605,,5.0878000001830515
indoor,CLAHE,1448_9.png,12.5243421156747,0.6830244660377502,7.643727992753989,0.5929593267882188,,4.912899999908404
indoor,CLAHE,1449_1.png,15.422742370996566,0.7661185264587402,7.768289169720696,0.7507468443197756,,4.854499999964901
indoor,CLAHE,1449_10.png,11.612330651070215,0.6916334629058838,7.645349009692589,0.6417601683029454,,5.1524000000426895
indoor,CLAHE,1449_2.png,14.983013354022418,0.7608717083930969,7.761512845721504,0.7375490883590463,,4.850299999816343
indoor,CLAHE,1449_3.png,14.570540906916829,0.7553417086601257,7.760277430862023,0.7260308555399719,,4.846999999699619
indoor,CLAHE,1449_4.png,14.094066105935006,0.7476205825805664,7.746049325567855,0.7140988779803646,,4.928599999857397
indoor,CLAHE,1449_5.png,13.633185817686666,0.7397533059120178,7.734548150111384,0.7007363253856943,,5.013400000279944
indoor,CLAHE,1449_6.png,13.192663387617603,0.7310812473297119,7.721769464741093,0.6887237026647967,,4.962200000136363
indoor,CLAHE,1449_7.png,12.762788368509334,0.7219586372375488,7.706033522969053,0.6769635343618513,,4.972600000201055
indoor,CLAHE,1449_8.png,12.384282118764204,0.7124535441398621,7.678793645008827,0.66554698457223,,4.905299999791168
indoor,CLAHE,1449_9.png,11.97999452296468,0.7022257447242737,7.661168429728883,0.653664095371669,,5.217099999754282
indoor,CAP,1400_1.png,19.593310084737276,0.871337890625,7.636151573357059,0.45696704067321176,,25.000900000122783
indoor,CAP,1400_10.png,16.01686323483563,0.793182909488678,7.526332361493257,0.4319775596072931,,23.579899999731424
indoor,CAP,1400_2.png,19.673204238429015,0.8688413500785828,7.648926141239062,0.4573141654978962,,24.818899999900168
indoor,CAP,1400_3.png,19.626682542229087,0.8622557520866394,7.650121560570059,0.4573492286115007,,24.078599999938888
indoor,CAP,1400_4.png,19.441598028870693,0.853753387928009,7.6394521127523065,0.45645511921458626,,25.082000000111293
indoor,CAP,1400_5.png,19.105930585874745,0.8439816832542419,7.61092716216292,0.4547791023842917,,23.754299999836803
indoor,CAP,1400_6.png,18.636611031797685,0.833873987197876,7.566393887186398,0.4523492286115007,,24.505800000042655
indoor,CAP,1400_7.png,18.054387161828153,0.8235516548156738,7.545014775477689,0.448664095371669,,24.151999999958207
indoor,CAP,1400_8.png,17.40089799355636,0.8133119940757751,7.526971089817545,0.4432678821879383,,24.96339999970587
indoor,CAP,1400_9.png,16.711732459899277,0.8031041622161865,7.523307217718384,0.43826086956521737,,24.110099999688828
indoor,CAP,1401_1.png,20.454685798293944,0.8155688643455505,7.331127416547148,0.34846423562412343,,25.564700000359153
indoor,CAP,1401_10.png,19.112966893973763,0.8037504553794861,7.482866321032353,0.34748246844319775,,24.323699999968085
indoor,CAP,1401_2.png,20.389132197325615,0.8138633370399475,7.283575380823289,0.3459186535764376,,25.282099999913044
indoor,CAP,1401_3.png,20.558354707126682,0.81474369764328,7.294884779508817,0.3465708274894811,,24.23579999958747
indoor,CAP,1401_4.png,20.68107325499255,0.8157287240028381,7.325085363338312,0.3478892005610098,,24.681500000042433
indoor,CAP,1401_5.png,20.715041165633593,0.8163430094718933,7.3513284374924295,0.3492321178120617,,23.79400000017995
indoor,CAP,1401_6.png,20.592643580836032,0.8150348663330078,7.385546276685709,0.3504593267882188,,25.77709999968647
indoor,CAP,1401_7.png,20.348430852768185,0.8132370114326477,7.41942536994349,0.35007012622720896,,23.839099999804603
indoor,CAP,1401_8.png,19.9947313554351,0.8107355237007141,7.44973366007155,0.3498422159887798,,24.77630000021236
indoor,CAP,1401_9.png,19.572044366774183,0.8074399828910828,7.469240968963889,0.34946704067321177,,23.98670000002312
indoor,CAP,1402_1.png,22.764280964162367,0.77996826171875,6.676356115870996,0.3110273492286115,,25.057700000161276
indoor,CAP,1402_10.png,19.986681318012934,0.8011285662651062,7.093870718368271,0.3355049088359046,,24.466500000016822
indoor,CAP,1402_2.png,23.810667968622816,0.7967241406440735,6.737116087370677,0.31840813464235623,,24.252700000033656
indoor,CAP,1402_3.png,24.575691128373304,0.810790479183197,6.7891585622463335,0.3251542776998598,,23.92020000024786
indoor,CAP,1402_4.png,24.824381516408714,0.8208086490631104,6.828059182711375,0.33017531556802243,,24.650500000007014
indoor,CAP,1402_5.png,24.53342231138718,0.8268074989318848,6.863579947196737,0.3339235624123422,,25.470799999766314
indoor,CAP,1402_6.png,23.839711683301523,0.8286207318305969,6.895639056763763,0.3356591865357644,,24.70999999968626
indoor,CAP,1402_7.png,22.91587252859493,0.8262065052986145,6.938615701538123,0.33690042075736326,,23.644299999887153
indoor,CAP,1402_8.png,21.91512661169462,0.8202134966850281,6.993109980147258,0.3369950911640954,,24.744100000134495
indoor,CAP,1402_9.png,20.92386842707181,0.8113017082214355,7.0446397514361845,0.33634642356241234,,24.066700000275887
indoor,CAP,1403_1.png,22.799494817316667,0.8019470572471619,6.682011188780523,0.37040322580645163,,26.363999999830412
indoor,CAP,1403_10.png,15.151119510119832,0.7029083371162415,7.043445238606294,0.3617005610098177,,23.28220000026704
indoor,CAP,1403_2.png,22.53350790961148,0.8029403686523438,6.7520088896185495,0.3776157082748948,,25.235800000245945
indoor,CAP,1403_3.png,21.857909787348703,0.798971951007843,6.8044992652205805,0.3806030855539972,,24.20110000002751
indoor,CAP,1403_4.png,20.915632645455197,0.7906989455223083,6.8519868736590155,0.3832819074333801,,24.174199999833945
indoor,CAP,1403_5.png,19.94056902518586,0.7803146243095398,6.88943773726523,0.3819039270687237,,23.766799999975774
indoor,CAP,1403_6.png,18.902654593304632,0.7670801281929016,6.9194895937913055,0.3796353436185133,,24.642500000027212
indoor,CAP,1403_7.png,17.87432171013493,0.7521727681159973,6.949100289067932,0.3767987377279102,,23.98189999985334
indoor,CAP,1403_8.png,16.882144331061436,0.7357415556907654,6.978422771366457,0.37245091164095373,,24.460800000269955
indoor,CAP,1403_9.png,16.032249424028944,0.7202892899513245,7.012545892599332,0.3674053295932679,,23.99490000016158
indoor,CAP,1404_1.png,25.79339493047561,0.9479482769966125,6.828952343607427,0.3466234221598878,,24.840499999754684
indoor,CAP,1404_10.png,20.31753256116913,0.9060686230659485,7.050861553774017,0.3426507713884993,,23.983399999906396
indoor,CAP,1404_2.png,26.334026645606986,0.9531274437904358,6.882817925763044,0.3502173913043478,,24.40100000012535
indoor,CAP,1404_3.png,26.462669696841644,0.9541032910346985,6.933444168092482,0.35258765778401124,,23.786800000380026
indoor,CAP,1404_4.png,26.196206497676805,0.9522969126701355,6.9896186982027215,0.3529698457223001,,25.028000000020256
indoor,CAP,1404_5.png,25.536299598143533,0.9482086300849915,7.077653675649363,0.3530610098176718,,23.567199999888544
indoor,CAP,1404_6.png,24.59972500043577,0.9424415230751038,7.110552316057806,0.3526051893408135,,25.635200000124314
indoor,CAP,1404_7.png,23.525357014764182,0.9351462721824646,7.107002003330035,0.35158485273492285,,23.50239999987025
indoor,CAP,1404_8.png,22.420513990086107,0.9265515208244324,7.083320269372635,0.3487868162692847,,24.386000000049535
indoor,CAP,1404_9.png,21.340274497194557,0.9168073534965515,7.061826215037881,0.3455960729312763,,23.369799999727547
indoor,CAP,1405_1.png,23.432603858615288,0.9308239817619324,7.099958416609425,0.3605610098176718,,24.908700000196404
indoor,CAP,1405_10.png,19.559405632712142,0.9056706428527832,7.391612708604384,0.35140603085553995,,23.97609999979977
indoor,CAP,1405_2.png,24.4179393737989,0.9402525424957275,7.155010469245044,0.36460729312762974,,24.924599999849306
indoor,CAP,1405_3.png,25.09157372568232,0.9451295733451843,7.199463027372251,0.36611851332398315,,24.17220000006637
indoor,CAP,1405_4.png,25.25682916421982,0.9460387229919434,7.234838612631227,0.3665603085553997,,25.389399999767193
indoor,CAP,1405_5.png,24.829607125546303,0.9439484477043152,7.3651298234409435,0.3660974754558205,,24.05659999976706
indoor,CAP,1405_6.png,24.048214195921013,0.9395031332969666,7.3511528755042574,0.36396213183730713,,25.327699999706965
indoor,CAP,1405_7.png,22.965854928490565,0.9335694909095764,7.369472564574716,0.3619249649368864,,23.849199999858683
indoor,CAP,1405_8.png,21.792937494420677,0.9260416626930237,7.383599700173121,0.3590603085553997,,25.38219999996727
indoor,CAP,1405_9.png,20.641465025054334,0.9166622757911682,7.388688854756002,0.3549263674614306,,23.810000000139553
indoor,CAP,1406_1.png,22.13908493936586,0.9050139784812927,6.9760320073470625,0.34778401122019637,,24.162799999885465
indoor,CAP,1406_10.png,20.014160385192557,0.9163401126861572,7.264940901983007,0.3521704067321178,,23.18250000007538
indoor,CAP,1406_2.png,22.57102184906037,0.9103756546974182,6.9949026411119055,0.3480539971949509,,24.63179999995191
indoor,CAP,1406_3.png,22.94158812487693,0.9165205955505371,7.027750491477429,0.3502173913043478,,23.808899999949062
indoor,CAP,1406_4.png,23.067530873295283,0.9208634495735168,7.063502268687077,0.35185133239831695,,24.539699999877485
indoor,CAP,1406_5.png,22.93173180737638,0.9234254956245422,7.098687970879972,0.3533415147265077,,24.053799999819603
indoor,CAP,1406_6.png,22.569442557723182,0.9247840046882629,7.128988552069489,0.354312762973352,,24.536400000215508
indoor,CAP,1406_7.png,22.031617020658683,0.924427330493927,7.156284246241512,0.3547405329593268,,23.647999999866443
indoor,CAP,1406_8.png,21.394915753812107,0.9227204918861389,7.180551755293271,0.3538218793828892,,25.638600000092993
indoor,CAP,1406_9.png,20.711244155858445,0.9200652241706848,7.209971855668761,0.35290673211781204,,23.606300000210467
indoor,CAP,1407_1.png,20.34053396314328,0.931950032711029,7.7544809802360435,0.5011185133239832,,25.04670000007536
indoor,CAP,1407_10.png,20.074434819157226,0.9224478602409363,7.7474342837833525,0.4852138849929874,,24.269900000035705
indoor,CAP,1407_2.png,20.84643625165894,0.9369432926177979,7.7622566791732925,0.5030610098176718,,24.84180000010383
indoor,CAP,1407_3.png,21.37880328967156,0.9397532343864441,7.761220412094867,0.5038464235624124,,24.051800000052026
indoor,CAP,1407_4.png,21.819069772359434,0.9408767223358154,7.758328508585249,0.5028015427769986,,25.294399999893358
indoor,CAP,1407_5.png,22.004939912560367,0.9403137564659119,7.762755722682944,0.5014481065918653,,24.52030000040395
indoor,CAP,1407_6.png,22.03875913063154,0.938675582408905,7.76722429753878,0.499554698457223,,24.399500000072294
indoor,CAP,1407_7.png,21.81251497073577,0.9358853697776794,7.76849406767199,0.49630084151472653,,24.142699999629258
indoor,CAP,1407_8.png,21.368521218534802,0.9321532845497131,7.766033844283673,0.4926051893408135,,24.797600000056264
indoor,CAP,1407_9.png,20.75580456415761,0.9275737404823303,7.760167825304907,0.4889586255259467,,24.049399999967136
indoor,CAP,1408_1.png,20.23853628790297,0.9329416751861572,7.619442587920093,0.5513920056100982,,24.430999999822234
indoor,CAP,1408_10.png,19.6793623345266,0.9291027188301086,7.751680851833553,0.5421704067321178,,23.658399999931135
indoor,CAP,1408_2.png,20.613677363397205,0.9374189972877502,7.646116454006501,0.5551577840112202,,25.128199999926437
indoor,CAP,1408_3.png,20.912757506088603,0.9397208094596863,7.668275821925577,0.5574123422159888,,23.409599999922648
indoor,CAP,1408_4.png,21.11939378385561,0.9407609105110168,7.6909851455453975,0.5575035063113605,,24.74739999979647
indoor,CAP,1408_5.png,21.197292144920432,0.9406478404998779,7.7154308983201725,0.556469144460028,,23.817199999939476
indoor,CAP,1408_6.png,21.140542310439827,0.9398191571235657,7.727890159539496,0.5550420757363254,,25.206900000284804
indoor,CAP,1408_7.png,20.938417558347236,0.9381855130195618,7.738880468113198,0.5532713884992987,,23.407299999689712
indoor,CAP,1408_8.png,20.609760005800783,0.9358868598937988,7.74765071496714,0.5498211781206171,,24.63919999991049
indoor,CAP,1408_9.png,20.17405274047663,0.932765781879425,7.7513290690732335,0.5461044880785414,,23.748799999793846
indoor,CAP,1409_1.png,23.25738149347096,0.9320338368415833,7.68508456428493,0.5035589060308555,,24.94989999968311
indoor,CAP,1409_10.png,20.120741641475888,0.913195788860321,7.742034907431511,0.45895511921458626,,23.713600000064616
indoor,CAP,1409_2.png,23.995026913739363,0.9331841468811035,7.690634052018883,0.49781556802244037,,25.114600000051723
indoor,CAP,1409_3.png,24.526668704730717,0.9337885975837708,7.703636451416685,0.4937552594670407,,23.58649999996487
indoor,CAP,1409_4.png,24.701126714842303,0.9335274696350098,7.727159892269264,0.48935834502103787,,24.856200000158424
indoor,CAP,1409_5.png,24.484867445412025,0.9325342774391174,7.73686254479015,0.4845617110799439,,23.850199999742472
indoor,CAP,1409_6.png,23.91927934858931,0.9311017394065857,7.751891671074767,0.4800981767180926,,24.69790000031935
indoor,CAP,1409_7.png,23.048145875177028,0.928094208240509,7.759570136362798,0.4753856942496494,,23.64629999965473
indoor,CAP,1409_8.png,22.053362203744065,0.9238672852516174,7.757361235160404,0.4703120617110799,,24.631499999941298
indoor,CAP,1409_9.png,21.062993567238536,0.9190475344657898,7.751597012304155,0.4651332398316971,,23.689399999966554
indoor,CAP,1410_1.png,18.476956080498375,0.8860825896263123,6.941601306343922,0.3421213183730715,,25.866700000278797
indoor,CAP,1410_10.png,19.254895996567715,0.9182994961738586,7.4465668958091635,0.3538148667601683,,24.674299999787763
indoor,CAP,1410_2.png,18.86405554001066,0.8955703377723694,7.009626949517963,0.3482258064516129,,24.89369999966584
indoor,CAP,1410_3.png,19.241541397827667,0.9032437801361084,7.088295369624356,0.3526051893408135,,24.242899999990186
indoor,CAP,1410_4.png,19.579249612495936,0.9091470241546631,7.165021345684864,0.3552244039270687,,24.369499999920663
indoor,CAP,1410_5.png,19.839823655611358,0.9135211110115051,7.232851819604236,0.3568092566619916,,23.754700000154116
indoor,CAP,1410_6.png,19.984400136572138,0.916461169719696,7.290345977140199,0.35747545582047685,,24.90669999997408
indoor,CAP,1410_7.png,20.002446996058964,0.9183021187782288,7.332560030085608,0.357671809256662,,24.131299999680778
indoor,CAP,1410_8.png,19.878711271212346,0.9191320538520813,7.374029188648187,0.35731767180925667,,32.17820000008942
indoor,CAP,1410_9.png,19.622048879651754,0.9190926551818848,7.410169956734802,0.35577840112201964,,24.05610000005254
indoor,CAP,1411_1.png,24.22439155829135,0.9221200942993164,6.2525286603082755,0.2438569424964937,,24.375799999688752
indoor,CAP,1411_10.png,16.823545134563275,0.8019880652427673,6.411548383106183,0.22614656381486675,,24.042500000177824
indoor,CAP,1411_2.png,25.19291089605787,0.92177414894104,6.281429987921066,0.2451858345021038,,24.76459999979852
indoor,CAP,1411_3.png,25.61529838754344,0.9143627285957336,6.494765603429561,0.24542776998597476,,24.234099999830505
indoor,CAP,1411_4.png,25.143863361435848,0.9020717144012451,6.479352412045504,0.24475105189340812,,24.701399999685236
indoor,CAP,1411_5.png,24.075716841722844,0.8885475993156433,6.439196928068035,0.24396914446002804,,23.705700000391516
indoor,CAP,1411_6.png,22.519521335488115,0.8716700673103333,6.430776899417333,0.24164446002805048,,24.638899999899877
indoor,CAP,1411_7.png,20.91067607887269,0.8541468977928162,6.434322199452973,0.23781206171107994,,23.880300000200805
indoor,CAP,1411_8.png,19.39557312784532,0.8363849520683289,6.4324377251609635,0.23434431977559608,,25.017200000093
indoor,CAP,1411_9.png,18.03207498490945,0.8189656138420105,6.4308407098845715,0.23041023842917252,,24.509000000307424
indoor,CAP,1412_1.png,18.189122634767457,0.860469400882721,7.3044975732431165,0.36071528751753157,,24.424100000032922
indoor,CAP,1412_10.png,17.473078595500436,0.8569218516349792,7.578779425014699,0.35177419354838707,,23.749900000439084
indoor,CAP,1412_2.png,18.60444741859984,0.8697826862335205,7.345133830144828,0.36203716690042076,,24.009100000057515
indoor,CAP,1412_3.png,18.9604713112694,0.875810444355011,7.384062041208239,0.36344670406732116,,23.55630000010933
indoor,CAP,1412_4.png,19.212953297385134,0.8791767954826355,7.421865057395159,0.36363253856942496,,25.083200000153738
indoor,CAP,1412_5.png,19.319368240464144,0.8797821998596191,7.453689613311685,0.3627103786816269,,24.041399999987334
indoor,CAP,1412_6.png,19.2428916730032,0.8779888153076172,7.50105572982784,0.36194600280504907,,24.8940000001312
indoor,CAP,1412_7.png,18.98665258145374,0.8743388056755066,7.525308819737254,0.36032608695652174,,24.017000000185362
indoor,CAP,1412_8.png,18.57889997476179,0.8693556785583496,7.5447455620948585,0.35768232819074336,,24.84420000018872
indoor,CAP,1412_9.png,18.057491469154602,0.8635039329528809,7.55988914970907,0.3553085553997195,,23.3978000001116
indoor,CAP,1413_1.png,23.675963862626055,0.9350267052650452,7.358290019370385,0.4006837307152875,,25.288199999977223
indoor,CAP,1413_10.png,13.246718272542857,0.7791280746459961,7.199805977884759,0.360718793828892,,23.51940000016839
indoor,CAP,1413_2.png,25.319407957371492,0.9334927201271057,7.373894774641836,0.40164095371669006,,24.996699999974226
indoor,CAP,1413_3.png,25.238385029626187,0.9238477349281311,7.387018263977799,0.40197755960729314,,23.82069999976011
indoor,CAP,1413_4.png,23.317857263673822,0.9081552624702454,7.381759070229247,0.3995827489481066,,24.392100000113714
indoor,CAP,1413_5.png,20.970770719900788,0.8894846439361572,7.369752819008127,0.3964796633941094,,24.221299999680923
indoor,CAP,1413_6.png,18.854776132432978,0.868628978729248,7.34754963365366,0.3906311360448808,,24.239899999884074
indoor,CAP,1413_7.png,17.080457741036717,0.8467893600463867,7.315630422506226,0.38439340813464234,,24.114499999996042
indoor,CAP,1413_8.png,15.583167744125586,0.8242216110229492,7.287367129952263,0.37691444600280505,,24.73329999975249
indoor,CAP,1413_9.png,14.323443373152166,0.801663339138031,7.244118376325774,0.3694880785413745,,24.19389999977284
indoor,CAP,1414_1.png,21.538676346265376,0.9134724736213684,7.547517050936884,0.4308239831697055,,24.767599999904633
indoor,CAP,1414_10.png,16.211495144402917,0.8247054219245911,7.426189484287313,0.40420757363253856,,24.556899999879533
indoor,CAP,1414_2.png,22.684664467977143,0.9151394963264465,7.558942878568536,0.431781206171108,,25.4147999999077
indoor,CAP,1414_3.png,23.56385568540055,0.9128445982933044,7.590079451900472,0.43221598877980366,,23.729699999876175
indoor,CAP,1414_4.png,23.739964681358273,0.9072920680046082,7.582508664574209,0.43158134642356244,,24.140799999713636
indoor,CAP,1414_5.png,23.013829764963685,0.8986260890960693,7.569126270179452,0.42933029453015426,,23.915999999644555
indoor,CAP,1414_6.png,21.692379602596375,0.8872715830802917,7.553116119059257,0.42524544179523144,,24.328299999979208
indoor,CAP,1414_7.png,20.191958197060707,0.873931348323822,7.534713648544365,0.42122370266479664,,23.56129999998302
indoor,CAP,1414_8.png,18.72799559248863,0.8587636947631836,7.505693341980378,0.416335904628331,,24.95599999974729
indoor,CAP,1414_9.png,17.396071180100375,0.8421862721443176,7.470312142757088,0.4103716690042076,,23.650399999951333
indoor,CAP,1415_1.png,18.49878459473848,0.827534019947052,6.784122985531132,0.19572931276297334,,25.344000000131928
indoor,CAP,1415_10.png,20.57602300326233,0.8959655165672302,7.520755085980989,0.22270336605890603,,24.229600000126084
indoor,CAP,1415_2.png,19.559502673195134,0.8536878228187561,6.90930151438324,0.20298036465638147,,25.58660000022428
indoor,CAP,1415_3.png,20.68084587524335,0.8746121525764465,7.039056941504789,0.20995441795231418,,23.739199999909033
indoor,CAP,1415_4.png,21.712574175515638,0.8892015814781189,7.157487593144835,0.21537868162692847,,24.99039999975139
indoor,CAP,1415_5.png,22.648761611556697,0.8999486565589905,7.25867540279078,0.21806451612903227,,23.300599999856786
indoor,CAP,1415_6.png,23.199411586842118,0.906177282333374,7.333517276604927,0.22105890603085554,,24.359199999707926
indoor,CAP,1415_7.png,23.18646252120535,0.9085900187492371,7.392624326284924,0.22200210378681626,,23.97259999997914
indoor,CAP,1415_8.png,22.604502610853068,0.9071140885353088,7.442819210639595,0.22307854137447405,,24.55820000022868
indoor,CAP,1415_9.png,21.66657595447161,0.902980625629425,7.487168636651893,0.2235553997194951,,23.56759999975111
indoor,CAP,1416_1.png,17.262657862404257,0.9059941172599792,7.458962701978057,0.33331697054698456,,24.5905000001585
indoor,CAP,1416_10.png,16.982189747361705,0.890282928943634,7.340191919946278,0.32993338008415146,,23.91570000008869
indoor,CAP,1416_2.png,17.454024725291227,0.9063026309013367,7.450715974087635,0.3340883590462833,,24.056799999925715
indoor,CAP,1416_3.png,17.614899750077655,0.9057747721672058,7.4411784286668174,0.334554698457223,,24.296899999626476
indoor,CAP,1416_4.png,17.729939347991028,0.9045107960700989,7.428154370782747,0.335718793828892,,24.821800000154326
indoor,CAP,1416_5.png,17.784532128866825,0.902974545955658,7.412610995452296,0.33503155680224406,,24.053599999660946
indoor,CAP,1416_6.png,17.71588613492834,0.9007902145385742,7.396612574702731,0.3346037868162693,,24.92759999995542
indoor,CAP,1416_7.png,17.63739969409736,0.8985740542411804,7.382277446324424,0.3338709677419355,,23.88920000021244
indoor,CAP,1416_8.png,17.492251911866465,0.8961898684501648,7.3660928649520905,0.3337938288920056,,24.62569999988773
indoor,CAP,1416_9.png,17.28728646959521,0.8935527205467224,7.355057803477428,0.3325596072931276,,24.013100000047416
indoor,CAP,1417_1.png,22.74794594380355,0.9299262166023254,7.6692377182566345,0.5302699859747546,,24.03009999989081
indoor,CAP,1417_10.png,18.506856882185122,0.8897483348846436,7.820432617738868,0.4858835904628331,,24.222000000008848
indoor,CAP,1417_2.png,24.17953139013179,0.9402587413787842,7.70201436578713,0.5285448807854137,,25.168199999825447
indoor,CAP,1417_3.png,25.349371548091714,0.9464386105537415,7.739968294545044,0.5266374474053296,,23.884199999884004
indoor,CAP,1417_4.png,25.77635103028975,0.9485544562339783,7.770796022233586,0.5231451612903226,,25.00899999995454
indoor,CAP,1417_5.png,25.214251176171544,0.9468393921852112,7.793084853431605,0.5182819074333801,,23.829600000226492
indoor,CAP,1417_6.png,23.954279737729188,0.9410428404808044,7.810215316965946,0.5123527349228612,,25.448100000176055
indoor,CAP,1417_7.png,22.463805471614528,0.9317757487297058,7.824708553323737,0.5066900420757363,,23.91269999998258
indoor,CAP,1417_8.png,21.009975764875485,0.9195956587791443,7.831722943706111,0.49983870967741933,,24.55660000032367
indoor,CAP,1417_9.png,19.685254687915396,0.9056666493415833,7.828541286469357,0.4930610098176718,,23.78969999972469
indoor,CAP,1418_1.png,22.25675273015441,0.9054858088493347,7.794217058211599,0.6047545582047685,,24.20669999992242
indoor,CAP,1418_10.png,19.43563849453967,0.8813032507896423,7.896863066286411,0.561781206171108,,24.925700000039797
indoor,CAP,1418_2.png,23.23711316251174,0.915840208530426,7.826535221057001,0.605413744740533,,24.699900000086927
indoor,CAP,1418_3.png,23.98757444226198,0.9221022725105286,7.854778292208772,0.6038990182328191,,24.033199999848875
indoor,CAP,1418_4.png,24.308401570572507,0.9237458109855652,7.874811825883018,0.600210378681627,,25.96270000003642
indoor,CAP,1418_5.png,24.13547853640559,0.922351598739624,7.892269636258307,0.5957082748948107,,24.50780000026498
indoor,CAP,1418_6.png,23.494637754219298,0.918104887008667,7.90219695095909,0.5909642356241234,,24.52610000000277
indoor,CAP,1418_7.png,22.563925732905943,0.9112984538078308,7.9108794649649505,0.5840532959326789,,23.838500000238128
indoor,CAP,1418_8.png,21.510901287221795,0.9025489687919617,7.909466084709169,0.5771248246844319,,25.331199999982346
indoor,CAP,1418_9.png,20.44876879336943,0.8924536108970642,7.90478194274081,0.5695757363253857,,24.05780000026425
indoor,CAP,1419_1.png,22.47292430966474,0.9073889255523682,7.718679011814673,0.6449824684431977,,23.9542999997866
indoor,CAP,1419_10.png,18.597661769312612,0.8872227072715759,7.881504596419459,0.619554698457223,,24.53560000003563
indoor,CAP,1419_2.png,23.105717246129615,0.9154960513114929,7.757816274822116,0.6474053295932679,,24.327099999936763
indoor,CAP,1419_3.png,23.44797554427032,0.9207025170326233,7.7917794987251074,0.6474544179523142,,24.009100000057515
indoor,CAP,1419_4.png,23.388513321290176,0.9226872324943542,7.8181214737935125,0.6469670406732118,,24.10310000004756
indoor,CAP,1419_5.png,22.94725270782854,0.9219997525215149,7.837071317035613,0.6443092566619916,,24.301800000102958
indoor,CAP,1419_6.png,22.23762825691031,0.9188318848609924,7.853598814006406,0.6406977559607293,,25.776099999802682
indoor,CAP,1419_7.png,21.36068854983726,0.9132134318351746,7.8660333048510465,0.6364971949509116,,23.969599999873026
indoor,CAP,1419_8.png,20.41762840667946,0.905806839466095,7.879142201024954,0.6319179523141655,,24.638300000333402
indoor,CAP,1419_9.png,19.488137058849794,0.897083580493927,7.881019545145278,0.6261255259467041,,24.365400000078807
indoor,CAP,1420_1.png,24.155326987104765,0.9342346787452698,7.636806782338802,0.5035028050490884,,25.157600000056846
indoor,CAP,1420_10.png,14.140727657932405,0.7851834297180176,7.526009318430549,0.44555750350631135,,24.111299999731273
indoor,CAP,1420_2.png,25.228633196761837,0.9309473633766174,7.638617682670036,0.5043232819074334,,24.793900000076974
indoor,CAP,1420_3.png,25.0225780684448,0.9208155274391174,7.65360128214386,0.5023632538569425,,24.20060000031299
indoor,CAP,1420_4.png,23.54186581671748,0.9063282012939453,7.663721045379281,0.4980224403927069,,24.799799999982497
indoor,CAP,1420_5.png,21.566331451400163,0.8890016078948975,7.663263371389747,0.49254558204768584,,23.98270000003322
indoor,CAP,1420_6.png,19.650049595066776,0.8698073029518127,7.65036731830881,0.48473702664796636,,25.016900000082387
indoor,CAP,1420_7.png,17.95945551605708,0.8494794964790344,7.629113380707625,0.475820476858345,,24.196800000026997
indoor,CAP,1420_8.png,16.496447302021586,0.8283827304840088,7.60072633527816,0.46592215988779806,,25.667200000043522
indoor,CAP,1420_9.png,15.233877347834825,0.8068742752075195,7.566744904606701,0.45682678821879386,,23.90190000005532
indoor,CAP,1421_1.png,19.217574502362215,0.8469292521476746,7.114330648797923,0.392468443197756,,24.292399999922054
indoor,CAP,1421_10.png,20.268782902144263,0.8637918829917908,7.347195548506191,0.4268232819074334,,23.98719999973764
indoor,CAP,1421_2.png,19.600982184039673,0.8566907048225403,7.161636668219107,0.39652173913043476,,25.00419999978476
indoor,CAP,1421_3.png,19.997755932890477,0.865361213684082,7.196600443409098,0.4052875175315568,,23.932800000238785
indoor,CAP,1421_4.png,20.30852919851113,0.8711370825767517,7.221864830396062,0.41161290322580646,,24.35590000004595
indoor,CAP,1421_5.png,20.590375055761672,0.8743391633033752,7.247130726344323,0.4171493688639551,,24.053899999671557
indoor,CAP,1421_6.png,20.784167130576897,0.8752596974372864,7.263291553783798,0.42123071528751754,,24.857800000063435
indoor,CAP,1421_7.png,20.862994126956433,0.8744669556617737,7.282744519341978,0.42353085553997194,,23.775600000135455
indoor,CAP,1421_8.png,20.798283285012143,0.8719658255577087,7.303479978206391,0.42514726507713885,,25.1445000003514
indoor,CAP,1421_9.png,20.603186541490075,0.868584930896759,7.327543140001674,0.42638148667601683,,23.94800000001851
indoor,CAP,1422_1.png,21.930124484768548,0.7808887958526611,7.121971232935669,0.25354488078541376,,24.489200000061828
indoor,CAP,1422_10.png,17.843355957967784,0.7490463256835938,7.361640826457673,0.2430610098176718,,23.437900000317313
indoor,CAP,1422_2.png,22.45076090442801,0.7937955260276794,7.154813473584978,0.25564866760168303,,24.910300000101415
indoor,CAP,1422_3.png,22.71580310831101,0.8006404042243958,7.195819691615065,0.25709326788218795,,24.210199999743054
indoor,CAP,1422_4.png,22.648855807970662,0.8035287857055664,7.219607055536964,0.25699158485273493,,23.969700000179728
indoor,CAP,1422_5.png,22.248085753464277,0.8021898865699768,7.232903220569574,0.25538920056100983,,24.5150000000649
indoor,CAP,1422_6.png,21.559547240482747,0.7960779070854187,7.249921563011464,0.2547475455820477,,24.460399999952642
indoor,CAP,1422_7.png,20.740306810562934,0.7876933217048645,7.268188576493021,0.2519635343618513,,24.374099999931786
indoor,CAP,1422_8.png,19.707461111403198,0.7746438980102539,7.292459625611908,0.2496984572230014,,24.741099999573635
indoor,CAP,1422_9.png,18.729196955368565,0.761465847492218,7.324367133479331,0.2470687237026648,,23.686800000177755
indoor,CAP,1423_1.png,23.124378300120938,0.7786327004432678,6.745908627969489,0.2610694249649369,,23.973500000010972
indoor,CAP,1423_10.png,13.348443474028745,0.6699113249778748,7.2417035850860225,0.25690743338008415,,23.841100000026927
indoor,CAP,1423_2.png,22.622243350593113,0.7771737575531006,6.837302183110155,0.2664936886395512,,24.67369999976654
indoor,CAP,1423_3.png,21.570817572337365,0.7715807557106018,6.895572963090215,0.26895161290322583,,23.505300000124407
indoor,CAP,1423_4.png,20.235465495490203,0.7622918486595154,6.926822466897149,0.27018232819074334,,24.54829999987851
indoor,CAP,1423_5.png,18.870414630836116,0.7507428526878357,6.936781041754921,0.26976507713884995,,23.801499999990483
indoor,CAP,1423_6.png,17.508492452888987,0.735847532749176,6.979014950269198,0.26875175315568023,,25.343299999804003
indoor,CAP,1423_7.png,16.365820893048948,0.7211704254150391,7.04543111624322,0.26653576437587656,,23.88119999977789
indoor,CAP,1423_8.png,15.233737065853866,0.7041071057319641,7.132375270015027,0.2636395511921459,,25.228900000001886
indoor,CAP,1423_9.png,14.21535533506874,0.6865187287330627,7.201522369347709,0.26083450210378684,,24.22630000000936
indoor,CAP,1424_1.png,21.071499309253994,0.8411135673522949,7.198731830295693,0.41580294530154277,,24.34640000001309
indoor,CAP,1424_10.png,16.58849854351601,0.8169524073600769,7.624451646735729,0.4074579242636746,,24.19049999980416
indoor,CAP,1424_2.png,21.53558289714129,0.8474634289741516,7.255981060157474,0.41791374474053294,,24.836399999912828
indoor,CAP,1424_3.png,21.72967461346437,0.8517226576805115,7.319317031877015,0.42097124824684434,,23.758599999837315
indoor,CAP,1424_4.png,21.526768208515197,0.8528853058815002,7.372441889455763,0.42190743338008413,,24.847500000305445
indoor,CAP,1424_5.png,21.014677456974415,0.851813793182373,7.418773278428504,0.4212131837307153,,24.31670000032682
indoor,CAP,1424_6.png,20.28847138539839,0.8488550186157227,7.46484805039409,0.4207258064516129,,24.121199999626697
indoor,CAP,1424_7.png,19.39711884419077,0.8432857990264893,7.511397526958073,0.41759116409537167,,23.88829999972586
indoor,CAP,1424_8.png,18.53514139857515,0.8366510272026062,7.548667124216149,0.413937587657784,,24.982700000236946
indoor,CAP,1424_9.png,17.699393231427514,0.8288787007331848,7.5796429955352815,0.4098492286115007,,23.90190000005532
indoor,CAP,1425_1.png,24.627794313287637,0.9050108790397644,7.59006092310767,0.5889866760168303,,25.157300000046234
indoor,CAP,1425_10.png,13.50570693271047,0.7178914546966553,7.463663474775826,0.5370441795231417,,24.171600000045146
indoor,CAP,1425_2.png,24.07619019543628,0.8891512751579285,7.575462180193328,0.5890287517531557,,25.259099999857426
indoor,CAP,1425_3.png,22.868235205766695,0.8693637847900391,7.564761119597758,0.5861185133239831,,24.650699999710923
indoor,CAP,1425_4.png,21.30695739870502,0.8477742075920105,7.565196363855554,0.5825,,24.926500000219676
indoor,CAP,1425_5.png,19.688092417342606,0.8242072463035583,7.557670068959897,0.5771633941093969,,24.048600000242004
indoor,CAP,1425_6.png,18.162687091785784,0.8005927205085754,7.537685937405729,0.5707468443197756,,24.813799999719777
indoor,CAP,1425_7.png,16.786499384756517,0.7783357501029968,7.517338170186103,0.5631977559607293,,23.91699999998309
indoor,CAP,1425_8.png,15.560458076092106,0.7570958137512207,7.49618258147299,0.555171809256662,,24.387299999943934
indoor,CAP,1425_9.png,14.471773509718115,0.7369902729988098,7.479129627535744,0.5462272089761571,,24.549300000217045
indoor,CAP,1426_1.png,23.23094475358716,0.8298077583312988,7.356885026172261,0.5434431977559607,,24.61970000013025
indoor,CAP,1426_10.png,15.938330264077873,0.7490876317024231,7.483091285364773,0.5350946704067321,,24.541400000089197
indoor,CAP,1426_2.png,23.08240873515498,0.8297457695007324,7.366488879294935,0.5477875175315569,,24.57619999995586
indoor,CAP,1426_3.png,22.500166734203503,0.8249766826629639,7.374943906661718,0.5492461430575035,,23.779499999818654
indoor,CAP,1426_4.png,21.585212228337323,0.8171312212944031,7.392752536212453,0.5499824684431978,,24.548700000195822
indoor,CAP,1426_5.png,20.63857253817336,0.8078081011772156,7.407319140606423,0.5490918653576438,,23.75900000015463
indoor,CAP,1426_6.png,19.677349719600898,0.7984932065010071,7.43174197219968,0.547570126227209,,24.753200000304787
indoor,CAP,1426_7.png,18.61859631832383,0.7860671877861023,7.44949798531256,0.5449403927068723,,25.157499999750144
indoor,CAP,1426_8.png,17.656641700769715,0.7738288044929504,7.464992809735433,0.5423562412342215,,24.65910000000804
indoor,CAP,1426_9.png,16.763264371093463,0.7614927291870117,7.476273465915918,0.5394389901823282,,24.188800000047195
indoor,CAP,1427_1.png,17.73694043491607,0.7626722455024719,6.624407907280234,0.2809502103786816,,25.278399999933754
indoor,CAP,1427_10.png,18.42042882609287,0.8156744837760925,7.052315892701335,0.2904102384291725,,24.150299999746494
indoor,CAP,1427_2.png,18.02216587843994,0.772890567779541,6.687332378323024,0.28000350631136045,,25.047600000107195
indoor,CAP,1427_3.png,18.252104427233295,0.7832045555114746,6.73995818425555,0.28053997194950914,,23.825700000088545
indoor,CAP,1427_4.png,18.350896722981002,0.7912992835044861,6.776781145790328,0.28196002805049086,,24.840099999892118
indoor,CAP,1427_5.png,18.453815199474267,0.7990042567253113,6.8243761810505905,0.2852138849929874,,23.846099999900616
indoor,CAP,1427_6.png,18.551258248992198,0.8058886528015137,6.874863737473294,0.287086255259467,,24.86540000018067
indoor,CAP,1427_7.png,18.61546263826798,0.8118237853050232,6.936701583726256,0.28968793828892003,,23.822500000278524
indoor,CAP,1427_8.png,18.5407430707036,0.8121743202209473,6.957603544574552,0.28889901823281905,,25.018499999987398
indoor,CAP,1427_9.png,18.488047435295293,0.814551055431366,7.001611134440861,0.2899228611500701,,24.069300000064686
indoor,CAP,1428_1.png,20.819657320068,0.8166174292564392,7.447987490686488,0.5236535764375877,,24.72280000029059
indoor,CAP,1428_10.png,16.890521952464248,0.7752912640571594,7.496625266394573,0.4811115007012623,,24.395999999796913
indoor,CAP,1428_2.png,19.79263360322086,0.8066818118095398,7.455342273981728,0.5232328190743338,,25.040900000021793
indoor,CAP,1428_3.png,18.74255554782256,0.7961488366127014,7.469746259489641,0.5220617110799439,,24.527300000045216
indoor,CAP,1428_4.png,17.7073306378711,0.7853019833564758,7.498420130861831,0.5192391304347826,,24.73820000022897
indoor,CAP,1428_5.png,16.74704228909354,0.7750056385993958,7.53302876923899,0.5169460028050491,,24.179300000014337
indoor,CAP,1428_6.png,15.867663555358288,0.7652856707572937,7.564140356726497,0.5144039270687237,,25.11319999985062
indoor,CAP,1428_7.png,19.614096770626695,0.8073956370353699,7.398606844511877,0.4871914446002805,,24.226900000030582
indoor,CAP,1428_8.png,18.69121640122229,0.7963578104972839,7.427357871077624,0.48585904628330995,,24.875000000065484
indoor,CAP,1428_9.png,17.771802097134383,0.7858052849769592,7.463715516640418,0.4840532959326788,,24.15259999997943
indoor,CAP,1429_1.png,24.243887841071402,0.8385145664215088,7.20574916083066,0.4435694249649369,,24.860800000169547
indoor,CAP,1429_10.png,13.031906111257634,0.6547484993934631,7.485608958263146,0.3826928471248247,,24.002499999824067
indoor,CAP,1429_2.png,23.253335708960794,0.8154425621032715,7.183904743837346,0.4418758765778401,,24.694299999737268
indoor,CAP,1429_3.png,21.80513623698087,0.7915916442871094,7.2012292609374216,0.43805049088359044,,24.042200000167213
indoor,CAP,1429_4.png,20.221160930555225,0.7688533663749695,7.239335623879105,0.4321774193548387,,24.494400000094174
indoor,CAP,1429_5.png,18.69486887180904,0.7472255229949951,7.275663961136245,0.4242741935483871,,24.298299999827577
indoor,CAP,1429_6.png,17.29755885077589,0.7269763946533203,7.325246362249689,0.4153155680224404,,24.986299999909534
indoor,CAP,1429_7.png,16.042649736595706,0.7077391147613525,7.389269069762467,0.40686886395511923,,24.5918000000529
indoor,CAP,1429_8.png,14.923029004850598,0.689373791217804,7.4436217824340565,0.3987903225806452,,25.54829999962749
indoor,CAP,1429_9.png,13.924982873300625,0.671337366104126,7.46626056126768,0.3902594670406732,,24.288099999921542
indoor,CAP,1430_1.png,23.209916758306903,0.7791538834571838,6.593055932480285,0.19581697054698458,,24.967800000013085
indoor,CAP,1430_10.png,17.97195481592781,0.6549763083457947,7.1710204766145536,0.1916514726507714,,23.81969999987632
indoor,CAP,1430_2.png,23.778308776296548,0.7960801720619202,6.644923584828593,0.19687587657784011,,24.56160000019736
indoor,CAP,1430_3.png,24.148730338997666,0.8014299273490906,6.7185827512440675,0.19678471248246845,,24.000899999919056
indoor,CAP,1430_4.png,24.106263801378844,0.7951290011405945,6.809936643740671,0.19691444600280505,,25.147199999992154
indoor,CAP,1430_5.png,23.564320793281354,0.7784799933433533,6.900860821253217,0.19656030855539972,,23.694699999850855
indoor,CAP,1430_6.png,22.71293874431057,0.7569023966789246,6.969310503936015,0.1964656381486676,,24.909700000080193
indoor,CAP,1430_7.png,21.549307859213386,0.728742778301239,7.028954190733433,0.1956977559607293,,23.740499999803433
indoor,CAP,1430_8.png,20.299764063508174,0.7019360065460205,7.0781577798946165,0.19447755960729313,,24.85709999973551
indoor,CAP,1430_9.png,19.07815265599472,0.6770452857017517,7.123457274548835,0.1927875175315568,,24.07119999998031
indoor,CAP,1431_1.png,23.676170085008717,0.8240545392036438,6.785687363068484,0.24672159887798037,,24.328299999979208
indoor,CAP,1431_10.png,17.030380699650397,0.7328736186027527,7.274417813333137,0.24981065918653578,,24.27110000007815
indoor,CAP,1431_2.png,23.91792437903983,0.8259890675544739,6.804264036148419,0.24930925666199158,,25.71510000007038
indoor,CAP,1431_3.png,23.87118298851366,0.823293924331665,6.84526847304805,0.25100981767180924,,24.330200000349578
indoor,CAP,1431_4.png,23.469220656294706,0.8168367743492126,6.879569857335366,0.25218443197755963,,24.675099999967642
indoor,CAP,1431_5.png,22.65678950422128,0.8069230914115906,6.957720595308596,0.2534011220196353,,24.603299999853334
indoor,CAP,1431_6.png,21.578029288075115,0.7945477366447449,7.07117411833275,0.25421458625525944,,24.5943999998417
indoor,CAP,1431_7.png,20.39183876309697,0.7807089686393738,7.136042708012779,0.25395511921458624,,23.99199999990742
indoor,CAP,1431_8.png,19.200839413815164,0.7646562457084656,7.19759442938754,0.25283309957924266,,24.32509999971444
indoor,CAP,1431_9.png,18.077185655773935,0.7487936019897461,7.245545410080862,0.25147615708274895,,24.045099999966624
indoor,CAP,1432_1.png,21.49118863959648,0.735612154006958,6.638142739219746,0.27609046283309957,,24.61779999975988
indoor,CAP,1432_10.png,20.92769128897766,0.7399158477783203,7.088007671544604,0.24136044880785415,,23.6985999999888
indoor,CAP,1432_2.png,21.58362891267018,0.7317314147949219,6.660526793251355,0.2644319775596073,,24.822500000027503
indoor,CAP,1432_3.png,21.799685860234085,0.7315443158149719,6.6827414212739695,0.2553015427769986,,23.81359999981214
indoor,CAP,1432_4.png,22.06024971526301,0.7339144349098206,6.717686687598024,0.2513288920056101,,24.397700000008626
indoor,CAP,1432_5.png,22.15244247992831,0.7351604104042053,6.725547470767591,0.2487061711079944,,23.826499999813677
indoor,CAP,1432_6.png,22.120324635208686,0.7363539338111877,6.766087838148923,0.24600631136044881,,24.69569999993837
indoor,CAP,1432_7.png,21.968439277683345,0.7377598881721497,6.846499146320712,0.2436360448807854,,23.836599999867758
indoor,CAP,1432_8.png,21.71063092625742,0.7381535172462463,6.917632091712582,0.242328190743338,,24.491300000136107
indoor,CAP,1432_9.png,21.35547277365758,0.7392401695251465,7.001289352815693,0.24139901823281906,,24.127799999860144
indoor,CAP,1433_1.png,21.662927268272455,0.7798784375190735,6.899180350815105,0.3168688639551192,,24.483900000177528
indoor,CAP,1433_10.png,20.416072307998874,0.7959187030792236,7.5305613681559205,0.3135273492286115,,24.21649999996589
indoor,CAP,1433_2.png,22.163746216874024,0.7854456901550293,6.9370522750436,0.3156907433380084,,24.723699999867677
indoor,CAP,1433_3.png,22.646917880933565,0.7912465929985046,7.011068213817811,0.31458625525946704,,24.1598000002341
indoor,CAP,1433_4.png,23.0876963765359,0.7973609566688538,7.114735048026438,0.313117110799439,,24.399399999765592
indoor,CAP,1433_5.png,23.3151285862674,0.802720844745636,7.202841194959411,0.31311360448807857,,24.23720000024332
indoor,CAP,1433_6.png,23.24877440200327,0.8066427707672119,7.276946660651834,0.3139516129032258,,24.64269999973112
indoor,CAP,1433_7.png,22.82865216042399,0.8082371354103088,7.353995229632296,0.31477910238429174,,24.688699999842356
indoor,CAP,1433_8.png,22.122388007515532,0.8055593967437744,7.416340210210947,0.3144600280504909,,24.381000000175845
indoor,CAP,1433_9.png,21.30462849123484,0.8021395802497864,7.476560563218767,0.31415848527349227,,23.84540000002744
indoor,CAP,1434_1.png,19.046201739075798,0.8995206952095032,7.124917150133166,0.21240182328190743,,24.352099999759957
indoor,CAP,1434_10.png,18.98980570251451,0.893727719783783,7.348553685577498,0.21916549789621317,,23.53160000029675
indoor,CAP,1434_2.png,19.749898637173438,0.9080705642700195,7.1658588454352525,0.21750350631136045,,24.75400000002992
indoor,CAP,1434_3.png,20.411801913666068,0.9136936664581299,7.202426266824281,0.22079943899018234,,23.78930000031687
indoor,CAP,1434_4.png,20.8989141920526,0.9164109230041504,7.230860266102934,0.22234572230014024,,24.582699999882607
indoor,CAP,1434_5.png,21.237716860901067,0.9171221852302551,7.270224996445766,0.2236921458625526,,23.76239999966856
indoor,CAP,1434_6.png,21.286011545585577,0.915813684463501,7.2957555683986355,0.22375525946704067,,24.98859999968772
indoor,CAP,1434_7.png,21.02415330955072,0.9125928282737732,7.31075192676986,0.22306451612903225,,23.974400000042806
indoor,CAP,1434_8.png,20.495893558269653,0.9077032208442688,7.325923342630952,0.22184782608695652,,25.113099999998667
indoor,CAP,1434_9.png,19.789933425238768,0.9013919830322266,7.336656450759092,0.22075736325385695,,24.096600000120816
indoor,CAP,1435_1.png,22.72233534780029,0.9006466865539551,7.593833132271608,0.36106591865357646,,33.285500000147294
indoor,CAP,1435_10.png,16.85825309650044,0.8449500203132629,7.255483111931206,0.3133134642356241,,23.612799999682466
indoor,CAP,1435_2.png,23.19164761830512,0.9023127555847168,7.581098811657701,0.3583274894810659,,24.542600000131642
indoor,CAP,1435_3.png,23.442807696143845,0.9005346298217773,7.555450653982988,0.35487377279102383,,23.964499999692634
indoor,CAP,1435_4.png,22.882472951337004,0.8955062031745911,7.579082867117996,0.3498422159887798,,24.507399999947665
indoor,CAP,1435_5.png,22.099117865206942,0.8891582489013672,7.5371051644710425,0.3443092566619916,,24.35669999977108
indoor,CAP,1435_6.png,21.08019769387603,0.8817815780639648,7.495294821089239,0.33847475455820475,,24.501800000052754
indoor,CAP,1435_7.png,19.969362335055308,0.8736850619316101,7.448722576029362,0.3322124824684432,,24.15500000006432
indoor,CAP,1435_8.png,18.868682813594667,0.8648509979248047,7.3916969530786245,0.3263183730715288,,24.969900000087364
indoor,CAP,1435_9.png,17.825187313583875,0.855311393737793,7.327987509196247,0.3193899018232819,,24.62920000016311
indoor,CAP,1436_1.png,19.42853428381528,0.9036126136779785,7.411511317154705,0.26724403927068724,,24.661099999775615
indoor,CAP,1436_10.png,23.15007285804045,0.9205688834190369,7.412200612977726,0.24627980364656382,,24.234799999703682
indoor,CAP,1436_2.png,20.16417339483816,0.909722089767456,7.435545338784228,0.2648106591865358,,24.355500000183383
indoor,CAP,1436_3.png,20.906091730354103,0.9146837592124939,7.443978916195941,0.262945301542777,,23.698700000295503
indoor,CAP,1436_4.png,21.63085788477749,0.918537437915802,7.447473393028923,0.26163744740532957,,24.642800000037823
indoor,CAP,1436_5.png,22.299704505332535,0.9212245345115662,7.452407972712134,0.2584537166900421,,23.962700000083714
indoor,CAP,1436_6.png,22.85376092669666,0.9224335551261902,7.459352350166547,0.2566023842917251,,24.38159999974232
indoor,CAP,1436_7.png,23.246407696873312,0.922901451587677,7.4584889575529445,0.25399719495091166,,23.677700000007462
indoor,CAP,1436_8.png,23.434067964820553,0.9226996302604675,7.451899644128254,0.2515953716690042,,24.720699999761564
indoor,CAP,1436_9.png,23.399222524508442,0.9217736124992371,7.437028591167546,0.24940743338008414,,23.946100000102888
indoor,CAP,1437_1.png,20.825674567430433,0.9051150679588318,7.099934954835175,0.377156381486676,,25.834300000042276
indoor,CAP,1437_10.png,15.952014948249285,0.8161605000495911,7.4102261755266134,0.3482328190743338,,23.841599999741447
indoor,CAP,1437_2.png,21.82629661157528,0.9131312966346741,7.1573678147268724,0.3779523141654979,,24.042800000188436
indoor,CAP,1437_3.png,22.53876508363495,0.9134878516197205,7.213811211926183,0.37695301542777,,24.23449999969307
indoor,CAP,1437_4.png,22.580176151744578,0.9084921479225159,7.27949486294842,0.37423562412342215,,24.821299999985058
indoor,CAP,1437_5.png,22.044398946447718,0.8994550704956055,7.320226089690246,0.3717952314165498,,24.2127999999866
indoor,CAP,1437_6.png,20.961218612956237,0.8867278695106506,7.353753847254403,0.367945301542777,,24.77520000002187
indoor,CAP,1437_7.png,19.653951498007217,0.871478259563446,7.382889795478008,0.3635063113604488,,24.23319999979867
indoor,CAP,1437_8.png,18.32843675325266,0.8543469905853271,7.40279768186861,0.35900420757363255,,25.260400000206573
indoor,CAP,1437_9.png,17.082351297885367,0.8355765342712402,7.405605702650856,0.3535133239831697,,24.217000000135158
indoor,CAP,1438_1.png,22.880437583191977,0.8402906060218811,6.858130230198893,0.3191900420757363,,24.652700000387995
indoor,CAP,1438_10.png,19.449714919011573,0.8305439352989197,6.977600492785832,0.3252279102384292,,24.10520000012184
indoor,CAP,1438_2.png,23.050754160815448,0.8490198254585266,6.8742296346663485,0.31913394109396914,,24.418599999989965
indoor,CAP,1438_3.png,23.034489921016377,0.8548977971076965,6.881466271046831,0.32011921458625525,,24.245800000244344
indoor,CAP,1438_4.png,22.836242657666833,0.8588383197784424,6.8531871567086995,0.3220406732117812,,24.585300000126153
indoor,CAP,1438_5.png,22.481407506569514,0.8595464825630188,6.88098063000228,0.32397615708274896,,23.70409999957701
indoor,CAP,1438_6.png,22.002559706742765,0.857249915599823,6.917543558051955,0.324726507713885,,24.248500000339845
indoor,CAP,1438_7.png,21.427296272175553,0.8532916903495789,6.948781880648465,0.3256907433380084,,23.901199999727396
indoor,CAP,1438_8.png,20.796788162447484,0.8467766642570496,6.961656533778482,0.32628330995792426,,24.70870000024661
indoor,CAP,1438_9.png,20.129842452054035,0.8393211960792542,6.970925630690408,0.3272124824684432,,24.09750000015265
indoor,CAP,1439_1.png,19.728618373129756,0.9120006561279297,7.549422468216463,0.5422755960729313,,24.598999999852822
indoor,CAP,1439_10.png,19.723506996813143,0.9152865409851074,7.692044259974827,0.5279032258064517,,23.972500000127184
indoor,CAP,1439_2.png,20.206978601004266,0.9171814918518066,7.559282787701382,0.5420897615708274,,26.328400000238616
indoor,CAP,1439_3.png,20.640169203560276,0.921576201915741,7.578380145031346,0.5411079943899019,,23.724900000161142
indoor,CAP,1439_4.png,20.98252640681499,0.9251652359962463,7.599393371095689,0.5411009817671809,,24.800099999993108
indoor,CAP,1439_5.png,21.18297836279586,0.9270841479301453,7.618183432307469,0.540273492286115,,24.062799999683193
indoor,CAP,1439_6.png,21.199741924373786,0.927701473236084,7.649752588211089,0.5389165497896213,,24.975799999992887
indoor,CAP,1439_7.png,21.045706871617792,0.9267662167549133,7.667188425332922,0.5364516129032258,,23.980699999810895
indoor,CAP,1439_8.png,20.715494864887138,0.9241836667060852,7.678636816861598,0.534007713884993,,24.698699999589735
indoor,CAP,1439_9.png,20.268633046551706,0.9201440811157227,7.686859325299909,0.5309396914446003,,23.871500000041124
indoor,CAP,1440_1.png,24.152395809138888,0.9476893544197083,6.863449719344723,0.2642952314165498,,24.679099999957543
indoor,CAP,1440_10.png,13.795491047036549,0.8248398900032043,7.077186143826476,0.24039971949509117,,23.789899999883346
indoor,CAP,1440_2.png,26.552351850916757,0.9495300650596619,6.89780783420774,0.2648141654978962,,24.54379999971934
indoor,CAP,1440_3.png,26.708427277143056,0.943183958530426,6.9574735742591525,0.2643443197755961,,24.07390000007581
indoor,CAP,1440_4.png,24.329960489448872,0.931623637676239,7.008380599884825,0.26297335203366057,,24.641299999984767
indoor,CAP,1440_5.png,21.62077074216128,0.9164459109306335,7.081831303413194,0.260070126227209,,23.61609999979919
indoor,CAP,1440_6.png,19.606273348191838,0.9008142352104187,7.128970842241485,0.2579102384291725,,24.90299999999479
indoor,CAP,1440_7.png,17.724341224896925,0.8825095295906067,7.1338981674387325,0.25433029453015427,,24.18360000001485
indoor,CAP,1440_8.png,16.18151986545292,0.8634540438652039,7.1158357607042335,0.24992286115007012,,25.062100000013743
indoor,CAP,1440_9.png,14.888666251944988,0.8440961837768555,7.099313917408946,0.24552244039270688,,24.250100000244856
indoor,CAP,1441_1.png,22.610457402312548,0.867986261844635,7.142022502929995,0.27431276297335205,,24.556399999710266
indoor,CAP,1441_10.png,20.9898032949368,0.8391132354736328,7.1959935103378925,0.282945301542777,,23.996299999907933
indoor,CAP,1441_2.png,22.72557438886691,0.8708879351615906,7.1520529620616,0.278390603085554,,24.69829999972717
indoor,CAP,1441_3.png,22.839005254014076,0.8734847903251648,7.157747965886853,0.28064165497896215,,23.784699999851
indoor,CAP,1441_4.png,22.927846986300338,0.8728737235069275,7.164847892122969,0.28327840112201963,,25.02760000015769
indoor,CAP,1441_5.png,22.927456331278677,0.8691440224647522,7.166177329588078,0.285445301542777,,23.90770000010889
indoor,CAP,1441_6.png,22.792427409695218,0.863713264465332,7.164803935107088,0.285648667601683,,24.591599999894243
indoor,CAP,1441_7.png,22.51059746159967,0.8577118515968323,7.167133137434368,0.28508415147265076,,24.13860000024215
indoor,CAP,1441_8.png,22.10007181585771,0.8515980243682861,7.174645274327039,0.2844950911640954,,24.754999999913707
indoor,CAP,1441_9.png,21.575294623428288,0.8453565239906311,7.187145767923721,0.28412692847124826,,24.074899999959598
indoor,CAP,1442_1.png,21.085360327319,0.8734237551689148,7.277181437470017,0.3277875175315568,,24.47950000032506
indoor,CAP,1442_10.png,15.507081352034898,0.7763259410858154,7.606915638965876,0.30584502103786815,,24.417900000116788
indoor,CAP,1442_2.png,21.543903680472024,0.8726008534431458,7.304301729634703,0.3295967741935484,,24.626599999919563
indoor,CAP,1442_3.png,21.642753424147724,0.8668628334999084,7.376200235526205,0.329351332398317,,23.838999999952648
indoor,CAP,1442_4.png,21.28589658723787,0.8580062985420227,7.469363237015834,0.3280189340813464,,24.954800000159594
indoor,CAP,1442_5.png,20.541054258282916,0.8471868634223938,7.54258936675259,0.3260203366058906,,24.334100000032777
indoor,CAP,1442_6.png,19.559544181497333,0.8348307609558105,7.574741956134632,0.3233695652173913,,24.655900000198017
indoor,CAP,1442_7.png,18.492636534356567,0.8211013674736023,7.574032109972078,0.3189025245441795,,24.22950000027413
indoor,CAP,1442_8.png,17.43632859890623,0.8066058158874512,7.571708869012696,0.31487377279102385,,25.491500000043743
indoor,CAP,1442_9.png,16.43524976549289,0.7915484309196472,7.578359479925078,0.30978260869565216,,25.53489999991143
indoor,CAP,1443_1.png,19.961660431916115,0.8346519470214844,7.291108334915376,0.341679523141655,,24.47939999956361
indoor,CAP,1443_10.png,20.445886741710208,0.846653938293457,7.6264031116339455,0.31483870967741934,,24.068700000043464
indoor,CAP,1443_2.png,20.287705509965015,0.8368237614631653,7.312938888852491,0.3402454417952314,,24.86030000000028
indoor,CAP,1443_3.png,20.667118417001674,0.8398311138153076,7.348133783949784,0.33669705469845723,,24.1571000001386
indoor,CAP,1443_4.png,20.92488544064608,0.8417711853981018,7.396689024201329,0.32867461430575035,,24.173899999823334
indoor,CAP,1443_5.png,21.264715223076053,0.8447925448417664,7.458158400153142,0.3230539971949509,,23.956399999860878
indoor,CAP,1443_6.png,21.487296207180894,0.8477515578269958,7.503471623137388,0.3202524544179523,,24.88790000006702
indoor,CAP,1443_7.png,21.49165605120399,0.8494391441345215,7.544539140346694,0.3193548387096774,,24.044200000389537
indoor,CAP,1443_8.png,21.280289638190972,0.8491790294647217,7.579802771528832,0.3179488078541374,,24.32100000032733
indoor,CAP,1443_9.png,20.928390571875806,0.8484888672828674,7.6061643148021725,0.31692847124824686,,23.726599999918108
indoor,CAP,1444_1.png,25.510059879837293,0.8568913340568542,7.353567823538902,0.5104908835904628,,24.993800000174815
indoor,CAP,1444_10.png,15.942504621966979,0.6913037300109863,7.6121219503945055,0.48906732117812063,,23.468700000194076
indoor,CAP,1444_2.png,25.495276767399048,0.8567388653755188,7.3688743328700665,0.5131661991584853,,24.598400000286347
indoor,CAP,1444_3.png,24.825170750607953,0.8491571545600891,7.40025360130044,0.51359396914446,,23.869699999977456
indoor,CAP,1444_4.png,23.675637568920145,0.8368463516235352,7.4418419547595915,0.5127629733520337,,24.746300000060728
indoor,CAP,1444_5.png,22.28480129086435,0.8203423619270325,7.486938499278446,0.5111009817671809,,23.572900000090158
indoor,CAP,1444_6.png,20.84459121320115,0.798784077167511,7.52811051156616,0.5082959326788219,,24.781800000255316
indoor,CAP,1444_7.png,19.46224053037252,0.77271968126297,7.559445958837424,0.5042075736325385,,23.6150999999154
indoor,CAP,1444_8.png,18.17783297892364,0.7451839447021484,7.584427383309264,0.4997440392706872,,23.561500000141677
indoor,CAP,1444_9.png,17.00639890686118,0.7180426120758057,7.602573161475361,0.4950876577840112,,24.363699999867094
indoor,CAP,1445_1.png,22.994454332641038,0.867056667804718,7.158477382907117,0.5448316970546985,,23.820799999612063
indoor,CAP,1445_10.png,19.24521024776844,0.8563425540924072,7.59116309931834,0.5528786816269284,,23.4851999998682
indoor,CAP,1445_2.png,23.50202035734046,0.8735197186470032,7.2143177308286965,0.5436991584852735,,25.058100000023842
indoor,CAP,1445_3.png,23.89881957068029,0.880238950252533,7.274010667338585,0.547952314165498,,23.539199999959237
indoor,CAP,1445_4.png,23.936229527017684,0.8839318156242371,7.332743534020405,0.5525140252454418,,24.41240000007383
indoor,CAP,1445_5.png,23.573000739316296,0.8843204975128174,7.391877592736353,0.5556732117812062,,23.837400000047637
indoor,CAP,1445_6.png,22.90608387916709,0.8823785185813904,7.4449429899404755,0.5572475455820477,,24.542900000142254
indoor,CAP,1445_7.png,22.047770449636364,0.8782296776771545,7.490020958927422,0.5573001402524544,,23.559599999771308
indoor,CAP,1445_8.png,21.099802137292556,0.8719111084938049,7.526315292838943,0.5568688639551193,,24.552699999730976
indoor,CAP,1445_9.png,20.155646294867896,0.8648036122322083,7.559353924697805,0.5557293127629733,,23.788100000274426
indoor,CAP,1446_1.png,25.474366654714228,0.9086446762084961,7.51993477681307,0.5996318373071529,,24.915700000292418
indoor,CAP,1446_10.png,18.03247905379895,0.8342395424842834,7.725491252570081,0.5773176718092566,,23.6574999998993
indoor,CAP,1446_2.png,25.88394446318909,0.9128066897392273,7.563012917951118,0.5999333800841514,,24.135000000114815
indoor,CAP,1446_3.png,25.752942344669933,0.9119830131530762,7.595526830809091,0.5992391304347826,,23.55779999970764
indoor,CAP,1446_4.png,25.036820879976297,0.9067525267601013,7.636298165860071,0.5975771388499299,,24.010299999645213
indoor,CAP,1446_5.png,23.95479662793546,0.8992336392402649,7.655144043239655,0.5938499298737728,,23.64209999996092
indoor,CAP,1446_6.png,22.726850540102536,0.8898782730102539,7.671862947272466,0.5918758765778401,,24.900800000068557
indoor,CAP,1446_7.png,21.44455470057627,0.8778467774391174,7.6837549877057665,0.5894354838709678,,23.51459999999861
indoor,CAP,1446_8.png,20.214704032775238,0.8643236756324768,7.699386367712038,0.585890603085554,,25.06310000035228
indoor,CAP,1446_9.png,19.077742740504625,0.8500382900238037,7.712683052156311,0.5824929873772791,,23.464699999749428
indoor,CAP,1447_1.png,22.699114856991685,0.8607744574546814,7.339234096583053,0.4469635343618513,,24.343099999896367
indoor,CAP,1447_10.png,18.772206317734547,0.8649038672447205,7.77128671842119,0.4310729312762973,,23.324700000102894
indoor,CAP,1447_2.png,23.680855699071415,0.875373363494873,7.430421345345831,0.4475420757363254,,24.829199999658158
indoor,CAP,1447_3.png,24.379531082203457,0.8874700665473938,7.508921731528159,0.44906381486676017,,24.130699999659555
indoor,CAP,1447_4.png,24.491225655062834,0.894551694393158,7.570652597514856,0.44940392706872373,,25.663899999926798
indoor,CAP,1447_5.png,24.029460969612234,0.8977664113044739,7.618539556790139,0.4483555399719495,,25.055699999938952
indoor,CAP,1447_6.png,23.126003039101537,0.8970245718955994,7.659060980305329,0.44637096774193546,,25.795900000048277
indoor,CAP,1447_7.png,22.019356267016402,0.8924140334129333,7.687955113309617,0.44353786816269286,,25.112600000284147
indoor,CAP,1447_8.png,20.871663170654415,0.8847783207893372,7.714925623424459,0.4395617110799439,,24.580600000263075
indoor,CAP,1447_9.png,19.78315111254172,0.8757133483886719,7.746581046658126,0.4358169705469846,,25.689300000067306
indoor,CAP,1448_1.png,23.406781883729465,0.8597583770751953,7.181439634258488,0.4136079943899018,,26.799100000062026
indoor,CAP,1448_10.png,19.503057673754405,0.8692347407341003,7.6779581904123555,0.4045757363253857,,24.662099999659404
indoor,CAP,1448_2.png,23.790268550840118,0.8613575100898743,7.241611055214204,0.4166654978962132,,25.716499999816733
indoor,CAP,1448_3.png,24.002638111171464,0.8630580902099609,7.341850638667823,0.41764025245441794,,24.595099999714876
indoor,CAP,1448_4.png,24.088206092897607,0.8666506409645081,7.410751756122054,0.4176367461430575,,24.10969999982626
indoor,CAP,1448_5.png,23.907226731716822,0.8713068962097168,7.465562837772204,0.4162903225806452,,23.76319999984844
indoor,CAP,1448_6.png,23.38241068318895,0.877521276473999,7.547114262789917,0.41569424964936885,,24.527600000055827
indoor,CAP,1448_7.png,22.51723805268099,0.8803133964538574,7.5818605507738255,0.41390603085553995,,23.567199999888544
indoor,CAP,1448_8.png,21.504053412138138,0.8781833648681641,7.619207528685718,0.41151472650771387,,24.637299999994866
indoor,CAP,1448_9.png,20.490052576196756,0.8753960132598877,7.654561864086156,0.40820827489481065,,23.62859999993816
indoor,CAP,1449_1.png,24.605868966510688,0.890144407749176,7.388202263751095,0.5072054698457223,,25.573099999746773
indoor,CAP,1449_10.png,18.714464134877996,0.8744667172431946,7.783326091726711,0.4921914446002805,,24.35300000024654
indoor,CAP,1449_2.png,25.356235391745287,0.8986372351646423,7.452062146596025,0.5074263674614305,,24.658799999997427
indoor,CAP,1449_3.png,25.746694386003796,0.905219554901123,7.5206336240342155,0.507563113604488,,23.60739999994621
indoor,CAP,1449_4.png,25.501766897313942,0.9090094566345215,7.581100181223972,0.5078927068723703,,24.441100000331062
indoor,CAP,1449_5.png,24.651986981110284,0.9097175598144531,7.626848497296979,0.5076612903225807,,23.434700000052544
indoor,CAP,1449_6.png,23.465427515089303,0.9075104594230652,7.671269552843713,0.5053085553997195,,24.57689999982904
indoor,CAP,1449_7.png,22.18778418177734,0.9027139544487,7.705815400565176,0.5033345021037868,,23.67980000008174
indoor,CAP,1449_8.png,20.938143132951673,0.8951308131217957,7.731496333974554,0.5002454417952314,,24.88660000017262
indoor,CAP,1449_9.png,19.7753651311347,0.8856587409973145,7.759844350976156,0.4962517531556802,,23.844800000006217
indoor,Hybrid,1400_1.png,18.800485912143564,0.8426189422607422,7.767676542447792,0.6484677419354838,,42.18009999976857
indoor,Hybrid,1400_10.png,17.59701575568097,0.7918610572814941,7.737875054249262,0.6192391304347826,,41.801000000305066
indoor,Hybrid,1400_2.png,18.6887864536083,0.8376554846763611,7.765754365222756,0.6452384291725105,,41.31280000001425
indoor,Hybrid,1400_3.png,18.557227560827275,0.8319399952888489,7.762402534811905,0.6407047685834502,,41.64569999966261
indoor,Hybrid,1400_4.png,18.434323426100427,0.826572597026825,7.762122331042799,0.6369565217391304,,40.97809999984747
indoor,Hybrid,1400_5.png,18.28521308749557,0.8205674290657043,7.756055418030178,0.6322650771388499,,41.10429999991538
indoor,Hybrid,1400_6.png,18.14918588635147,0.814436137676239,7.753278355216348,0.6316164095371669,,41.131400000267604
indoor,Hybrid,1400_7.png,18.029609897643276,0.8091829419136047,7.752396369704132,0.6267706872370267,,41.86669999990045
indoor,Hybrid,1400_8.png,17.871354531301694,0.8034049868583679,7.744097994027677,0.6250841514726507,,41.35310000037862
indoor,Hybrid,1400_9.png,17.762188013319683,0.7974451184272766,7.740250692248729,0.6221178120617111,,41.540100000020175
indoor,Hybrid,1401_1.png,19.77957515865572,0.8295884132385254,7.59669622408732,0.570820476858345,,41.56409999995958
indoor,Hybrid,1401_10.png,19.005774984786854,0.777271568775177,7.5785152881390205,0.5710203366058906,,41.55890000038198
indoor,Hybrid,1401_2.png,19.86677783604366,0.8186731338500977,7.606521416102547,0.5736079943899018,,41.16149999981644
indoor,Hybrid,1401_3.png,19.793726419256213,0.8136107325553894,7.600488348005216,0.5732328190743338,,41.26880000012534
indoor,Hybrid,1401_4.png,19.679552913535524,0.8080089092254639,7.5962709882647275,0.5727699859747546,,41.47030000012819
indoor,Hybrid,1401_5.png,19.594134395228593,0.802863359451294,7.5945855750400995,0.5724053295932678,,41.93000000032043
indoor,Hybrid,1401_6.png,19.535693515119743,0.7964859008789062,7.593763799128266,0.5727068723702665,,42.080499999883614
indoor,Hybrid,1401_7.png,19.430685769647415,0.7906214594841003,7.593557292476537,0.5752244039270688,,40.825999999924534
indoor,Hybrid,1401_8.png,19.209385809219878,0.7871377468109131,7.579964816984674,0.570515427769986,,42.684900000040216
indoor,Hybrid,1401_9.png,19.073000884535624,0.7814982533454895,7.578470822973301,0.5707854137447406,,42.60199999998804
indoor,Hybrid,1402_1.png,20.86205119934536,0.7843759655952454,7.228688149547225,0.5268653576437587,,41.70939999994516
indoor,Hybrid,1402_10.png,19.49576477612855,0.7410011291503906,7.395925200452256,0.5155294530154277,,41.258599999764556
indoor,Hybrid,1402_2.png,20.800996199992102,0.780875027179718,7.237911737694585,0.5256521739130435,,41.73420000006445
indoor,Hybrid,1402_3.png,20.737017303618085,0.7772563099861145,7.253189170473647,0.5236921458625526,,41.97470000008252
indoor,Hybrid,1402_4.png,20.57791098060445,0.7730223536491394,7.2705749072554715,0.5200631136044881,,41.873000000123284
indoor,Hybrid,1402_5.png,20.45455486498037,0.7686483860015869,7.278176121399551,0.518390603085554,,41.409200000089186
indoor,Hybrid,1402_6.png,20.249067482098454,0.7636602520942688,7.279771821172432,0.5176858345021038,,42.48670000015409
indoor,Hybrid,1402_7.png,20.07109448759799,0.7590299248695374,7.283254424620898,0.5170021037868162,,41.95630000003803
indoor,Hybrid,1402_8.png,19.83349916795601,0.7513375282287598,7.391804190529732,0.5181837307152876,,41.66459999987637
indoor,Hybrid,1402_9.png,19.624119105669138,0.7449522018432617,7.401443389103405,0.5156521739130435,,41.601299999911134
indoor,Hybrid,1403_1.png,22.423820350099103,0.7894242405891418,7.294084986380701,0.665788920056101,,40.96059999983481
indoor,Hybrid,1403_10.png,19.574075920217485,0.7248463034629822,7.352745550049836,0.6550666199158486,,41.85300000017378
indoor,Hybrid,1403_2.png,21.890956297804934,0.7766857147216797,7.3031381857394955,0.6666304347826087,,41.15649999994275
indoor,Hybrid,1403_3.png,21.819804197625736,0.7730266451835632,7.307018719349254,0.6641654978962132,,41.15379999984725
indoor,Hybrid,1403_4.png,21.619595725420908,0.7669351696968079,7.30423153740811,0.6597054698457223,,41.053500000089116
indoor,Hybrid,1403_5.png,21.102150174686493,0.7562239766120911,7.335166058643548,0.6649088359046283,,41.2730999996711
indoor,Hybrid,1403_6.png,21.073099884763245,0.753808319568634,7.323600214212786,0.6584782608695652,,40.77129999996032
indoor,Hybrid,1403_7.png,20.736383668143425,0.746652364730835,7.328118706607351,0.658053997194951,,41.67040000038469
indoor,Hybrid,1403_8.png,20.378393944717466,0.7391646504402161,7.327097409138316,0.6570336605890603,,55.34669999997277
indoor,Hybrid,1403_9.png,20.046660533141054,0.7336511611938477,7.345464180044065,0.6559361851332398,,41.787099999964994
indoor,Hybrid,1404_1.png,20.913560760277452,0.900885283946991,7.032783177836026,0.5135028050490884,,40.86310000002413
indoor,Hybrid,1404_10.png,20.360015465581426,0.8780017495155334,7.050876085315926,0.5000070126227208,,41.233200000078796
indoor,Hybrid,1404_2.png,20.913592751390873,0.8989903330802917,7.018615237492016,0.510305049088359,,42.09450000007564
indoor,Hybrid,1404_3.png,20.847768243771526,0.8970494270324707,7.008252303405948,0.5068934081346423,,41.14060000028985
indoor,Hybrid,1404_4.png,20.596707829927105,0.8896241188049316,7.41687135761938,0.5191058906030855,,42.25799999994706
indoor,Hybrid,1404_5.png,20.547199879491636,0.8874815106391907,7.365007584693582,0.5148316970546984,,42.0907000002444
indoor,Hybrid,1404_6.png,20.548087622895093,0.8855504989624023,7.292781735380431,0.514281206171108,,41.242499999953
indoor,Hybrid,1404_7.png,20.555613625752795,0.8850624561309814,7.186330694540991,0.5074719495091164,,41.11819999980071
indoor,Hybrid,1404_8.png,20.520305707972597,0.8824148178100586,7.101966900341982,0.5053190743338009,,41.52720000001864
indoor,Hybrid,1404_9.png,20.446238367908617,0.88108891248703,7.058763008098731,0.5013078541374474,,41.1231999996744
indoor,Hybrid,1405_1.png,18.793387334185457,0.8874168992042542,7.5424633626986175,0.5447545582047686,,41.086600000198814
indoor,Hybrid,1405_10.png,19.024489111274427,0.8642590641975403,7.295794918923272,0.5203611500701262,,41.075999999975465
indoor,Hybrid,1405_2.png,18.809339327505533,0.8852294087409973,7.540456872852957,0.5409537166900421,,41.1975000001803
indoor,Hybrid,1405_3.png,18.83850380761086,0.8825411796569824,7.540463143781142,0.5399684431977559,,43.31079999974463
indoor,Hybrid,1405_4.png,18.89079760631427,0.8798136115074158,7.543350895945213,0.5360764375876578,,42.848399999911635
indoor,Hybrid,1405_5.png,18.87280791195273,0.8764398694038391,7.4715575276242925,0.5337517531556802,,42.84419999976308
indoor,Hybrid,1405_6.png,18.887459363746686,0.8769405484199524,7.293195980406571,0.5251507713884993,,42.20050000003539
indoor,Hybrid,1405_7.png,18.928935405366268,0.8736624717712402,7.298293328310401,0.5242286115007012,,41.89100000030521
indoor,Hybrid,1405_8.png,18.977085777678507,0.8713639378547668,7.296737209185598,0.5239971949509117,,42.8354999999101
indoor,Hybrid,1405_9.png,19.012899664640802,0.8687846064567566,7.2928850124711095,0.5218232819074334,,42.49580000032438
indoor,Hybrid,1406_1.png,21.03490467375896,0.8934845924377441,7.553596590688085,0.5494880785413745,,42.339000000083615
indoor,Hybrid,1406_10.png,19.870404904855743,0.8606812357902527,7.601793151848569,0.5388709677419354,,48.49729999978081
indoor,Hybrid,1406_2.png,20.990547716938323,0.8910377621650696,7.555675285022446,0.5493373071528752,,49.5375000000422
indoor,Hybrid,1406_3.png,20.959209463593666,0.889200747013092,7.552625157661502,0.5474894810659187,,47.189800000069226
indoor,Hybrid,1406_4.png,20.901329346897185,0.8865842819213867,7.547073346172951,0.5442321178120617,,57.15319999990243
indoor,Hybrid,1406_5.png,20.777013084068486,0.8826548457145691,7.546744468801267,0.5431697054698458,,43.543100000078994
indoor,Hybrid,1406_6.png,20.68404068307091,0.8797757625579834,7.546576804090438,0.5433765778401122,,44.9333999999908
indoor,Hybrid,1406_7.png,20.535552508058245,0.8757786750793457,7.543540533956338,0.5408765778401122,,43.6187999998765
indoor,Hybrid,1406_8.png,20.37894440844923,0.8719377517700195,7.541100786342311,0.53859396914446,,44.311199999810924
indoor,Hybrid,1406_9.png,20.200075916118262,0.8677598834037781,7.541133234435602,0.537117812061711,,43.4384999998656
indoor,Hybrid,1407_1.png,18.452249537544976,0.8705348372459412,7.777868220416391,0.6832398316970547,,42.77010000032533
indoor,Hybrid,1407_10.png,18.97477286167564,0.8603131175041199,7.743705245725435,0.6644214586255259,,43.373999999857915
indoor,Hybrid,1407_2.png,18.57493395389879,0.8706727623939514,7.77571680240206,0.6806381486676016,,45.91549999986455
indoor,Hybrid,1407_3.png,18.68498184167637,0.8696305155754089,7.774466779413325,0.6799228611500702,,47.80540000001565
indoor,Hybrid,1407_4.png,18.742776117984036,0.8691663146018982,7.767329199653007,0.6744565217391304,,43.186400000195135
indoor,Hybrid,1407_5.png,18.786841543189865,0.8682224154472351,7.762212979438456,0.6728576437587658,,43.55459999987943
indoor,Hybrid,1407_6.png,18.788684268420845,0.8665607571601868,7.759800033506209,0.6716760168302945,,43.299199999637494
indoor,Hybrid,1407_7.png,18.83643185587857,0.8652091026306152,7.7581323269258355,0.6711079943899019,,43.27130000001489
indoor,Hybrid,1407_8.png,18.93424169806324,0.8639401793479919,7.752834962479653,0.670725806451613,,43.30810000010388
indoor,Hybrid,1407_9.png,18.93317217173538,0.8616635203361511,7.751092537208975,0.6659887798036466,,44.0667000002577
indoor,Hybrid,1408_1.png,18.086254890213404,0.8710057139396667,7.774890008548018,0.7407258064516129,,43.02139999981591
indoor,Hybrid,1408_10.png,18.49485632193832,0.8664011359214783,7.7707339768691925,0.7159186535764376,,43.36190000003626
indoor,Hybrid,1408_2.png,18.165831578488007,0.8710138201713562,7.77757738953813,0.7371528751753156,,43.44050000008792
indoor,Hybrid,1408_3.png,18.219062270041324,0.8704028129577637,7.777917928362486,0.7361465638148668,,42.87010000007285
indoor,Hybrid,1408_4.png,18.298747774024548,0.8712148070335388,7.776345304903487,0.7314621318373071,,43.292099999689526
indoor,Hybrid,1408_5.png,18.389240082337672,0.8710998892784119,7.777948826905574,0.7286220196353436,,44.840100000328675
indoor,Hybrid,1408_6.png,18.425095213698473,0.8699090480804443,7.777040465430293,0.727156381486676,,42.72290000017165
indoor,Hybrid,1408_7.png,18.44927116599751,0.8686671257019043,7.775788043860056,0.7254873772791024,,43.62439999977141
indoor,Hybrid,1408_8.png,18.50786332675851,0.8689262866973877,7.772335842747964,0.7222335203366059,,43.413300000338495
indoor,Hybrid,1408_9.png,18.474272903973205,0.866417646408081,7.770022875074609,0.7217952314165498,,43.24560000031852
indoor,Hybrid,1409_1.png,17.889832324340386,0.8605351448059082,7.873463910251938,0.6861150070126227,,56.76279999988765
indoor,Hybrid,1409_10.png,19.069173360940134,0.848416268825531,7.885543734322768,0.6623211781206171,,42.508100000304694
indoor,Hybrid,1409_2.png,18.15707438891375,0.8574903011322021,7.883882175221464,0.6839340813464235,,43.801900000289606
indoor,Hybrid,1409_3.png,18.114771143978956,0.8589463233947754,7.877474474758063,0.6780960729312763,,43.941500000073574
indoor,Hybrid,1409_4.png,18.502980812586493,0.858287513256073,7.883611621732249,0.6767075736325385,,43.82359999999608
indoor,Hybrid,1409_5.png,18.721431115413992,0.8565623164176941,7.887201218539781,0.6767321178120617,,54.33279999988372
indoor,Hybrid,1409_6.png,18.954617186980368,0.8541877865791321,7.891802972220866,0.6772159887798036,,43.67610000008426
indoor,Hybrid,1409_7.png,19.00153456731519,0.852853536605835,7.890700101769864,0.6736921458625525,,43.35979999996198
indoor,Hybrid,1409_8.png,19.160755989958716,0.8503022193908691,7.893689037852695,0.6719495091164095,,44.67720000002373
indoor,Hybrid,1409_9.png,19.269579348231982,0.8469176292419434,7.898776593960509,0.671374474053296,,43.00499999999374
indoor,Hybrid,1410_1.png,17.42383056402321,0.8624196648597717,7.301342294993006,0.5357433380084151,,45.160499999838066
indoor,Hybrid,1410_10.png,17.59918630290919,0.8625760078430176,7.2848372896434475,0.5081241234221598,,43.3565000003
indoor,Hybrid,1410_2.png,17.481991005491317,0.8629811406135559,7.300828543881148,0.5327138849929873,,43.6491999998907
indoor,Hybrid,1410_3.png,17.523606881105522,0.8628215789794922,7.291759503088937,0.5297720897615709,,43.94400000001042
indoor,Hybrid,1410_4.png,17.52089217608302,0.861920177936554,7.292884088599513,0.5281872370266479,,42.8434999998899
indoor,Hybrid,1410_5.png,17.535263552209113,0.8620055317878723,7.28472253755841,0.5242251051893408,,43.46290000012232
indoor,Hybrid,1410_6.png,17.543298363621187,0.8621046543121338,7.283727477189688,0.520890603085554,,45.955399999911606
indoor,Hybrid,1410_7.png,17.54226282320112,0.8625969290733337,7.274574395989417,0.5145757363253857,,44.2920000000413
indoor,Hybrid,1410_8.png,17.58986669216073,0.8628879189491272,7.2813165609564825,0.5127244039270688,,43.0225000000064
indoor,Hybrid,1410_9.png,17.564894503262654,0.8621003031730652,7.2814039531095025,0.5111921458625526,,45.31919999999445
indoor,Hybrid,1411_1.png,19.782395451295756,0.8699328303337097,6.97623466889816,0.36378330995792424,,44.39410000031785
indoor,Hybrid,1411_10.png,19.748599370736734,0.8295888304710388,6.337129962244231,0.35373772791023844,,44.900000000325235
indoor,Hybrid,1411_2.png,19.85027889723848,0.8648972511291504,6.967420628919517,0.3618793828892006,,44.30170000023281
indoor,Hybrid,1411_3.png,19.798707577130493,0.8585997223854065,6.938522662313619,0.3656381486676017,,43.917400000282214
indoor,Hybrid,1411_4.png,19.857066101935864,0.853567361831665,6.744964980036808,0.36129032258064514,,44.27850000001854
indoor,Hybrid,1411_5.png,19.97151154772086,0.852081298828125,6.417534084999398,0.35711430575035064,,43.42820000010761
indoor,Hybrid,1411_6.png,19.91007485527138,0.8473753333091736,6.389434886446886,0.3542741935483871,,53.13000000023749
indoor,Hybrid,1411_7.png,19.888273932168346,0.8430252075195312,6.378488270877166,0.35460729312762973,,44.81260000011389
indoor,Hybrid,1411_8.png,19.854850341284358,0.8388755321502686,6.361280971303889,0.35278401122019637,,43.912600000112434
indoor,Hybrid,1411_9.png,19.822421736759974,0.8341569900512695,6.3518805359731685,0.35330645161290325,,42.77470000033645
indoor,Hybrid,1412_1.png,15.290207184507187,0.7984309792518616,7.424429356596917,0.4706661991584853,,42.640900000151305
indoor,Hybrid,1412_10.png,15.123424832963323,0.7650722861289978,7.494997304054563,0.46608345021037867,,43.67320000028485
indoor,Hybrid,1412_2.png,15.291026600784885,0.795132577419281,7.418452675125803,0.46777699859747546,,42.72279999986495
indoor,Hybrid,1412_3.png,15.281011287863159,0.7912666201591492,7.4102661936356675,0.4663884992987377,,43.80200000014156
indoor,Hybrid,1412_4.png,15.251093853269133,0.7875518798828125,7.404154500342477,0.4640708274894811,,44.375099999797385
indoor,Hybrid,1412_5.png,15.241403981488947,0.78375643491745,7.410314705562309,0.46331346423562414,,59.68769999981305
indoor,Hybrid,1412_6.png,15.180764587411105,0.7790562510490417,7.489435494526146,0.4683450210378682,,42.94590000017706
indoor,Hybrid,1412_7.png,15.175929846545397,0.7745407223701477,7.494084477601723,0.46779803646563817,,43.27319999993051
indoor,Hybrid,1412_8.png,15.136790009269772,0.7708310484886169,7.494862898216971,0.46856591865357644,,46.94580000023052
indoor,Hybrid,1412_9.png,15.139699211539995,0.7680813670158386,7.493461651010031,0.4666760168302945,,43.039799999860406
indoor,Hybrid,1413_1.png,17.23111222175723,0.8343896865844727,7.412777524626805,0.48694950911640955,,42.863499999839405
indoor,Hybrid,1413_10.png,18.35885701210657,0.8044692873954773,7.334426133500191,0.5012622720897616,,43.31300000012561
indoor,Hybrid,1413_2.png,17.40071187992121,0.8338660597801208,7.40476252885503,0.4844004207573633,,44.32150000002366
indoor,Hybrid,1413_3.png,17.550358288685327,0.8314666152000427,7.392865755442151,0.4834151472650771,,44.194099999913306
indoor,Hybrid,1413_4.png,17.743519283746146,0.8279263377189636,7.364480266982923,0.4817286115007013,,62.30150000010326
indoor,Hybrid,1413_5.png,17.922647417755975,0.8264496922492981,7.365434221972944,0.48168653576437587,,43.68800000020201
indoor,Hybrid,1413_6.png,18.039356632982827,0.8242126107215881,7.3576545882243405,0.48312061711079946,,43.44670000000406
indoor,Hybrid,1413_7.png,18.1608300149975,0.8195573687553406,7.340609072122578,0.4869670406732118,,42.63889999992898
indoor,Hybrid,1413_8.png,18.2717376877158,0.814797580242157,7.344714956322308,0.4934151472650771,,42.82229999989795
indoor,Hybrid,1413_9.png,18.321181192012435,0.809548556804657,7.346650023944357,0.49649018232819075,,43.921099999806756
indoor,Hybrid,1414_1.png,14.980784818680288,0.7758632302284241,7.462352095633568,0.5148246844319776,,42.814200000066194
indoor,Hybrid,1414_10.png,15.734846725895,0.7685801386833191,7.350598740956861,0.5076122019635344,,44.27660000010292
indoor,Hybrid,1414_2.png,14.968709800884385,0.7748928070068359,7.558633044901817,0.5170722300140252,,49.255100000209495
indoor,Hybrid,1414_3.png,15.063669244674484,0.7731258869171143,7.457324196418448,0.5149754558204769,,42.57260000031238
indoor,Hybrid,1414_4.png,15.154122337602313,0.7722639441490173,7.433419027160106,0.5124228611500701,,44.25020000007862
indoor,Hybrid,1414_5.png,15.268492932242332,0.7716693878173828,7.417444963295196,0.5100105189340813,,43.09990000001562
indoor,Hybrid,1414_6.png,15.374496318763814,0.7709436416625977,7.400976662190237,0.5091514726507714,,43.460200000026816
indoor,Hybrid,1414_7.png,15.446716003179837,0.7695760726928711,7.3854352440071445,0.509554698457223,,43.49899999988338
indoor,Hybrid,1414_8.png,15.547140954806416,0.7698750495910645,7.368816481332577,0.5089235624123423,,42.91669999975056
indoor,Hybrid,1414_9.png,15.635098918644854,0.7695021629333496,7.360465376551371,0.5076823281907433,,43.71380000020508
indoor,Hybrid,1415_1.png,16.874460589784984,0.8240909576416016,7.139670396701803,0.3536009817671809,,42.3611000001074
indoor,Hybrid,1415_10.png,18.21476909524291,0.8218095302581787,7.1790428276247145,0.3499438990182328,,43.20349999989048
indoor,Hybrid,1415_2.png,16.99732507339618,0.8243278861045837,7.148494680393803,0.35240883590462835,,42.62509999989561
indoor,Hybrid,1415_3.png,17.13007640113113,0.8244571685791016,7.146656123285718,0.3503155680224404,,43.826999999964755
indoor,Hybrid,1415_4.png,17.283517666204467,0.8247457146644592,7.141899498124423,0.350273492286115,,42.63360000004468
indoor,Hybrid,1415_5.png,17.438265864092923,0.8238446116447449,7.143020930359242,0.3503856942496494,,43.6651999998503
indoor,Hybrid,1415_6.png,17.625493484643073,0.8246278166770935,7.149585487810239,0.3475455820476858,,43.46309999982623
indoor,Hybrid,1415_7.png,17.74307320968007,0.8234667778015137,7.15492366617836,0.3503120617110799,,42.636399999992136
indoor,Hybrid,1415_8.png,17.90244028562295,0.8226735591888428,7.166267629325046,0.34975105189340816,,42.954200000167475
indoor,Hybrid,1415_9.png,18.09403321468469,0.8220105171203613,7.173715740928436,0.35337307152875175,,42.90930000024673
indoor,Hybrid,1416_1.png,11.784135521331422,0.7890458703041077,7.410506516520956,0.5319109396914447,,48.551799999586365
indoor,Hybrid,1416_10.png,11.845247164351719,0.7727689743041992,7.331061425434309,0.5105224403927069,,42.399700000260054
indoor,Hybrid,1416_2.png,11.799937772168255,0.7871893048286438,7.405056958773588,0.5308695652173913,,56.366199999956734
indoor,Hybrid,1416_3.png,11.813605582813992,0.78568434715271,7.396465366615067,0.5268688639551192,,47.457199999826116
indoor,Hybrid,1416_4.png,11.834022367546824,0.7836553454399109,7.391378936123992,0.5264901823281908,,43.11890000008134
indoor,Hybrid,1416_5.png,11.829541904000793,0.7814099788665771,7.382264950775296,0.5238253856942496,,43.42480000013893
indoor,Hybrid,1416_6.png,11.826988538249626,0.7796124815940857,7.37238957638987,0.520038569424965,,42.48910000023898
indoor,Hybrid,1416_7.png,11.83181290483853,0.777908980846405,7.3549250910422765,0.517875175315568,,43.39920000029451
indoor,Hybrid,1416_8.png,11.839675528136311,0.7758724093437195,7.347798008954314,0.515680224403927,,43.23950000025434
indoor,Hybrid,1416_9.png,11.843671356967864,0.7737835049629211,7.339745097813228,0.5151647966339411,,52.53110000012384
indoor,Hybrid,1417_1.png,16.36167422556045,0.85398268699646,7.729368943908847,0.6851963534361851,,42.84039999993183
indoor,Hybrid,1417_10.png,18.27536479536028,0.8598211407661438,7.680145478630159,0.6517215988779803,,43.341200000213576
indoor,Hybrid,1417_2.png,16.530126465145383,0.8558252453804016,7.736256179718447,0.6812833099579243,,43.1986999997207
indoor,Hybrid,1417_3.png,16.76192772678122,0.8590292930603027,7.722357116180311,0.6763884992987377,,44.61559999981546
indoor,Hybrid,1417_4.png,16.94856961175055,0.8601791858673096,7.712949300230482,0.6690322580645162,,42.73360000024695
indoor,Hybrid,1417_5.png,17.17231898384619,0.8620827794075012,7.708730111391192,0.6663534361851332,,46.00339999979042
indoor,Hybrid,1417_6.png,17.420948916709385,0.862463653087616,7.698443507045964,0.6627489481065919,,44.64720000032685
indoor,Hybrid,1417_7.png,17.60645408559675,0.8620830178260803,7.696247958094796,0.6607713884992987,,43.94589999992604
indoor,Hybrid,1417_8.png,17.847557552277674,0.8614535331726074,7.696669308008887,0.657710378681627,,43.450099999972736
indoor,Hybrid,1417_9.png,18.02214442119468,0.8610327839851379,7.685587350135761,0.6559502103786816,,43.56629999983852
indoor,Hybrid,1418_1.png,16.180183932848045,0.8371856212615967,7.833884869158416,0.7456206171107994,,43.02610000013374
indoor,Hybrid,1418_10.png,16.885918949555744,0.8301701545715332,7.825013790041084,0.721265778401122,,44.632499999806896
indoor,Hybrid,1418_2.png,16.2593578077415,0.8374438285827637,7.831910049323157,0.7422440392706873,,44.84119999960967
indoor,Hybrid,1418_3.png,16.334954186231098,0.8367570042610168,7.832796223951962,0.7396388499298737,,45.940199999677134
indoor,Hybrid,1418_4.png,16.411394458103427,0.8360212445259094,7.834042937787452,0.7380084151472651,,45.07809999995516
indoor,Hybrid,1418_5.png,16.486129927713325,0.8355169892311096,7.834508664459096,0.7342040673211782,,43.57439999967028
indoor,Hybrid,1418_6.png,16.584731936107296,0.8348687291145325,7.836320877491344,0.7309642356241234,,55.11759999990318
indoor,Hybrid,1418_7.png,16.66303341289997,0.8340649008750916,7.831289524239629,0.7287587657784012,,43.052999999872554
indoor,Hybrid,1418_8.png,16.7221554503998,0.8322866559028625,7.829009867684361,0.7287552594670407,,43.66970000000947
indoor,Hybrid,1418_9.png,16.82352015411855,0.8314864039421082,7.825466549770576,0.7257398316970547,,53.48340000000462
indoor,Hybrid,1419_1.png,18.66798873845793,0.876802921295166,7.825575644158791,0.7797335203366059,,43.48699999991368
indoor,Hybrid,1419_10.png,19.10770885826438,0.8640453815460205,7.795828088569256,0.7520757363253857,,42.289899999559566
indoor,Hybrid,1419_2.png,18.748063892737147,0.8761374354362488,7.8224412985642156,0.7768478260869566,,42.28379999995013
indoor,Hybrid,1419_3.png,18.835516034813647,0.8763115406036377,7.8201059393541,0.7728155680224404,,45.66119999981311
indoor,Hybrid,1419_4.png,18.85915712893392,0.8747713565826416,7.8174678155771655,0.7690918653576437,,46.181499999875086
indoor,Hybrid,1419_5.png,18.954011303494948,0.8739418983459473,7.816488935691771,0.7653225806451613,,43.35949999995137
indoor,Hybrid,1419_6.png,18.931607791040225,0.8712952733039856,7.813091496735966,0.7634011220196354,,41.12679999980173
indoor,Hybrid,1419_7.png,19.004860500807396,0.8702051043510437,7.80754693719248,0.7607398316970547,,41.62839999980861
indoor,Hybrid,1419_8.png,19.048533081655485,0.86837238073349,7.802844827558673,0.758867461430575,,41.58240000015212
indoor,Hybrid,1419_9.png,19.075529864681123,0.8661627769470215,7.800219282755105,0.7553716690042076,,42.014499999822874
indoor,Hybrid,1420_1.png,16.830205221180876,0.8615643978118896,7.612654299834519,0.6181907433380084,,41.507699999783654
indoor,Hybrid,1420_10.png,17.557459605180025,0.8307642936706543,7.585163824923784,0.6157468443197756,,41.45929999958753
indoor,Hybrid,1420_2.png,16.910406802152117,0.8598260879516602,7.60997659153479,0.6151051893408135,,41.34790000034627
indoor,Hybrid,1420_3.png,16.956902554374857,0.8567440509796143,7.60885649316362,0.6113148667601683,,41.675499999655585
indoor,Hybrid,1420_4.png,17.0774845473271,0.8543780446052551,7.60410369998596,0.6105855539971949,,42.21959999995306
indoor,Hybrid,1420_5.png,17.156250673739198,0.8511850237846375,7.602123696019071,0.6106591865357643,,41.62159999987125
indoor,Hybrid,1420_6.png,17.259386818965506,0.8482075333595276,7.600445591282877,0.6083064516129032,,41.59750000007989
indoor,Hybrid,1420_7.png,17.327006278998475,0.8437755107879639,7.5968599834716155,0.6108976157082749,,41.055600000163395
indoor,Hybrid,1420_8.png,17.430405411923022,0.8400611877441406,7.593025494147145,0.6116199158485274,,41.56089999969481
indoor,Hybrid,1420_9.png,17.506123963828983,0.8348922729492188,7.59253858669988,0.6149228611500701,,41.504299999814975
indoor,Hybrid,1421_1.png,18.838710481733376,0.8570778965950012,7.424127174626561,0.6738078541374474,,41.13390000020445
indoor,Hybrid,1421_10.png,18.60954959182099,0.8369837403297424,7.3891966137914284,0.6352840112201964,,41.87670000010257
indoor,Hybrid,1421_2.png,18.83851600486358,0.8560454249382019,7.421593850699084,0.6675,,41.7501000001721
indoor,Hybrid,1421_3.png,18.893179220823644,0.8537539839744568,7.412951523882448,0.6636044880785413,,41.22189999998227
indoor,Hybrid,1421_4.png,18.776279677985343,0.8509631156921387,7.4081423272540965,0.6609502103786816,,41.30850000001374
indoor,Hybrid,1421_5.png,18.76365351182382,0.8497750163078308,7.402107933642461,0.654046283309958,,42.69730000032723
indoor,Hybrid,1421_6.png,18.747326413628166,0.8474670052528381,7.397208964237239,0.6505820476858345,,42.772100000092905
indoor,Hybrid,1421_7.png,18.724305533546655,0.8450868725776672,7.390722963461658,0.6449088359046283,,41.67349999988801
indoor,Hybrid,1421_8.png,18.678870370822,0.8427205681800842,7.389574098797346,0.6416654978962132,,42.05309999997553
indoor,Hybrid,1421_9.png,18.67697721871351,0.8402459025382996,7.392640351943989,0.6396633941093969,,41.90359999984139
indoor,Hybrid,1422_1.png,21.154978669147052,0.7746476531028748,7.408861990916593,0.5283134642356241,,41.5432999998302
indoor,Hybrid,1422_10.png,18.428866888120083,0.7087284922599792,7.472685917068621,0.5177454417952314,,42.18639999999141
indoor,Hybrid,1422_2.png,20.96257637090904,0.7659488320350647,7.415998400578508,0.5271809256661991,,41.70219999969049
indoor,Hybrid,1422_3.png,20.7679142416406,0.7605316042900085,7.423299170563365,0.5221318373071528,,41.86990000016522
indoor,Hybrid,1422_4.png,20.58147451085308,0.7553104758262634,7.429315471995538,0.5191514726507714,,41.74490000013975
indoor,Hybrid,1422_5.png,20.449816173803708,0.7486453652381897,7.472501158184119,0.5270652173913043,,52.43430000018634
indoor,Hybrid,1422_6.png,20.261621979891842,0.7444052696228027,7.473607608032027,0.5238288920056101,,41.571899999780726
indoor,Hybrid,1422_7.png,19.953601592608354,0.7381609082221985,7.489529068635423,0.5221844319775596,,41.018699999767705
indoor,Hybrid,1422_8.png,19.549404951690192,0.7306655049324036,7.508870905268994,0.523352033660589,,41.311099999802536
indoor,Hybrid,1422_9.png,19.37865107401745,0.7254602313041687,7.530753337695212,0.5269880785413745,,41.707899999892106
indoor,Hybrid,1423_1.png,20.323998925994303,0.744428813457489,7.3299737117901875,0.5988464235624124,,42.665199999646575
indoor,Hybrid,1423_10.png,16.11071865632385,0.6680757403373718,7.47850951472874,0.5576577840112202,,41.49180000013075
indoor,Hybrid,1423_2.png,19.862550184770683,0.734345018863678,7.342452743575244,0.5893653576437587,,41.25209999983781
indoor,Hybrid,1423_3.png,19.4215655524337,0.7282245755195618,7.371922155082397,0.585890603085554,,41.486799999802315
indoor,Hybrid,1423_4.png,18.81652599508272,0.7159983515739441,7.391387108769357,0.58328190743338,,41.27149999976609
indoor,Hybrid,1423_5.png,18.359817076002095,0.7103946208953857,7.414500419313478,0.5738709677419355,,41.058199999952194
indoor,Hybrid,1423_6.png,17.857011984193083,0.6993443965911865,7.411673230561314,0.5697335203366058,,41.26610000002984
indoor,Hybrid,1423_7.png,17.43077294819329,0.6921282410621643,7.433339267234075,0.5648246844319775,,41.25629999998637
indoor,Hybrid,1423_8.png,17.00046755289832,0.6863381266593933,7.4501637051475065,0.5616479663394109,,41.4160999998785
indoor,Hybrid,1423_9.png,16.727106675716016,0.6793358325958252,7.459240948450692,0.5574859747545582,,41.22800000004645
indoor,Hybrid,1424_1.png,18.83765805743222,0.8158084750175476,7.534529409083435,0.697633239831697,,42.57069999994201
indoor,Hybrid,1424_10.png,18.56364941257841,0.7956261038780212,7.571655430669173,0.6599403927068723,,41.559700000107114
indoor,Hybrid,1424_2.png,18.98559856721846,0.8152278065681458,7.554299299615549,0.6971248246844319,,41.4639000000534
indoor,Hybrid,1424_3.png,18.940115836594554,0.8134315609931946,7.549605143572594,0.6892496493688639,,41.71330000008311
indoor,Hybrid,1424_4.png,19.006686193630532,0.8103569149971008,7.574030285127901,0.6898597475455821,,42.20660000009957
indoor,Hybrid,1424_5.png,18.891487375370243,0.8096986413002014,7.550874744214674,0.6799789621318373,,41.802300000199466
indoor,Hybrid,1424_6.png,18.94623145343987,0.8088576197624207,7.551910293136997,0.6736220196353436,,41.33090000004813
indoor,Hybrid,1424_7.png,18.696902215520346,0.804527223110199,7.544179482098246,0.6679102384291725,,41.782899999816436
indoor,Hybrid,1424_8.png,18.612757731500853,0.8018004298210144,7.543380572952039,0.6621388499298738,,41.80719999976645
indoor,Hybrid,1424_9.png,18.62450498941904,0.7987282872200012,7.569366729614319,0.6625175315568023,,42.3254000002089
indoor,Hybrid,1425_1.png,20.229664567990223,0.8475869297981262,7.675859315759389,0.7322650771388499,,41.805700000168144
indoor,Hybrid,1425_10.png,18.649110755982417,0.7863919138908386,7.61484269149125,0.7162201963534361,,41.72710000011648
indoor,Hybrid,1425_2.png,20.227595429239496,0.8441019654273987,7.670959554167489,0.7292215988779803,,41.53279999991355
indoor,Hybrid,1425_3.png,20.0480220135983,0.8370956778526306,7.661899035386262,0.7260273492286115,,41.70209999983854
indoor,Hybrid,1425_4.png,19.886490602199352,0.8301474452018738,7.655124962032328,0.7233064516129032,,41.50470000013229
indoor,Hybrid,1425_5.png,19.770796222901165,0.8241866230964661,7.6488316237640195,0.7209957924263675,,41.42610000008062
indoor,Hybrid,1425_6.png,19.58568042797702,0.8173303008079529,7.645167323272467,0.719109396914446,,41.18700000026365
indoor,Hybrid,1425_7.png,19.371981256172663,0.8099467754364014,7.637794141410396,0.7159081346423563,,41.05100000015227
indoor,Hybrid,1425_8.png,19.176866205192585,0.802767813205719,7.628280324273493,0.7156732117812061,,41.936099999929866
indoor,Hybrid,1425_9.png,18.906347892385803,0.7941517233848572,7.622249717412016,0.7152138849929873,,41.504600000280334
indoor,Hybrid,1426_1.png,20.03573433808681,0.8078424334526062,7.568635332070904,0.6907959326788219,,41.34860000021945
indoor,Hybrid,1426_10.png,18.11486646201565,0.7488532066345215,7.540569129823796,0.6711395511921459,,41.82779999973718
indoor,Hybrid,1426_2.png,19.80536815511835,0.800205409526825,7.571958977955596,0.6886465638148668,,41.500100000121165
indoor,Hybrid,1426_3.png,19.633221415198634,0.7938401103019714,7.5633284096894595,0.6852945301542777,,41.61219999969035
indoor,Hybrid,1426_4.png,19.500690229699188,0.7887835502624512,7.560636150410749,0.6811360448807854,,41.48609999992914
indoor,Hybrid,1426_5.png,19.32337168859081,0.7828331589698792,7.554796838492963,0.6806486676016831,,43.138399999861576
indoor,Hybrid,1426_6.png,19.056887356614546,0.7757198214530945,7.552936459808771,0.6778716690042076,,41.822400000000926
indoor,Hybrid,1426_7.png,18.833425094312204,0.7692354321479797,7.550130088746604,0.6758380084151473,,42.294399999718735
indoor,Hybrid,1426_8.png,18.598106427537356,0.7620328068733215,7.546938165916045,0.6751122019635344,,41.055799999867304
indoor,Hybrid,1426_9.png,18.377666101106186,0.7561347484588623,7.542924269946505,0.6746178120617111,,41.171099999701255
indoor,Hybrid,1427_1.png,16.33297542414177,0.7537715435028076,7.148075170621123,0.5637377279102385,,41.436099999828
indoor,Hybrid,1427_10.png,16.41395201231369,0.7365110516548157,7.1341638785095025,0.5514095371669004,,41.07670000030339
indoor,Hybrid,1427_2.png,16.40367235034099,0.7514744400978088,7.161930044940119,0.5649403927068724,,41.95300000037605
indoor,Hybrid,1427_3.png,16.392837016662536,0.7500001788139343,7.155320567121392,0.5613639551192146,,41.40759999972943
indoor,Hybrid,1427_4.png,16.478795845107037,0.7497006058692932,7.152590986055439,0.558937587657784,,41.20920000013939
indoor,Hybrid,1427_5.png,16.474084569762063,0.7478054165840149,7.15026851986326,0.5605399719495091,,41.87649999994392
indoor,Hybrid,1427_6.png,16.53201001421263,0.7452864646911621,7.1425446263755425,0.5584887798036465,,41.88549999980751
indoor,Hybrid,1427_7.png,16.46858098856103,0.7436135411262512,7.141661134595363,0.5570056100981767,,40.56899999977759
indoor,Hybrid,1427_8.png,16.43984103384091,0.7393768429756165,7.139886500549023,0.5559642356241234,,41.13289999986591
indoor,Hybrid,1427_9.png,16.45783021346687,0.7392158508300781,7.136237246453494,0.5538814866760168,,42.865099999744416
indoor,Hybrid,1428_1.png,20.991124368115642,0.8285510540008545,7.569832384966303,0.6751297335203366,,45.17290000012508
indoor,Hybrid,1428_10.png,19.229487763689924,0.7830262780189514,7.512103458133296,0.6624228611500701,,42.19599999987622
indoor,Hybrid,1428_2.png,20.984600885504314,0.8249635100364685,7.564329011545191,0.671921458625526,,40.79279999996288
indoor,Hybrid,1428_3.png,20.772701860549688,0.819380521774292,7.552037629878142,0.6696283309957924,,41.62580000001981
indoor,Hybrid,1428_4.png,20.637053322795605,0.8137397766113281,7.544555301372843,0.6684957924263675,,41.641400000116846
indoor,Hybrid,1428_5.png,20.455497876321317,0.8087978959083557,7.540639092383198,0.6684326788218794,,41.37220000029629
indoor,Hybrid,1428_6.png,20.25083509826985,0.8042168617248535,7.530378875857964,0.6655224403927069,,41.27019999987169
indoor,Hybrid,1428_7.png,20.05710761506637,0.7989552021026611,7.524007938143096,0.6651297335203366,,41.77299999992101
indoor,Hybrid,1428_8.png,19.82254875013958,0.793801486492157,7.519527251111463,0.6656486676016831,,41.58610000013141
indoor,Hybrid,1428_9.png,19.52203392883296,0.7886388301849365,7.516637017741799,0.6643478260869565,,41.75570000006701
indoor,Hybrid,1429_1.png,21.466827811124706,0.7969638705253601,7.39762540605096,0.6484642356241235,,42.24609999982931
indoor,Hybrid,1429_10.png,18.414384899488596,0.7045629620552063,7.325661564144236,0.6143934081346424,,41.32720000006884
indoor,Hybrid,1429_2.png,21.169263945227108,0.7852451205253601,7.3950673456544225,0.6475,,41.33880000017598
indoor,Hybrid,1429_3.png,20.88069516482028,0.7752450108528137,7.394808298131407,0.64523492286115,,41.90419999986261
indoor,Hybrid,1429_4.png,20.619057959174356,0.7645933032035828,7.387658911501196,0.6432433380084152,,41.196900000159076
indoor,Hybrid,1429_5.png,20.24003549354554,0.7535529136657715,7.380727709294596,0.6400525946704068,,41.987800000242714
indoor,Hybrid,1429_6.png,19.849195178457745,0.7419686317443848,7.3721204126160735,0.638695652173913,,41.07529999964754
indoor,Hybrid,1429_7.png,19.467467135534044,0.7312904000282288,7.354080145481997,0.633250350631136,,41.56430000011824
indoor,Hybrid,1429_8.png,19.07198673483442,0.7215598225593567,7.338969526790867,0.6255680224403927,,41.24619999993229
indoor,Hybrid,1429_9.png,18.761684570769805,0.7131524085998535,7.331815518453025,0.6200666199158485,,41.245799999614974
indoor,Hybrid,1430_1.png,22.23106365024455,0.7011985182762146,7.046985528567713,0.4720967741935484,,42.93569999981628
indoor,Hybrid,1430_10.png,18.858111823008404,0.6233119368553162,7.142987970073976,0.4351998597475456,,42.002900000170484
indoor,Hybrid,1430_2.png,21.87297469887023,0.6866469383239746,7.037475912287365,0.46690743338008417,,41.423000000122556
indoor,Hybrid,1430_3.png,21.4150148115974,0.6760891079902649,7.054936290107121,0.4640497896213184,,41.05879999997342
indoor,Hybrid,1430_4.png,21.211969896749757,0.6707631945610046,7.051957051418359,0.456781206171108,,42.910699999993085
indoor,Hybrid,1430_5.png,20.998108117017168,0.6661848425865173,7.049810645965634,0.44681626928471246,,42.083199999979115
indoor,Hybrid,1430_6.png,20.29641903615497,0.6516310572624207,7.091062828641297,0.45057854137447406,,41.80690000021059
indoor,Hybrid,1430_7.png,19.954372071067297,0.6445468068122864,7.093088087177553,0.4467040673211781,,41.7990999999347
indoor,Hybrid,1430_8.png,19.642075241162214,0.6387485861778259,7.113753748915618,0.4415883590462833,,41.865600000164704
indoor,Hybrid,1430_9.png,19.49055721502499,0.6347034573554993,7.097259110422816,0.4344460028050491,,41.43179999982749
indoor,Hybrid,1431_1.png,22.49637279662098,0.8474871516227722,7.037836279260752,0.4437517531556802,,41.45519999974567
indoor,Hybrid,1431_10.png,20.162345182082866,0.7813038229942322,7.058923930896618,0.4126297335203366,,41.56230000035066
indoor,Hybrid,1431_2.png,22.243373230221554,0.8399968147277832,7.040183676154804,0.4384186535764376,,41.75579999991896
indoor,Hybrid,1431_3.png,21.967954519719814,0.8335339426994324,7.043793346733979,0.43237727910238427,,42.724899999939225
indoor,Hybrid,1431_4.png,21.76302594908991,0.8268072605133057,7.121092925948578,0.4295897615708275,,42.81300000002375
indoor,Hybrid,1431_5.png,21.45073562535981,0.8179702162742615,7.15069983021648,0.42889200561009816,,43.56199999983801
indoor,Hybrid,1431_6.png,21.241560575632242,0.8114339709281921,7.072832239705724,0.42596774193548387,,41.40250000000378
indoor,Hybrid,1431_7.png,20.976426465115303,0.8050305843353271,7.05683714591481,0.4223352033660589,,42.45469999978013
indoor,Hybrid,1431_8.png,20.62727103816384,0.7955713868141174,7.059107154152786,0.41793478260869565,,41.98939999969298
indoor,Hybrid,1431_9.png,20.401790796583903,0.7875926494598389,7.057827899268042,0.4145897615708275,,41.62919999998849
indoor,Hybrid,1432_1.png,22.882551007527255,0.8099061846733093,7.090859651163933,0.5005049088359046,,41.684300000270014
indoor,Hybrid,1432_10.png,20.683941700776863,0.761265218257904,7.120010864405492,0.45305049088359045,,42.30029999962426
indoor,Hybrid,1432_2.png,22.64091884115433,0.8020250797271729,7.0976032891579655,0.4945757363253857,,42.311400000016874
indoor,Hybrid,1432_3.png,22.362310546875506,0.8004340529441833,7.098089178985186,0.48881837307152876,,42.76720000007117
indoor,Hybrid,1432_4.png,22.136036142053722,0.7940040230751038,7.101891330559264,0.48516129032258065,,41.45759999983056
indoor,Hybrid,1432_5.png,21.861418809938215,0.7859587669372559,7.104085723769081,0.4837061711079944,,41.35859999996683
indoor,Hybrid,1432_6.png,21.656275857455082,0.7808569073677063,7.106022290779383,0.4762868162692847,,41.62999999971362
indoor,Hybrid,1432_7.png,21.39174252849573,0.7748506665229797,7.107266380147786,0.4706697054698457,,42.2259000001759
indoor,Hybrid,1432_8.png,21.149996290206197,0.7716681361198425,7.109559715431082,0.46464936886395514,,41.65370000009716
indoor,Hybrid,1432_9.png,20.908049873707014,0.7675678133964539,7.114008985779021,0.45849579242636745,,41.48540000005596
indoor,Hybrid,1433_1.png,20.389904867360645,0.8111982941627502,7.312458183470154,0.5445687237026648,,41.18800000014744
indoor,Hybrid,1433_10.png,19.46953120848699,0.7744343876838684,7.331205090768036,0.5118513323983169,,45.20830000001297
indoor,Hybrid,1433_2.png,20.34658054152459,0.8081174492835999,7.31812521462715,0.5398667601683029,,42.478400000163674
indoor,Hybrid,1433_3.png,20.22928198063947,0.8042433857917786,7.313665917272132,0.5358169705469845,,43.233800000052724
indoor,Hybrid,1433_4.png,20.119831689618422,0.8000739216804504,7.322428880924512,0.5327769985974754,,44.13079999994807
indoor,Hybrid,1433_5.png,20.051591885483788,0.7963150143623352,7.31922045757398,0.5287482468443198,,45.06309999987934
indoor,Hybrid,1433_6.png,19.959325795950853,0.7919242978096008,7.317333798131523,0.5247685834502104,,42.55920000014157
indoor,Hybrid,1433_7.png,19.84945808199606,0.7892029881477356,7.323703860423091,0.5192251051893408,,42.81010000022434
indoor,Hybrid,1433_8.png,19.650143639050036,0.7832191586494446,7.327424773177111,0.5183099579242637,,42.476300000089395
indoor,Hybrid,1433_9.png,19.554086414489166,0.7786855101585388,7.3304898480071135,0.5146774193548387,,42.52429999996821
indoor,Hybrid,1434_1.png,17.100241320911227,0.8566687107086182,7.347975155147724,0.3988078541374474,,44.21330000013768
indoor,Hybrid,1434_10.png,17.71206394348524,0.8258395195007324,7.345140021780187,0.41419354838709677,,43.81740000007994
indoor,Hybrid,1434_2.png,17.212357151148293,0.8543000817298889,7.352396615512021,0.4026647966339411,,43.365300000004936
indoor,Hybrid,1434_3.png,17.287706148243064,0.8528839945793152,7.343727386140048,0.4003015427769986,,42.8580999996484
indoor,Hybrid,1434_4.png,17.40040696746759,0.8497133255004883,7.346243624080869,0.4035904628330996,,42.903300000034506
indoor,Hybrid,1434_5.png,17.40500090629777,0.8459152579307556,7.340061277086861,0.4061009817671809,,42.63600000012957
indoor,Hybrid,1434_6.png,17.492819971729197,0.8422036170959473,7.3463012190725925,0.40651823281907434,,42.88349999978891
indoor,Hybrid,1434_7.png,17.5723044198659,0.8395293354988098,7.341194233131655,0.40801542776998595,,55.398800000148185
indoor,Hybrid,1434_8.png,17.60301033363565,0.8343876004219055,7.345568262490233,0.4138779803646564,,43.465199999900506
indoor,Hybrid,1434_9.png,17.631877941007218,0.8300876617431641,7.3433961729768775,0.4149544179523142,,43.40619999993578
indoor,Hybrid,1435_1.png,16.897524207577497,0.8123928904533386,7.849624506514234,0.597296633941094,,44.151699999929406
indoor,Hybrid,1435_10.png,17.49408554744923,0.7833548188209534,7.71931266982696,0.5679102384291725,,42.966900000010355
indoor,Hybrid,1435_2.png,16.975446967288757,0.8092901706695557,7.846056622669209,0.5935694249649369,,42.176800000106596
indoor,Hybrid,1435_3.png,17.029021065170987,0.8055548071861267,7.849016512570411,0.5921072931276298,,42.46259999990798
indoor,Hybrid,1435_4.png,17.150376886986596,0.8032288551330566,7.836585318123077,0.589319775596073,,42.026699999951234
indoor,Hybrid,1435_5.png,17.19449094537466,0.8006117343902588,7.799504971476243,0.5835343618513325,,43.02879999977449
indoor,Hybrid,1435_6.png,17.262801270381225,0.7971618175506592,7.793032072503007,0.5836430575035063,,43.076099999780126
indoor,Hybrid,1435_7.png,17.334935216422032,0.7933375835418701,7.789634386203708,0.5807889200561009,,42.90600000013001
indoor,Hybrid,1435_8.png,17.401275829032926,0.7903273701667786,7.7835573617311935,0.5762061711079944,,43.50660000000062
indoor,Hybrid,1435_9.png,17.421494403190465,0.7868523597717285,7.762851534057349,0.5708730715287518,,42.73970000031113
indoor,Hybrid,1436_1.png,15.286880638165808,0.8296070694923401,7.5842065241306695,0.5160133239831697,,42.99929999979213
indoor,Hybrid,1436_10.png,16.311137228107807,0.8213440775871277,7.583642337657278,0.509211079943899,,43.04899999988265
indoor,Hybrid,1436_2.png,15.403165426594816,0.8305500149726868,7.583726778009216,0.5100981767180925,,42.89500000004409
indoor,Hybrid,1436_3.png,15.48716716505985,0.8299021124839783,7.58023867417738,0.5096493688639551,,46.0969999999179
indoor,Hybrid,1436_4.png,15.618656641558186,0.8291716575622559,7.579573720207183,0.5087307152875176,,53.11410000012984
indoor,Hybrid,1436_5.png,15.715301633700003,0.8284144401550293,7.575823885645459,0.508257363253857,,44.919299999946816
indoor,Hybrid,1436_6.png,15.837994201543797,0.8274471163749695,7.5781671240850645,0.5075,,43.95090000025448
indoor,Hybrid,1436_7.png,15.959680230879382,0.8257247805595398,7.581266609524782,0.5086535764375877,,42.16630000018995
indoor,Hybrid,1436_8.png,16.065154722279992,0.8237900733947754,7.581886886590052,0.5123211781206171,,42.5849999996899
indoor,Hybrid,1436_9.png,16.17230534836058,0.8221024870872498,7.57661177746639,0.5096528751753155,,43.3484000000135
indoor,Hybrid,1437_1.png,17.970021670528226,0.8428334593772888,7.477412387307912,0.5003646563814866,,42.22140000001673
indoor,Hybrid,1437_10.png,18.174515220488377,0.8211145401000977,7.333638979062821,0.4910729312762973,,44.74620000019058
indoor,Hybrid,1437_2.png,17.972931837195464,0.8421302437782288,7.475611502539647,0.49628330995792425,,42.934499999773834
indoor,Hybrid,1437_3.png,18.12862454075563,0.8419020175933838,7.3819391341868315,0.4945511921458626,,42.55319999992935
indoor,Hybrid,1437_4.png,18.06917950519212,0.8379664421081543,7.394099648448914,0.49363253856942496,,43.40189999993527
indoor,Hybrid,1437_5.png,18.12742771291202,0.8362433314323425,7.389885957728323,0.49246143057503505,,42.09420000006503
indoor,Hybrid,1437_6.png,18.13222574013047,0.8332553505897522,7.384526274545631,0.4903962131837307,,42.42599999997765
indoor,Hybrid,1437_7.png,18.14917278021281,0.8299863934516907,7.369433350180595,0.49264726507713885,,42.956799999956274
indoor,Hybrid,1437_8.png,18.157938520109678,0.8262264132499695,7.367142769600102,0.4921704067321178,,42.154499999924155
indoor,Hybrid,1437_9.png,18.188009676735724,0.8247482180595398,7.344133299303826,0.4905259467040673,,42.35960000005434
indoor,Hybrid,1438_1.png,17.692119961328977,0.7942106127738953,7.262962363464374,0.41533309957924264,,42.44669999980033
indoor,Hybrid,1438_10.png,16.902744582864862,0.75956791639328,7.22256052894856,0.3963709677419355,,42.27530000025581
indoor,Hybrid,1438_2.png,17.601581644693493,0.7895383834838867,7.261813887199087,0.41143408134642356,,42.29720000012094
indoor,Hybrid,1438_3.png,17.53808158220737,0.7858812212944031,7.262609124648068,0.40874123422159886,,42.00639999999112
indoor,Hybrid,1438_4.png,17.448679519812995,0.7840070724487305,7.2482457087195815,0.4034502103786816,,42.44700000026569
indoor,Hybrid,1438_5.png,17.353945406595102,0.7792994379997253,7.244171978241916,0.40269635343618515,,42.51930000009452
indoor,Hybrid,1438_6.png,17.2840031695616,0.7755802273750305,7.240150952431852,0.40035764375876576,,43.37870000017574
indoor,Hybrid,1438_7.png,17.185410013332344,0.7705645561218262,7.235938393505255,0.4003366058906031,,42.66959999995379
indoor,Hybrid,1438_8.png,17.103229623634775,0.7671706080436707,7.232296692688042,0.39779102384291726,,42.38080000004629
indoor,Hybrid,1438_9.png,17.013186020569503,0.762971818447113,7.226678426462061,0.3959361851332398,,41.57809999969686
indoor,Hybrid,1439_1.png,16.962694721994247,0.8593154549598694,7.78852505759888,0.6787237026647966,,42.64659999989817
indoor,Hybrid,1439_10.png,17.146828965938436,0.8506318926811218,7.767955665991644,0.6501963534361851,,43.390199999976176
indoor,Hybrid,1439_2.png,17.016447713423062,0.8585146069526672,7.789275737346695,0.6763709677419355,,42.456099999981234
indoor,Hybrid,1439_3.png,17.054879240720908,0.8575007319450378,7.7851522101765305,0.6715883590462833,,42.18850000006569
indoor,Hybrid,1439_4.png,17.067650253055454,0.8566913604736328,7.7847782817853375,0.6691830294530154,,41.89529999985098
indoor,Hybrid,1439_5.png,17.171562915865863,0.8555426001548767,7.762548547021008,0.6658730715287517,,41.928399999960675
indoor,Hybrid,1439_6.png,17.09686616186525,0.8545201420783997,7.777756357387346,0.6628330995792426,,42.269300000043586
indoor,Hybrid,1439_7.png,17.102599463254563,0.8536632657051086,7.775707415003325,0.6591164095371669,,42.45300000002317
indoor,Hybrid,1439_8.png,17.148706211642416,0.8526565432548523,7.772345332754549,0.6570476858345021,,45.08910000004107
indoor,Hybrid,1439_9.png,17.179293685957727,0.8516132831573486,7.7719919055911335,0.6558239831697055,,43.94460000003164
indoor,Hybrid,1440_1.png,18.67205264870862,0.8756203651428223,7.164347142101706,0.35998948106591866,,42.60389999990366
indoor,Hybrid,1440_10.png,20.445457627279097,0.8556268215179443,6.9850752709702535,0.3812447405329593,,41.68580000032307
indoor,Hybrid,1440_2.png,18.901800814169036,0.8771100640296936,7.165656563603284,0.3574579242636746,,41.12220000024536
indoor,Hybrid,1440_3.png,19.154375521525157,0.8771206736564636,7.170484157279202,0.35614656381486676,,42.46530000000348
indoor,Hybrid,1440_4.png,19.395869604825663,0.8762375712394714,7.187124577274566,0.3595722300140252,,42.32159999992291
indoor,Hybrid,1440_5.png,19.563470993335127,0.8720343708992004,7.215053207776129,0.36488078541374475,,42.31300000037663
indoor,Hybrid,1440_6.png,19.89457800782541,0.8738289475440979,7.003595434225416,0.3641304347826087,,43.368899999677524
indoor,Hybrid,1440_7.png,20.110959084703588,0.8695535659790039,7.008321956792778,0.3678541374474053,,41.52750000002925
indoor,Hybrid,1440_8.png,20.273844691833386,0.8659324049949646,6.9806078991835845,0.37460378681626927,,42.20160000022588
indoor,Hybrid,1440_9.png,20.349170812338233,0.8608523011207581,6.9857365256860815,0.37834151472650773,,42.59040000033565
indoor,Hybrid,1441_1.png,21.657711441995325,0.8582925796508789,7.4144554954005475,0.49435483870967745,,43.176600000151666
indoor,Hybrid,1441_10.png,20.73493370822866,0.8304064869880676,7.38868200872686,0.46527699859747546,,42.79500000029657
indoor,Hybrid,1441_2.png,21.56606833615623,0.8553006052970886,7.412617937141963,0.4900210378681627,,41.735700000117504
indoor,Hybrid,1441_3.png,21.455719866183,0.8515476584434509,7.407522761735535,0.48490883590462835,,42.353900000307476
indoor,Hybrid,1441_4.png,21.380150990423644,0.8482541441917419,7.405134093593283,0.4842075736325386,,42.026500000247324
indoor,Hybrid,1441_5.png,21.349054012636554,0.846466064453125,7.4051460078981535,0.47845722300140253,,42.21250000000509
indoor,Hybrid,1441_6.png,21.231232194119233,0.8432047963142395,7.403017550189007,0.4751086956521739,,42.591599999923346
indoor,Hybrid,1441_7.png,21.127583767299733,0.8397870063781738,7.396260750913601,0.472601683029453,,42.487400000027264
indoor,Hybrid,1441_8.png,21.00656504173665,0.836438000202179,7.393151946331275,0.47025946704067323,,42.94500000014523
indoor,Hybrid,1441_9.png,20.85141052849081,0.8328902721405029,7.393130856188255,0.4682608695652174,,42.72709999986546
indoor,Hybrid,1442_1.png,19.20713914273005,0.8518680930137634,7.445400224445464,0.5585413744740533,,41.97240000030433
indoor,Hybrid,1442_10.png,19.185691705272433,0.8108720779418945,7.512100797792979,0.520788920056101,,42.08159999961936
indoor,Hybrid,1442_2.png,19.205993596426005,0.847614049911499,7.448227686802941,0.5527208976157083,,41.288299999905576
indoor,Hybrid,1442_3.png,19.322761167867256,0.8448286056518555,7.460515696416291,0.5476332398316971,,41.64889999992738
indoor,Hybrid,1442_4.png,19.28650693095497,0.84095698595047,7.471204111039999,0.5402103786816269,,41.87369999999646
indoor,Hybrid,1442_5.png,19.271774911458678,0.8362789154052734,7.47507984660999,0.5362762973352033,,41.73309999987396
indoor,Hybrid,1442_6.png,19.257865795485557,0.8314995169639587,7.482142269020736,0.5331241234221599,,42.47820000000502
indoor,Hybrid,1442_7.png,19.26268663915705,0.827429473400116,7.490602782869229,0.5269074333800842,,41.49120000010953
indoor,Hybrid,1442_8.png,19.271795192184374,0.8217923641204834,7.499567771201399,0.5251963534361851,,42.20239999995101
indoor,Hybrid,1442_9.png,19.229264346739058,0.8165857195854187,7.505915943153041,0.5199333800841515,,43.21140000001833
indoor,Hybrid,1443_1.png,17.542768943911245,0.8130812644958496,7.528635649911424,0.5305890603085553,,43.042899999818474
indoor,Hybrid,1443_10.png,17.711509425045367,0.7959463000297546,7.526773960788643,0.508657082748948,,52.64729999998963
indoor,Hybrid,1443_2.png,17.55667143478963,0.8114143013954163,7.517671734085148,0.5264971949509116,,44.006399999943824
indoor,Hybrid,1443_3.png,17.60313563689488,0.8117659687995911,7.521696726047329,0.5242882187938289,,42.66729999972085
indoor,Hybrid,1443_4.png,17.56897132760096,0.8099610209465027,7.513285400497386,0.5198527349228611,,43.89760000003662
indoor,Hybrid,1443_5.png,17.66320905382084,0.8071699142456055,7.514262476247618,0.5201683029453016,,45.01840000011725
indoor,Hybrid,1443_6.png,17.65539339467528,0.8048462867736816,7.514982735068391,0.5176086956521739,,44.88439999977345
indoor,Hybrid,1443_7.png,17.63484024892684,0.8035907745361328,7.51751439977406,0.5149123422159888,,43.08430000037333
indoor,Hybrid,1443_8.png,17.670911187032644,0.8008317947387695,7.519172305107158,0.512226507713885,,47.11889999998675
indoor,Hybrid,1443_9.png,17.69043435425312,0.798589289188385,7.520767983190353,0.5092741935483871,,44.44729999977426
indoor,Hybrid,1444_1.png,21.25862539555335,0.7914893627166748,7.507895065516705,0.666577840112202,,51.94859999983237
indoor,Hybrid,1444_10.png,19.058430595766197,0.7282045483589172,7.494371409947583,0.6309642356241234,,50.84639999995488
indoor,Hybrid,1444_2.png,21.113744139535445,0.7850695252418518,7.500601985886971,0.6619039270687237,,47.999800000070536
indoor,Hybrid,1444_3.png,20.873189336788446,0.7780566811561584,7.504472282867501,0.657703366058906,,47.61969999981375
indoor,Hybrid,1444_4.png,20.62988023313896,0.7714456915855408,7.504241078287967,0.6533870967741936,,54.62770000031014
indoor,Hybrid,1444_5.png,20.43635137864602,0.7651105523109436,7.498508525460483,0.6473492286115007,,45.207899999695655
indoor,Hybrid,1444_6.png,20.171254040285625,0.7576168179512024,7.494428308007239,0.6427945301542777,,51.44319999999425
indoor,Hybrid,1444_7.png,19.91020695758224,0.750293493270874,7.496663896836235,0.6406065918653576,,44.04340000019147
indoor,Hybrid,1444_8.png,19.659582610361657,0.7428635954856873,7.495216845970601,0.6359782608695652,,43.49210000009407
indoor,Hybrid,1444_9.png,19.339809167771445,0.7352340817451477,7.495658314745422,0.6331942496493689,,43.90970000031302
indoor,Hybrid,1445_1.png,20.350319932202716,0.8718588948249817,7.62970399911926,0.7555364656381487,,42.88240000005317
indoor,Hybrid,1445_10.png,19.35534527902329,0.847801148891449,7.591835463116284,0.716946002805049,,44.059199999992416
indoor,Hybrid,1445_2.png,20.29465532781918,0.8709549903869629,7.629887170421217,0.7516023842917251,,43.749299999944924
indoor,Hybrid,1445_3.png,20.148883886756263,0.8677453994750977,7.627305769183518,0.7478471248246844,,44.51980000021649
indoor,Hybrid,1445_4.png,20.081891453059363,0.8656747341156006,7.621457322204843,0.7438814866760168,,45.321900000089954
indoor,Hybrid,1445_5.png,20.044590177618993,0.8638067841529846,7.618693446439118,0.7387026647966339,,43.623699999898236
indoor,Hybrid,1445_6.png,19.89563061154323,0.8607819080352783,7.612964489703348,0.7348492286115007,,43.80600000013146
indoor,Hybrid,1445_7.png,19.753044488165298,0.8580880165100098,7.60710230956079,0.7300070126227209,,42.99240000000282
indoor,Hybrid,1445_8.png,19.675016057163997,0.8553097248077393,7.601606153650207,0.7253295932678822,,43.24369999994815
indoor,Hybrid,1445_9.png,19.517100586895246,0.851481020450592,7.596493210454211,0.7223527349228611,,43.515299999853596
indoor,Hybrid,1446_1.png,20.18023785842019,0.8613109588623047,7.723048092369871,0.7551788218793829,,44.016499999997905
indoor,Hybrid,1446_10.png,19.227182658295042,0.8303434252738953,7.667697936755942,0.7175280504908836,,42.42729999987205
indoor,Hybrid,1446_2.png,20.068688052626534,0.8576833605766296,7.7213619478222295,0.7500561009817672,,44.420500000342145
indoor,Hybrid,1446_3.png,20.111192838680218,0.8565547466278076,7.716951078695787,0.7448562412342216,,57.55649999991874
indoor,Hybrid,1446_4.png,19.924234150236757,0.8515613675117493,7.718009508459523,0.7431802244039271,,43.94379999985176
indoor,Hybrid,1446_5.png,19.884974126441204,0.8491446375846863,7.711116144330045,0.7387622720897615,,42.905899999823305
indoor,Hybrid,1446_6.png,19.837164940696027,0.8464788794517517,7.700267256456098,0.734624824684432,,46.965000000000146
indoor,Hybrid,1446_7.png,19.690375615275585,0.8425326347351074,7.687607487884203,0.7296879382889201,,42.88749999977881
indoor,Hybrid,1446_8.png,19.507170613454456,0.8384035229682922,7.678507938574248,0.7253856942496494,,42.7903999998307
indoor,Hybrid,1446_9.png,19.388925793739254,0.8345336318016052,7.672655599884968,0.7225175315568022,,42.432799999915005
indoor,Hybrid,1447_1.png,18.84060994297609,0.8527750968933105,7.52819701666205,0.669554698457223,,41.227900000194495
indoor,Hybrid,1447_10.png,18.110702449603966,0.8210689425468445,7.551996230959325,0.622124824684432,,43.21479999998701
indoor,Hybrid,1447_2.png,18.8058242166332,0.8504359126091003,7.527389369923183,0.6623877980364656,,42.03670000015336
indoor,Hybrid,1447_3.png,18.702678066388835,0.8465616106987,7.5339113399543,0.6574859747545582,,50.46219999985624
indoor,Hybrid,1447_4.png,18.615048996349763,0.8424770832061768,7.5356701968775255,0.6517145862552595,,43.3179999999993
indoor,Hybrid,1447_5.png,18.54885913712589,0.839320957660675,7.537276553192908,0.6470091164095372,,43.47890000008192
indoor,Hybrid,1447_6.png,18.48073405845802,0.8366274237632751,7.540485035336056,0.6403892005610098,,43.8401999999769
indoor,Hybrid,1447_7.png,18.376150054094108,0.8319373726844788,7.539991560486537,0.6351192145862553,,43.199599999752536
indoor,Hybrid,1447_8.png,18.2720738318996,0.8281593322753906,7.543218423972326,0.6289516129032258,,42.671100000006845
indoor,Hybrid,1447_9.png,18.171905833361425,0.8250768780708313,7.546657859357947,0.6263990182328191,,42.83730000042851
indoor,Hybrid,1448_1.png,21.485237955173734,0.8732874393463135,7.617440122152386,0.6217987377279103,,47.97129999997196
indoor,Hybrid,1448_10.png,20.40444645281245,0.8376591801643372,7.565149343072667,0.5889270687237027,,43.200700000397774
indoor,Hybrid,1448_2.png,21.51508931145324,0.8703112602233887,7.623197939714412,0.6194810659186536,,43.351399999664864
indoor,Hybrid,1448_3.png,21.39941230532925,0.8667643070220947,7.619582858213748,0.6158239831697054,,43.74790000019857
indoor,Hybrid,1448_4.png,21.26530491717251,0.8633591532707214,7.619668874120125,0.610305049088359,,45.394499999929394
indoor,Hybrid,1448_5.png,21.16302068509446,0.8579921722412109,7.62092710504263,0.6062412342215989,,43.747199999870645
indoor,Hybrid,1448_6.png,21.070631226232557,0.8556208610534668,7.580599992252034,0.6009046283309958,,42.94930000014574
indoor,Hybrid,1448_7.png,20.916161285950384,0.8511459231376648,7.550832597293146,0.596507713884993,,43.399199999839766
indoor,Hybrid,1448_8.png,20.72186248493495,0.8461804389953613,7.557851487137607,0.5945582047685835,,43.84059999983947
indoor,Hybrid,1448_9.png,20.562609510390978,0.8416411876678467,7.561173334607357,0.5910729312762973,,59.65020000030563
indoor,Hybrid,1449_1.png,20.57680544363385,0.885157585144043,7.722381858921795,0.7064621318373071,,42.93890000008105
indoor,Hybrid,1449_10.png,20.290318712339367,0.8653018474578857,7.695324895699523,0.6569354838709678,,45.19269999991593
indoor,Hybrid,1449_2.png,20.627549238463455,0.88410884141922,7.723070539804898,0.698937587657784,,43.55779999968945
indoor,Hybrid,1449_3.png,20.585330844905293,0.8817191123962402,7.730456128118688,0.6949053295932679,,46.85769999969125
indoor,Hybrid,1449_4.png,20.608657412999346,0.8803181052207947,7.720579271831023,0.6882293127629734,,44.92919999984224
indoor,Hybrid,1449_5.png,20.551339758750785,0.8773459792137146,7.721165224795047,0.6829628330995793,,44.2297999998118
indoor,Hybrid,1449_6.png,20.47670339574786,0.8749536871910095,7.720486942035382,0.6774018232819075,,44.101599999976315
indoor,Hybrid,1449_7.png,20.508668526209213,0.8736638426780701,7.710764368110768,0.6722230014025246,,43.21409999965908
indoor,Hybrid,1449_8.png,20.44251706321129,0.8711977601051331,7.6923479770379,0.6672194950911641,,43.76619999993636
indoor,Hybrid,1449_9.png,20.354647774633904,0.8682047724723816,7.696902723445266,0.6623316970546984,,43.822999999974854
outdoor,DCP,0001_0.8_0.2.jpg,15.9394856190315,0.8927876949310303,7.333126916566027,0.5375610829848118,,29.225900000255933
outdoor,DCP,0002_0.8_0.08.jpg,14.669126136111483,0.7904619574546814,7.296429872426553,0.520462249614792,,28.254199999992125
outdoor,DCP,0003_0.8_0.2.jpg,17.18061029322422,0.8552548289299011,7.154237180987653,0.2849014416004707,,32.23909999996977
outdoor,DCP,0004_0.9_0.12.jpg,13.75203500140244,0.8766429424285889,7.48458188204286,0.6527756988773938,,33.24940000038623
outdoor,DCP,0006_0.85_0.08.jpg,13.602399939373218,0.8631563186645508,7.597845915961343,0.5183403037640326,,29.184900000018388
outdoor,DCP,0007_0.9_0.16.jpg,16.710028779581357,0.8462969660758972,6.988194264283048,0.4606845238095238,,31.940100000156235
outdoor,DCP,0009_0.8_0.16.jpg,18.43875719499688,0.8840442299842834,7.190930490302428,0.6265551397754787,,28.342999999949825
outdoor,DCP,0010_0.95_0.16.jpg,21.134103251732597,0.9094299674034119,7.28112725672632,0.5447369579572969,,28.479999999944994
outdoor,DCP,0011_0.95_0.16.jpg,18.535961748146526,0.8724787831306458,7.1622710589990755,0.3374686330618534,,28.637200000048324
outdoor,DCP,0014_0.8_0.12.jpg,14.438177550017109,0.7888627052307129,7.275787286054652,0.47837552278230244,,28.450899999825197
outdoor,DCP,0016_0.8_0.08.jpg,15.785334885272702,0.8757965564727783,7.742356241578057,0.6300682368478978,,29.014300000199
outdoor,DCP,0017_0.9_0.08.jpg,16.285699823829805,0.8368006348609924,7.594260940439836,0.5662187088274044,,36.545700000260695
outdoor,DCP,0018_0.9_0.2.jpg,16.179446853814564,0.886099636554718,7.6822187547372245,0.5201089093934352,,43.669499999850814
outdoor,DCP,0019_0.8_0.16.jpg,14.853613391818925,0.8737049102783203,7.467013468124664,0.5821747743781642,,29.12190000006376
outdoor,DCP,0021_0.8_0.08.jpg,11.80326317558835,0.8008008003234863,7.56095845087815,0.5621439577371781,,29.39830000013899
outdoor,DCP,0022_0.8_0.08.jpg,11.312136609481131,0.7543724179267883,7.473521767450039,0.603464670922298,,29.360300000007555
outdoor,DCP,0023_0.85_0.12.jpg,15.068590958625435,0.8577309250831604,7.1335878283020016,0.167541272287035,,27.70620000001145
outdoor,DCP,0024_0.85_0.08.jpg,14.78106777427497,0.8466941714286804,7.008450701508963,0.21674664318732115,,28.23430000034932
outdoor,DCP,0025_0.8_0.16.jpg,19.35490343180152,0.8760862946510315,7.62844233582279,0.48199427690953117,,39.17689999980212
outdoor,DCP,0026_0.95_0.08.jpg,17.356019926452678,0.871147096157074,7.626656137957994,0.38492626018049747,,29.318599999896833
outdoor,DCP,0029_0.85_0.08.jpg,14.413834932706738,0.8265225291252136,7.505818420833231,0.42154523442659037,,27.961299999788025
outdoor,DCP,0030_0.95_0.12.jpg,22.67623849798381,0.9563420414924622,7.684004339588351,0.7243011226062074,,28.27419999994163
outdoor,DCP,0033_0.85_0.08.jpg,15.06013477452777,0.857032060623169,7.421449782322041,0.47013427250715384,,28.08450000020457
outdoor,DCP,0034_0.9_0.16.jpg,14.842284805444221,0.8108437657356262,7.293634779475232,0.34710983931322914,,28.157199999895965
outdoor,DCP,0036_1_0.08.jpg,10.964993264358878,0.7764630913734436,7.345658111680561,0.4946026854501431,,27.503799999976764
outdoor,DCP,0039_0.9_0.2.jpg,19.445285665285617,0.9181645512580872,7.533550709589675,0.6266475896984371,,28.108800000154588
outdoor,DCP,0040_1_0.08.jpg,18.652863347434245,0.9140364527702332,7.706526963181779,0.6894342945190403,,28.49930000002132
outdoor,DCP,0042_0.8_0.2.jpg,12.465302133049958,0.8404987454414368,7.132191703323454,0.6584720327421555,,52.07489999975223
outdoor,DCP,0045_0.8_0.16.jpg,9.624976709717764,0.6973784565925598,7.227742151906187,0.41262323507555115,,72.3640000001069
outdoor,DCP,0046_0.9_0.16.jpg,15.667981583228148,0.7931778430938721,7.074094857594922,0.40254017169271405,,27.634600000055798
outdoor,DCP,0047_0.9_0.12.jpg,21.346065262761513,0.8449318408966064,6.632264139562847,0.5661782877316858,,21.06050000020332
outdoor,DCP,0048_0.9_0.2.jpg,16.009344656806622,0.8230404853820801,7.500533413406228,0.5062117543473476,,29.645800000253075
outdoor,DCP,0049_0.85_0.12.jpg,14.913842913864205,0.8436189293861389,7.291200608926551,0.7346254553734062,,45.62369999985094
outdoor,DCP,0051_0.8_0.2.jpg,20.249825135501723,0.9199817776679993,6.836576991266876,0.5308294625082947,,28.58120000018971
outdoor,DCP,0051_0.95_0.12.jpg,24.61065483640743,0.9421402812004089,6.365031974935499,0.5537934085379341,,28.058800000053452
outdoor,DCP,0052_0.9_0.16.jpg,18.048972710048105,0.8576658368110657,6.908836343170599,0.4148155467720685,,41.293599999789876
outdoor,DCP,0053_0.9_0.12.jpg,17.532809735837272,0.860649049282074,6.696022393373288,0.3817431597528685,,27.385700000195357
outdoor,DCP,0054_0.85_0.16.jpg,14.721224126777111,0.8596289157867432,7.319859495384624,0.7300110595001106,,27.931799999805662
outdoor,DCP,0055_0.85_0.12.jpg,16.176376067154123,0.8432616591453552,7.410632878789952,0.5592648029936166,,38.72480000018186
outdoor,DCP,0056_0.8_0.16.jpg,12.536917472444529,0.7792420387268066,7.154747268205456,0.4245853519521231,,45.4623000000538
outdoor,DCP,0057_0.8_0.12.jpg,17.15868116919009,0.8650137782096863,7.530114964452849,0.8642791107197887,,28.724599999804923
outdoor,DCP,0058_0.8_0.2.jpg,22.768864059680936,0.9350832104682922,7.271479295836616,0.6974058794436604,,43.48600000002989
outdoor,DCP,0059_0.9_0.12.jpg,19.005992149511574,0.8797101974487305,7.73614419551039,0.6055425930002201,,29.29900000026464
outdoor,DCP,0060_0.9_0.2.jpg,13.752067681854534,0.7912405133247375,7.443565588699544,0.4051886422464507,,62.204299999848445
outdoor,DCP,0061_0.8_0.2.jpg,14.604028805086537,0.7968328595161438,7.323227012018862,0.3825630498533724,,21.302100000411883
outdoor,DCP,0062_0.9_0.2.jpg,15.543355907849454,0.8428037762641907,7.51859679543917,0.6130926700418226,,28.048500000295462
outdoor,DCP,0063_0.8_0.16.jpg,17.639901745434553,0.8657228946685791,7.481647868123423,0.5040017609509135,,27.6453000001311
outdoor,DCP,0064_0.8_0.2.jpg,17.459626407948182,0.8707859516143799,6.890193372980287,0.42944750165089146,,33.330799999930605
outdoor,DCP,0065_0.9_0.12.jpg,20.008309294806278,0.8901960849761963,7.284299536763959,0.6306657819066578,,28.48909999966054
outdoor,DCP,0066_1_0.08.jpg,9.03995466262501,0.7051612734794617,7.07443626853942,0.12406339423288576,,27.482399999826157
outdoor,DCP,0068_1_0.16.jpg,18.666356218747048,0.8909829258918762,7.67447083376436,0.5546665019762845,,53.72339999985343
outdoor,DCP,0069_0.9_0.16.jpg,20.87791098728351,0.9158080220222473,7.298423126558328,0.5012533097969991,,22.71729999984018
outdoor,DCP,0070_0.9_0.12.jpg,15.656115065864233,0.8552696108818054,7.618626166628379,0.6149297594057808,,40.08800000019619
outdoor,DCP,0071_0.8_0.2.jpg,18.60937020441066,0.9134197235107422,7.767171041027968,0.6760672417606725,,27.621199999884993
outdoor,DCP,0072_0.9_0.2.jpg,20.40195769582525,0.7946189045906067,7.073075935317528,0.5368637834657252,,20.116799999868817
outdoor,DCP,0073_0.8_0.16.jpg,15.877988732404134,0.7065526843070984,7.551842334232699,0.5961038961038961,,28.409000000010565
outdoor,DCP,0074_0.8_0.2.jpg,18.356110965851368,0.8345808982849121,7.16529395656556,0.3482649138037951,,51.788199999919016
outdoor,DCP,0075_0.8_0.2.jpg,13.77390719581461,0.8622967600822449,7.43064109194815,0.701674314771177,,52.175199999965116
outdoor,DCP,0076_0.8_0.2.jpg,18.79310816278484,0.9273116588592529,7.211402992605855,0.7435638435638435,,24.121999999806576
outdoor,DCP,0076_1_0.16.jpg,20.437559328450803,0.9441542625427246,7.263319481744504,0.7591711991711991,,22.831499999938387
outdoor,DCP,0077_0.8_0.2.jpg,18.193009721290085,0.8365947604179382,7.4149308945316905,0.2843102932148094,,49.85579999993206
outdoor,DCP,0079_0.8_0.12.jpg,14.243484032329793,0.8399270176887512,7.465033327894376,0.584604886638785,,28.655499999786116
outdoor,DCP,0081_0.8_0.2.jpg,14.597418315927609,0.8004997372627258,7.464093355863951,0.7993631748961698,,41.36190000008355
outdoor,DCP,0082_0.85_0.16.jpg,19.5416595937919,0.8717055320739746,7.511519827396706,0.47634602685450145,,28.711699999803386
outdoor,DCP,0083_0.85_0.12.jpg,14.447259407576782,0.8060975074768066,7.2290099512585515,0.35385868368919215,,27.134899999964546
outdoor,DCP,0084_0.95_0.16.jpg,22.413973928730808,0.9420037865638733,7.589701801407232,0.7437466902030009,,28.491900000062742
outdoor,DCP,0085_0.95_0.08.jpg,20.275846715086097,0.8497381806373596,6.870781512951872,0.379123023715415,,52.76159999993979
outdoor,DCP,0086_0.8_0.2.jpg,21.85667969196819,0.9136297702789307,7.5345339363464525,0.5747083425049527,,27.797699999609904
outdoor,DCP,0086_0.95_0.12.jpg,22.491254117492208,0.9301199913024902,7.628663033570144,0.5850759410081444,,27.113099999951373
outdoor,DCP,0087_0.9_0.16.jpg,13.963288349438393,0.8482866287231445,7.346296967383371,0.657317436661699,,39.69349999988481
outdoor,DCP,0088_0.9_0.12.jpg,20.44883463025243,0.9101859927177429,6.350261601203911,0.4449679274496793,,28.685499999937747
outdoor,DCP,0089_0.9_0.2.jpg,15.124333895921636,0.8608188033103943,7.304519970398252,0.43788330203376585,,56.20839999983218
outdoor,DCP,0090_0.85_0.12.jpg,15.47631706712803,0.8935057520866394,7.250415124439859,0.6822128760918796,,42.69029999977647
outdoor,DCP,0091_0.85_0.2.jpg,14.665761048298307,0.8182602524757385,7.118633914867729,0.6045313235986811,,48.561099999915314
outdoor,DCP,0092_0.85_0.2.jpg,16.560440484330456,0.8939101099967957,7.398564667364099,0.6529530201342282,,44.2508999999518
outdoor,DCP,0093_0.8_0.08.jpg,12.557446695044662,0.7973138689994812,7.15985510287798,0.6506317411402157,,29.15579999989859
outdoor,DCP,0094_0.8_0.2.jpg,16.88267364311294,0.876152515411377,7.473083213284133,0.44119744662117544,,30.717699999968318
outdoor,DCP,0095_0.8_0.08.jpg,17.390103017906473,0.8762133717536926,7.364258144604585,0.6284494580844946,,27.600999999776832
outdoor,DCP,0096_0.8_0.2.jpg,16.901667243259972,0.9022547602653503,7.3761290952377845,0.7533775713337757,,27.160700000422366
outdoor,DCP,0097_0.85_0.08.jpg,14.586158479282336,0.8283811211585999,7.164074917753112,0.4687739379264803,,26.82920000006561
outdoor,DCP,0098_0.85_0.2.jpg,18.749337849695912,0.91399747133255,7.292281365974637,0.5599805095364054,,46.06630000034784
outdoor,DCP,0099_0.9_0.16.jpg,22.7955616435875,0.9480908513069153,7.394579103497175,0.7021472235064468,,49.25039999989167
outdoor,DCP,0100_0.9_0.12.jpg,15.177476811378037,0.821044921875,7.346206812458484,0.5603229374032294,,40.33500000014101
outdoor,DCP,0101_0.9_0.08.jpg,15.852179757181426,0.8288168907165527,7.472655446623396,0.4293212530712531,,43.0978999997933
outdoor,DCP,0102_0.85_0.12.jpg,11.297001785067568,0.7234885692596436,7.132166447856595,0.1964698531708841,,42.47110000005705
outdoor,DCP,0104_0.95_0.12.jpg,13.558325296189368,0.8284547328948975,7.1113321874038915,0.3623986109388565,,51.619900000332564
outdoor,DCP,0105_0.95_0.2.jpg,15.328185493193466,0.8475770950317383,7.442690760891088,0.5192744081804175,,46.898500000224885
outdoor,DCP,0106_0.9_0.08.jpg,16.118186398994876,0.8357913494110107,7.710260794186939,0.6829187761391151,,29.825399999936053
outdoor,DCP,0107_0.9_0.08.jpg,10.95199637214515,0.7426298260688782,6.944261412199258,0.4672329130723291,,27.41939999987153
outdoor,DCP,0108_0.8_0.16.jpg,20.46024593151232,0.8555541634559631,6.919570046533232,0.41853275175257953,,48.68579999993017
outdoor,DCP,0108_1_0.2.jpg,22.1178422511382,0.8419568538665771,6.636866742737042,0.4272240329057958,,64.29669999988619
outdoor,DCP,0109_0.85_0.08.jpg,17.39379948042999,0.86346036195755,7.292673570942618,0.6757145222718993,,39.99320000002626
outdoor,DCP,0110_0.8_0.12.jpg,17.078616653782376,0.8301466107368469,7.061519591138479,0.6560738138606991,,38.00860000001194
outdoor,DCP,0111_0.8_0.2.jpg,19.653379214744188,0.8799788951873779,7.203427946788879,0.4302477086945752,,51.791099999718426
outdoor,DCP,0112_0.8_0.2.jpg,12.781826921283166,0.7340913414955139,7.016236878512049,0.5384841448582086,,44.62249999960477
outdoor,DCP,0113_0.9_0.08.jpg,29.633301602414427,0.9040172100067139,6.479131932514961,0.6306967485069674,,27.071999999861873
outdoor,DCP,0115_0.8_0.12.jpg,18.58721131510491,0.9063060879707336,7.298016185603506,0.5537001981069778,,27.260800000021845
outdoor,DCP,0116_0.9_0.16.jpg,13.890317101666243,0.7791358828544617,7.210585294695734,0.41453801314647154,,52.130099999885715
outdoor,DCP,0117_0.9_0.12.jpg,12.576614314874794,0.7882015109062195,7.254821523684152,0.5319806523626441,,52.72560000003068
outdoor,DCP,0118_0.9_0.2.jpg,20.31151513919761,0.9090147018432617,7.053457479983442,0.5719698450297198,,49.5826000001216
outdoor,DCP,0119_0.85_0.12.jpg,16.198853452030885,0.8124585747718811,6.944239878155827,0.5108108788718208,,50.626199999896926
outdoor,DCP,0120_0.85_0.08.jpg,11.110770037065569,0.7599123120307922,6.761680347620871,0.5064406840870976,,58.344100000340404
outdoor,DCP,0121_0.85_0.2.jpg,16.481470146974644,0.8764800429344177,7.159362382360508,0.4873315681082671,,20.59289999988323
outdoor,DCP,0123_1_0.08.jpg,19.336514349738007,0.8925758004188538,7.190922968980166,0.6567729133077018,,51.362499999868305
outdoor,DCP,0125_0.8_0.12.jpg,13.215555587382644,0.780890166759491,7.146027301260644,0.44132115607525446,,51.22429999983069
outdoor,DCP,0126_0.8_0.2.jpg,18.005159491278217,0.8825425505638123,6.65628072936284,0.46233134262331343,,28.868400000192196
outdoor,DCP,0127_0.8_0.2.jpg,13.201134306889324,0.7897074818611145,7.419834331587655,0.4819641672196417,,27.372900000045775
outdoor,DCP,0129_0.8_0.16.jpg,18.939578859211913,0.8687400221824646,7.464826582602202,0.6567518607392124,,51.87810000006721
outdoor,DCP,0131_0.95_0.08.jpg,17.42629658470823,0.8742594718933105,7.1555952175950095,0.4975346687211094,,28.591299999789044
outdoor,DCP,0132_1_0.08.jpg,12.97714671773489,0.8023924231529236,7.321430996238657,0.41997798811358134,,27.908400000342226
outdoor,DCP,0133_1_0.2.jpg,17.499285908606755,0.852950394153595,7.271087740345665,0.4554655513977548,,27.463500000067143
outdoor,DCP,0134_0.95_0.16.jpg,17.547934810293594,0.8825885653495789,7.342354835441826,0.5025225621835792,,26.683300000058807
outdoor,DCP,0135_0.95_0.12.jpg,15.70230438988906,0.8549656271934509,7.427229061694647,0.26623816861105,,28.164400000150636
outdoor,DCP,0137_0.8_0.2.jpg,21.313241669786855,0.9229333400726318,7.48183110801193,0.5906317411402158,,28.00950000028024
outdoor,DCP,0138_0.9_0.08.jpg,15.810015009820193,0.8667160868644714,7.49801838934386,0.4078318291877614,,36.785600000257546
outdoor,DCP,0139_0.85_0.12.jpg,19.299642241580443,0.8944420218467712,7.468985690354904,0.5506801672903368,,27.46980000028998
outdoor,DCP,0140_0.95_0.12.jpg,18.084938477845554,0.9099848866462708,7.455891836695634,0.677490644948272,,27.627099999790516
outdoor,DCP,0141_0.95_0.12.jpg,21.54979952180616,0.9403624534606934,7.522175393877478,0.6605194805194805,,26.514899999710906
outdoor,DCP,0142_0.95_0.08.jpg,16.90903289605001,0.8299241065979004,7.626691844692337,0.5060312568787145,,27.47780000026978
outdoor,DCP,0143_1_0.2.jpg,21.94346228843003,0.8711424469947815,7.399069016972643,0.5855073739819503,,28.888800000004267
outdoor,DCP,0145_0.8_0.12.jpg,14.14154972428155,0.8272046446800232,7.312760893706498,0.6090556900726393,,27.006700000129058
outdoor,DCP,0146_0.8_0.2.jpg,18.606171384089855,0.8788557052612305,7.204244113010352,0.5753951133612151,,28.232799999841518
outdoor,DCP,0147_1_0.16.jpg,22.529197649732144,0.9151935577392578,6.899253449098111,0.5285450143077262,,29.22390000003361
outdoor,DCP,0148_0.9_0.12.jpg,15.694279715469134,0.8744640946388245,6.985647781647282,0.21340083645168392,,37.55890000002182
outdoor,DCP,0149_0.9_0.08.jpg,15.880675091158523,0.8928439021110535,7.573080035317078,0.4902883557120845,,26.950200000101177
outdoor,DCP,0150_0.8_0.16.jpg,15.197122356206851,0.81256502866745,7.607872414214183,0.7235756802721088,,30.780000000049768
outdoor,DCP,0151_0.8_0.08.jpg,11.39627953920046,0.7927455306053162,7.392217872182097,0.4672639225181598,,27.24179999995613
outdoor,DCP,0152_0.8_0.2.jpg,12.47983962127196,0.7920034527778625,7.536483574086306,0.5842218798151002,,28.91670000008162
outdoor,DCP,0153_0.8_0.08.jpg,12.490690213584834,0.772817850112915,7.4927694208634374,0.15064054589478318,,27.224499999647378
outdoor,DCP,0154_0.8_0.2.jpg,15.565250182665846,0.8443843722343445,6.999925999084553,0.6213031036759851,,27.405799999996816
outdoor,DCP,0155_1_0.08.jpg,14.824428122429069,0.8434925675392151,6.770063047517136,0.5427338762931984,,26.597100000344653
outdoor,DCP,0157_0.8_0.08.jpg,16.390964605023488,0.8538727164268494,7.054817662180594,0.5021835791327317,,27.51829999988331
outdoor,DCP,0158_0.8_0.2.jpg,18.67241548358121,0.8822402954101562,6.985301222137602,0.48199427690953117,,27.17190000021219
outdoor,DCP,0160_0.9_0.2.jpg,10.619116756893508,0.6981858611106873,7.165945390173382,0.24703499889940567,,27.655699999741046
outdoor,DCP,0161_0.85_0.08.jpg,11.09851351716693,0.7552821040153503,7.426891605585608,0.4480167290336782,,38.53029999982027
outdoor,DCP,0162_0.95_0.12.jpg,13.013477964839208,0.8071756958961487,7.334142881336523,0.5838036539731455,,28.277299999899697
outdoor,DCP,0163_0.95_0.08.jpg,14.286234043178831,0.8521712422370911,7.465840667170757,0.7230244331939247,,26.986200000010285
outdoor,DCP,0164_0.9_0.2.jpg,18.403966836021826,0.8754894137382507,7.12229381350361,0.4776843495487563,,27.427499999703286
outdoor,DCP,0165_0.9_0.2.jpg,19.61239997106955,0.9022392630577087,7.3069737655942975,0.6510455646048866,,26.22689999998329
outdoor,DCP,0166_0.8_0.16.jpg,15.96689103079977,0.8297147154808044,6.569432454181042,0.4076865507373982,,25.964899999962654
outdoor,DCP,0167_0.8_0.12.jpg,13.976616441189979,0.8238577842712402,7.098048944115367,0.3034734756768655,,27.778199999829667
outdoor,DCP,0168_0.9_0.16.jpg,18.426625112792397,0.8691743016242981,7.102728426977495,0.4714573717438591,,26.033300000108284
outdoor,DCP,0169_0.9_0.12.jpg,20.38981535818476,0.8859760165214539,6.88065740289625,0.45307946290997136,,26.671900000110327
outdoor,DCP,0170_0.8_0.2.jpg,19.258150190900874,0.8730545043945312,7.129116594251495,0.4463570327977108,,26.839200000267738
outdoor,DCP,0171_0.85_0.12.jpg,32.242337673071326,0.9861301779747009,6.932303011859694,0.7540876073079463,,26.37849999973696
outdoor,DCP,0172_0.85_0.08.jpg,14.529885540317727,0.8926078677177429,7.629102122505179,0.5669381465991635,,27.387999999973545
outdoor,DCP,0174_0.95_0.08.jpg,15.969925610585246,0.8956766724586487,7.813702159193882,0.6361919436495708,,25.615900000047986
outdoor,DCP,0175_0.85_0.16.jpg,18.53358962166706,0.8954229950904846,6.822714175867909,0.3474620294959278,,26.759500000025582
outdoor,DCP,0176_1_0.08.jpg,22.050803200172723,0.9185802340507507,7.137204183993517,0.5497160466651992,,27.158500000041386
outdoor,DCP,0178_0.8_0.12.jpg,18.614425263920783,0.9355728626251221,7.613380518338432,0.7848029936165529,,26.352000000315456
outdoor,DCP,0179_0.8_0.2.jpg,21.22824411570317,0.9203174710273743,7.408157346214335,0.6459696235967423,,26.127099999939674
outdoor,DCP,0180_0.85_0.16.jpg,20.99276538571297,0.9495024681091309,7.186115434334056,0.8279154743561523,,26.664900000014313
outdoor,DCP,0181_0.9_0.08.jpg,18.62672025869812,0.915884792804718,7.096441552215221,0.6390490865067137,,25.926300000264746
outdoor,DCP,0182_0.8_0.16.jpg,18.457605943518278,0.907752513885498,7.444100568268319,0.6648646268985252,,26.26730000019961
outdoor,DCP,0183_0.8_0.16.jpg,18.238821768791254,0.8967462182044983,7.0030091663783995,0.37944970283953333,,26.389800000288233
outdoor,DCP,0184_0.95_0.12.jpg,21.969066103850835,0.9437412619590759,7.3872621080216945,0.8660185332555219,,26.866900000186433
outdoor,DCP,0185_1_0.16.jpg,12.529247437252025,0.7910045981407166,7.336297432196335,0.3781465991635483,,26.808900000105496
outdoor,DCP,0187_0.9_0.2.jpg,20.301338477568276,0.9295539855957031,7.613165954315326,0.6692141756548536,,26.38600000000224
outdoor,DCP,0188_0.85_0.08.jpg,16.752473226734537,0.8548293709754944,7.171431034421073,0.6836319612590799,,26.209499999822583
outdoor,DCP,0189_0.85_0.2.jpg,16.270733825965912,0.8335883617401123,6.956423191212343,0.27900946511116004,,26.695099999869853
outdoor,DCP,0191_1_0.08.jpg,22.912905093266843,0.9388371109962463,6.6190641146248925,0.6447633722209993,,26.634099999682803
outdoor,DCP,0194_1_0.2.jpg,18.09950780350476,0.874965250492096,6.858501175542705,0.217178076161127,,26.343199999701028
outdoor,DCP,0195_1_0.08.jpg,20.93887494800628,0.884266197681427,7.024655219945782,0.5730134272507154,,26.842799999940326
outdoor,DCP,0196_0.9_0.2.jpg,17.844733746474674,0.8986749649047852,7.588738090260373,0.40551617873651774,,27.648299999782466
outdoor,DCP,0197_0.8_0.16.jpg,20.225405197481795,0.8790412545204163,7.067160169654071,0.4424521241470394,,26.186999999936234
outdoor,DCP,0198_0.95_0.12.jpg,19.774838140419874,0.9189030528068542,7.485678523440478,0.6255954215276249,,26.24019999984739
outdoor,DCP,0199_1_0.16.jpg,17.326539309336862,0.9116236567497253,7.648505955336252,0.43104996698217035,,26.90230000007432
outdoor,DCP,0200_1_0.12.jpg,23.258977201350515,0.9223386645317078,6.960077691009116,0.5299537750385208,,26.5292999997655
outdoor,DCP,0201_1_0.08.jpg,16.183594383363843,0.8805143237113953,7.153564135478978,0.3201144618093771,,26.913100000001577
outdoor,DCP,0202_0.85_0.12.jpg,25.630303037595745,0.9587845206260681,7.455250197863122,0.7516178736517719,,26.049699999930453
outdoor,DCP,0204_0.8_0.08.jpg,18.08561862268058,0.8744273781776428,6.4897820054315085,0.43402314049586777,,37.427000000207045
outdoor,DCP,0205_1_0.16.jpg,21.563876987163802,0.9321339726448059,7.562890241090267,0.5217053513862024,,38.99010000031922
outdoor,DCP,0206_1_0.12.jpg,15.941549124495037,0.8819065093994141,7.385482680128461,0.4838476777459828,,25.78880000010031
outdoor,DCP,0207_1_0.08.jpg,14.305625755666895,0.879277229309082,7.581514216894797,0.623963510537905,,40.38979999995718
outdoor,DCP,0208_0.8_0.16.jpg,16.936387295437317,0.8678843379020691,7.177296363749471,0.40337222099933967,,25.67639999961102
outdoor,DCP,0209_0.85_0.08.jpg,13.226971465809987,0.7637659907341003,7.293715670815077,0.2296896324014968,,26.93879999969795
outdoor,DCP,0210_0.85_0.2.jpg,21.629053233770776,0.9262409806251526,6.912455339531562,0.5419243530192436,,26.399899999887566
outdoor,DCP,0212_0.9_0.2.jpg,15.343902596364378,0.8010935187339783,7.719000746053076,0.47399955976227165,,27.20550000003641
outdoor,DCP,0213_1_0.2.jpg,21.286329323554227,0.9078547954559326,7.4431072353291015,0.43339526653395266,,26.257900000018708
outdoor,DCP,0215_0.8_0.08.jpg,23.802485315649974,0.8455554842948914,6.913789039347156,0.4672950514696763,,50.33450000019002
outdoor,DCP,0216_1_0.12.jpg,13.726989088981696,0.8592195510864258,7.529161891371299,0.6947176684881603,,37.59200000013152
outdoor,DCP,0217_1_0.2.jpg,19.552144771820448,0.8704242706298828,7.5647822847649735,0.6318247853841075,,25.677099999938946
outdoor,DCP,0218_0.9_0.2.jpg,15.926755910728348,0.8981264233589172,7.527159274987396,0.570458958517211,,26.002099999914208
outdoor,DCP,0219_0.85_0.08.jpg,14.864133996021195,0.8505139350891113,7.40229476255707,0.7365195567235362,,36.85399999994843
outdoor,DCP,0220_0.85_0.2.jpg,15.923009255271722,0.8466172814369202,6.969079107587602,0.5276417895551064,,49.488600000131555
outdoor,DCP,0222_0.85_0.16.jpg,12.917786805809,0.8235036730766296,6.997632988320116,0.2833842070338421,,26.312500000130967
outdoor,DCP,0223_0.95_0.16.jpg,17.46662300450332,0.8668062090873718,7.1726238985537325,0.5801813758018137,,25.22480000016003
outdoor,DCP,0225_0.8_0.2.jpg,24.453285373312443,0.9091734290122986,6.067250786905777,0.3183720415837204,,32.987300000058895
outdoor,DCP,0226_0.8_0.2.jpg,9.720120449536488,0.7649726867675781,6.982845515743504,0.4813730592419117,,40.41720000032001
outdoor,DCP,0228_1_0.2.jpg,19.169879422668412,0.8742852210998535,7.182368662128399,0.5262490834469693,,38.041599999814935
outdoor,DCP,0230_0.9_0.16.jpg,10.508737369056858,0.6968805193901062,7.209256361904264,0.29319392471934846,,26.806800000031217
outdoor,DCP,0233_0.8_0.12.jpg,13.509207370485026,0.8313725590705872,7.357279279463471,0.4937310147479639,,26.022099999863713
outdoor,DCP,0235_0.9_0.08.jpg,19.984328265189465,0.9119738936424255,7.249435181217803,0.6258199427690954,,26.66109999972832
outdoor,DCP,0237_0.8_0.12.jpg,17.219661028199866,0.8852257132530212,7.104521363554904,0.6679506933744221,,26.726500000222586
outdoor,DCP,0238_0.8_0.2.jpg,13.625198488640628,0.8059542179107666,7.263168505276018,0.28809156944750164,,26.66159999989759
outdoor,DCP,0239_0.8_0.2.jpg,14.287635910133616,0.7910868525505066,7.069612460500339,0.44475016508914816,,25.754899999810732
outdoor,DCP,0240_1_0.08.jpg,25.720868305663174,0.9628702998161316,7.1579124773233485,0.7505833149900947,,26.45280000024286
outdoor,DCP,0242_0.8_0.12.jpg,16.020864933051744,0.858455240726471,7.117717824292076,0.5397622716266784,,25.45009999994363
outdoor,DCP,0243_0.8_0.08.jpg,11.832527097505142,0.7147948145866394,7.340044647803281,0.36339863526304206,,25.795800000196323
outdoor,DCP,0244_0.9_0.12.jpg,21.45571874628783,0.9521010518074036,7.705820304629687,0.6744530046224961,,27.497000000039407
outdoor,DCP,0245_1_0.2.jpg,16.500871932206753,0.8843698501586914,7.706099360473653,0.5850055029716047,,26.565900000150577
outdoor,DCP,0246_0.85_0.12.jpg,13.165787194324835,0.8325744271278381,6.858602546092081,0.1576799471714726,,26.51719999994384
outdoor,DCP,0248_0.8_0.08.jpg,14.829439444126127,0.8226836323738098,7.047691469225319,0.3350869469513537,,27.230099999997037
outdoor,DCP,0249_1_0.12.jpg,23.357781237273368,0.9200051426887512,7.437337429752606,0.5347787805414924,,26.15190000005896
outdoor,DCP,0251_0.8_0.16.jpg,20.78398420487411,0.8828027248382568,7.32203337663103,0.4895443539511336,,27.593199999955687
outdoor,DCP,0253_0.8_0.2.jpg,15.806231914423197,0.8506312370300293,7.132991603165267,0.5832137354171253,,27.62189999975817
outdoor,DCP,0253_1_0.16.jpg,17.726688480766295,0.8737483024597168,7.28949037666629,0.6016024653312789,,28.135599999586702
outdoor,DCP,0255_0.85_0.08.jpg,16.867741142302133,0.9052982926368713,7.528862068046557,0.4377151661897425,,26.59270000003744
outdoor,DCP,0256_0.95_0.16.jpg,18.306112118723743,0.8535203337669373,7.20766398116743,0.3608232445520581,,27.27099999992788
outdoor,DCP,0258_0.8_0.2.jpg,17.027589311945942,0.8777344822883606,6.6796739284843065,0.2137706361435175,,26.26909999980853
outdoor,DCP,0259_0.9_0.08.jpg,14.591382798916563,0.8550314903259277,7.5015890398328855,0.24821043363416245,,26.994000000286178
outdoor,DCP,0260_0.9_0.2.jpg,14.757477516994959,0.8516082763671875,7.4421403341284575,0.23259520140876072,,28.71519999962402
outdoor,DCP,0261_0.85_0.08.jpg,17.45651921813091,0.8837997913360596,7.592340782831324,0.3555007704160247,,26.863000000048487
outdoor,DCP,0262_0.95_0.12.jpg,16.058379131674002,0.8635057806968689,6.61415236527168,0.16341184239489323,,26.9122999998217
outdoor,DCP,0263_0.95_0.08.jpg,20.019019522736308,0.8758370876312256,7.036959740374897,0.40017611310926454,,50.913000000036845
outdoor,DCP,0264_0.95_0.2.jpg,17.52872404420517,0.8493692278862,7.6717119912190475,0.4827338762931983,,26.047899999866786
outdoor,DCP,0266_0.8_0.12.jpg,13.09002236830311,0.7518952488899231,7.233893281840997,0.32730794629099713,,27.063300000008894
outdoor,DCP,0267_0.9_0.16.jpg,15.449802269472684,0.7907963395118713,7.325233057413484,0.33809817301342726,,29.457600000114326
outdoor,DCP,0268_0.9_0.16.jpg,22.06214408181421,0.9119976162910461,7.754465674023996,0.6115078142196786,,26.553799999874172
outdoor,DCP,0269_0.95_0.2.jpg,15.211129182023841,0.8490975499153137,7.561533863159198,0.6948756328417346,,28.31960000003164
outdoor,DCP,0270_0.85_0.16.jpg,13.43846034473452,0.8087360262870789,7.113808453877988,0.27448382126348225,,26.240499999858002
outdoor,DCP,0271_0.85_0.12.jpg,15.790142519401986,0.8563670516014099,7.0483743395694995,0.32625137574290114,,27.085799999895244
outdoor,DCP,0272_0.85_0.08.jpg,18.299571237134785,0.919614851474762,7.714777964556308,0.6593880695575611,,27.064100000188773
outdoor,DCP,0273_0.85_0.2.jpg,13.001433404473161,0.8073102831840515,7.420947854071988,0.635593220338983,,27.355599999737024
outdoor,DCP,0274_0.95_0.12.jpg,11.723301754448434,0.8052623867988586,7.27842331503968,0.4778912612810918,,28.976300000067567
outdoor,DCP,0275_1_0.16.jpg,25.865456749636667,0.9387364983558655,7.250249840174299,0.5062601804974687,,27.3867999999311
outdoor,DCP,0276_1_0.12.jpg,15.750922331704185,0.8621461391448975,7.346574918015532,0.3020162887959498,,27.627299999949173
outdoor,DCP,0277_1_0.08.jpg,14.82508645392638,0.8509988784790039,7.23498999055325,0.27128329297820825,,26.970699999765202
outdoor,DCP,0279_0.8_0.12.jpg,16.31185327655302,0.8522716164588928,7.57645389086718,0.5249086506713625,,27.337400000305934
outdoor,DCP,0280_0.9_0.16.jpg,15.257592720420996,0.8263704180717468,7.603725271790432,0.467607307946291,,26.791599999796745
outdoor,DCP,0281_0.9_0.12.jpg,11.10821628999049,0.7436749935150146,7.08394062789419,0.351798371120405,,27.229799999986426
outdoor,DCP,0282_0.85_0.16.jpg,15.864521476575671,0.8633012771606445,7.7071448250404915,0.5752190182698658,,26.175200000125187
outdoor,DCP,0283_0.85_0.12.jpg,15.296743301102655,0.8312235474586487,7.314178059302528,0.3967686550737398,,27.364700000362063
outdoor,DCP,0284_0.8_0.16.jpg,21.66493445566602,0.9389097094535828,7.410914285368142,0.6928596646072375,,27.216100000259758
outdoor,DCP,0285_0.85_0.2.jpg,24.445420791572165,0.9300562739372253,7.259230011879006,0.8240413823464671,,27.44200000006458
outdoor,DCP,0286_0.8_0.08.jpg,15.009460242638271,0.8502311706542969,7.619484806391951,0.7481443979749064,,27.681399999892164
outdoor,DCP,0287_0.8_0.2.jpg,11.536779754075681,0.7587776184082031,7.259315900728414,0.3544530046224961,,27.439999999842257
outdoor,DCP,0287_0.95_0.08.jpg,11.712172702536098,0.7972841262817383,7.348569198798037,0.3728417345366498,,26.866400000017165
outdoor,DCP,0288_0.95_0.2.jpg,18.887388544411216,0.8639628291130066,7.478628753597144,0.3798635263042043,,26.89699999973527
outdoor,DCP,0290_0.85_0.08.jpg,13.104122029655139,0.7782571911811829,7.174342775394185,0.27054369359454106,,27.106000000003405
outdoor,DCP,0291_0.95_0.12.jpg,13.439227408961562,0.7917878031730652,7.1566427988002275,0.4403081664098613,,27.06290000014633
outdoor,DCP,0292_1_0.16.jpg,13.269337102071947,0.8089500069618225,7.2697026153443725,0.349636803874092,,26.32979999998497
outdoor,DCP,0294_1_0.2.jpg,13.933610499348276,0.8231505751609802,7.284380445375984,0.36938586836891923,,27.875000000221917
outdoor,DCP,0295_0.85_0.08.jpg,22.447416561664557,0.941806972026825,7.25486876872373,0.5833634162447722,,26.736900000287278
outdoor,DCP,0296_0.95_0.12.jpg,18.916789844946393,0.8675432205200195,7.408697528155427,0.5489808496588158,,26.82409999988522
outdoor,DCP,0297_0.95_0.08.jpg,27.71701310461009,0.9673032760620117,7.465911213133684,0.7979044684129429,,28.130700000019715
outdoor,DCP,0298_1_0.12.jpg,23.793291512246046,0.9256479144096375,7.463035674558968,0.756674486803519,,22.160900000017136
outdoor,DCP,0299_0.9_0.08.jpg,19.49370243326775,0.901675283908844,7.420484841244603,0.6264538850979529,,30.725599999641418
outdoor,DCP,0300_1_0.2.jpg,13.953429931017304,0.8167691230773926,7.421762497404513,0.48350429231785164,,33.330799999930605
outdoor,DCP,0302_0.9_0.16.jpg,15.70864151754067,0.8581498265266418,7.288347054369943,0.4727801012546775,,28.32570000009582
outdoor,DCP,0303_0.9_0.12.jpg,14.910125666854237,0.8736918568611145,7.455833589151723,0.6353731014747964,,29.182700000092154
outdoor,DCP,0304_0.9_0.08.jpg,11.652414410061594,0.7853900790214539,7.417083912868798,0.3308958837772397,,27.731000000130734
outdoor,DCP,0305_0.9_0.2.jpg,16.683824499175365,0.8420670032501221,7.0087067087328325,0.27901386748844376,,27.819999999792344
outdoor,DCP,0306_0.8_0.16.jpg,17.538632774252918,0.8906118273735046,7.6451075417717895,0.5958045344486023,,27.77600000035818
outdoor,DCP,0307_0.8_0.12.jpg,14.566636931421238,0.7931960225105286,7.282858254389212,0.4158177415804534,,27.782299999671523
outdoor,DCP,0308_1_0.16.jpg,16.751036690059887,0.8917990326881409,7.582761615601371,0.6137530266343826,,27.48509999992166
outdoor,DCP,0309_1_0.08.jpg,15.177562175600217,0.8746647834777832,7.51493787010853,0.5907682148360115,,29.39630000037141
outdoor,DCP,0311_0.8_0.16.jpg,16.634551265349536,0.8856562972068787,7.331712549541407,0.6743165309267004,,27.882899999895017
outdoor,DCP,0312_0.8_0.12.jpg,19.406256005211763,0.9211834073066711,7.673074744685288,0.7606647589698438,,28.256600000077015
outdoor,DCP,0313_0.8_0.2.jpg,14.350412452288321,0.8260502815246582,7.405381042182215,0.3917585900849499,,51.72249999986889
outdoor,DCP,0314_0.9_0.12.jpg,18.873286888127293,0.8876523375511169,7.068863637002228,0.5898250546704155,,40.06770000023607
outdoor,DCP,0315_0.85_0.16.jpg,11.866774443514828,0.7846190929412842,7.005718739432102,0.4799373040752351,,47.201899999890884
outdoor,DCP,0316_0.85_0.12.jpg,15.431126395279747,0.8933558464050293,7.709671151054763,0.6399295619634603,,26.586299999962648
outdoor,DCP,0317_0.85_0.08.jpg,17.8691432312774,0.9049620032310486,7.111921125216233,0.5477922077922078,,25.975500000186003
outdoor,DCP,0318_0.85_0.2.jpg,14.520892838521828,0.8343066573143005,7.241273120490153,0.3167114241690513,,26.635000000169384
outdoor,DCP,0319_0.9_0.16.jpg,19.67815309762612,0.9276010394096375,7.377418365951036,0.8025930002201188,,25.990699999965727
outdoor,DCP,0320_0.9_0.08.jpg,18.817822320171345,0.8993921279907227,6.814759074775191,0.38001760950913493,,26.952000000164844
outdoor,DCP,0320_1_0.16.jpg,19.502639392540406,0.8949248194694519,6.694844868115605,0.37693154303323795,,26.513899999827117
outdoor,DCP,0321_1_0.12.jpg,23.839270356690122,0.8564620018005371,7.169413618836346,0.5782478538410741,,26.965899999595422
outdoor,DCP,0323_0.8_0.16.jpg,17.43855926930446,0.8787469267845154,7.262283692320125,0.6362095531587058,,26.51479999985895
outdoor,DCP,0324_0.8_0.12.jpg,16.60525584771875,0.8764057159423828,7.724739121820941,0.5642791107197886,,26.942200000121375
outdoor,DCP,0325_0.9_0.16.jpg,16.67148966898862,0.8606221079826355,7.623323779153966,0.7361831388950033,,26.228600000195
outdoor,DCP,0326_0.9_0.12.jpg,17.34526046962218,0.8871216773986816,6.514049541550096,0.5087034998899406,,26.973199999702047
outdoor,DCP,0327_1_0.08.jpg,13.814792303627502,0.7866335511207581,7.534497709160899,0.34291877613911514,,26.789499999722466
outdoor,DCP,0329_0.8_0.12.jpg,15.35091247875108,0.7843268513679504,7.351783476870131,0.36358353510895886,,26.362499999777356
outdoor,DCP,0330_0.8_0.08.jpg,17.764071069066866,0.8494162559509277,7.447946556958443,0.5640457847237508,,25.787600000057864
outdoor,DCP,0330_0.95_0.12.jpg,18.464810375104893,0.8600296974182129,7.467124960282446,0.5646621175434735,,27.04149999999572
outdoor,DCP,0331_0.95_0.12.jpg,17.3067276277651,0.8822855949401855,7.009664695536911,0.49626678406339425,,25.625100000070233
outdoor,DCP,0332_0.95_0.08.jpg,18.048397599239692,0.8800554275512695,7.393468146681883,0.5354699537750385,,27.033400000163965
outdoor,DCP,0333_0.95_0.2.jpg,16.297341696086715,0.8571450114250183,7.261287279988449,0.609685230024213,,26.853200000005018
outdoor,DCP,0334_1_0.08.jpg,20.87140769237456,0.933530867099762,7.383265964358817,0.5880563504292318,,26.989599999978964
outdoor,DCP,0335_1_0.2.jpg,15.53637208860993,0.872859001159668,7.106343321330009,0.6287475236627779,,26.311699999951088
outdoor,DCP,0337_0.8_0.08.jpg,8.614871043999244,0.6834151148796082,7.022841025351808,0.4061237068016729,,26.24859999968976
outdoor,DCP,0338_0.9_0.12.jpg,10.831107069115298,0.7808324694633484,7.351924961701717,0.41966982170372,,25.673600000118313
outdoor,DCP,0340_0.85_0.08.jpg,14.066599195508463,0.7897429466247559,7.1371322948943,0.4680739599383667,,26.789699999881122
outdoor,DCP,0341_0.85_0.2.jpg,16.738289321428773,0.8369216918945312,7.351965659831588,0.5331216668733721,,51.11899999974412
outdoor,DCP,0342_0.95_0.08.jpg,20.433015456863927,0.8974105715751648,7.121156292189115,0.44812678846577153,,26.4060999998037
outdoor,DCP,0343_0.95_0.2.jpg,22.038145769670983,0.9024917483329773,7.448846267872985,0.6548272066916134,,26.252199999817094
outdoor,DCP,0344_0.85_0.16.jpg,13.930639120258189,0.8435658812522888,7.3464671918662265,0.594886826514235,,46.740499999941676
outdoor,DCP,0345_0.85_0.12.jpg,15.855431986441186,0.8738446235656738,7.36240391193649,0.477376183138895,,26.751700000204437
outdoor,DCP,0346_0.95_0.16.jpg,17.838951344201536,0.8648910522460938,7.545576397748161,0.2627604512276045,,26.644999999916763
outdoor,DCP,0348_0.8_0.2.jpg,19.28680625538263,0.8830373883247375,7.195842563041598,0.3311258571112586,,26.310199999898032
outdoor,DCP,0349_0.9_0.08.jpg,19.47004601449883,0.897483766078949,7.544808001353255,0.4579296615792966,,26.409299999613722
outdoor,DCP,0350_0.85_0.12.jpg,22.167265874236428,0.9314350485801697,7.22867927469459,0.6537030632411067,,50.318500000230415
outdoor,DCP,0351_0.95_0.16.jpg,15.575645096671778,0.8703834414482117,7.413849865244344,0.41241835834068846,,26.458899999852292
outdoor,DCP,0353_0.9_0.12.jpg,12.529894335326075,0.7897312641143799,7.67036050759636,0.4903927779537536,,40.20769999988261
outdoor,DCP,0354_0.9_0.08.jpg,20.216274826712212,0.8946413397789001,7.507225133866102,0.4456226498562265,,26.156800000080693
outdoor,DCP,0355_0.85_0.12.jpg,14.225271333133804,0.8121150135993958,7.473483914904976,0.20586153505861535,,26.262800000040443
outdoor,DCP,0356_0.85_0.08.jpg,18.917269457590308,0.8724305033683777,7.418731420088504,0.44768856447688565,,26.678199999878416
outdoor,DCP,0357_0.95_0.12.jpg,22.54160126623884,0.9066243171691895,7.649123515753445,0.43170537491705374,,26.136999999835098
outdoor,DCP,0359_0.85_0.16.jpg,21.62959972404984,0.8988839983940125,7.386354613826025,0.3148595443485954,,26.559099999758473
outdoor,DCP,0361_0.85_0.2.jpg,15.974040930794526,0.8892180919647217,7.219754844970165,0.5446167557932264,,41.397600000436796
outdoor,DCP,0362_0.95_0.08.jpg,20.173779039095805,0.9291999340057373,7.474157747740133,0.7487387189082104,,26.19860000004337
outdoor,DCP,0364_0.85_0.12.jpg,14.531221275603304,0.8562579154968262,7.433339524426939,0.5131485587583149,,44.45450000002893
outdoor,DCP,0366_0.9_0.16.jpg,18.431587395781115,0.9032988548278809,7.475076391683419,0.6803851803492738,,39.2400999999154
outdoor,DCP,0369_0.85_0.2.jpg,17.398635968355045,0.8457257151603699,7.6001171353148145,0.3927228489272285,,26.431100000081642
outdoor,DCP,0371_0.9_0.08.jpg,20.215294367734078,0.9023316502571106,7.609771769346814,0.4185224507852245,,26.619400000072346
outdoor,DCP,0372_0.85_0.12.jpg,20.8421025751939,0.9367857575416565,7.309350672107466,0.5114620659146206,,26.28679999997985
outdoor,DCP,0375_0.85_0.16.jpg,19.97709721129143,0.9317153096199036,7.554706734772735,0.6448207171314742,,36.137999999937165
outdoor,DCP,0380_0.85_0.2.jpg,19.515598983227616,0.8522071242332458,7.117734711175841,0.5319327420546933,,34.9527999997008
outdoor,DCP,0382_0.9_0.08.jpg,21.051249593641977,0.9090118408203125,6.408172917996822,0.48168104401681044,,26.539599999978236
outdoor,DCP,0383_0.9_0.2.jpg,21.330470041402847,0.8946967720985413,7.528428946489398,0.4067137393350986,,19.99550000027739
outdoor,DCP,0385_0.8_0.08.jpg,16.64952957462408,0.8714119791984558,7.407411548425802,0.3466843618668436,,26.932100000067294
outdoor,DCP,0386_1_0.12.jpg,22.642122568389915,0.9060354828834534,7.38463312217051,0.39921256359212565,,25.953500000014174
outdoor,DCP,0388_0.95_0.16.jpg,19.39792380576978,0.8721628189086914,7.367647756008849,0.4991019685910197,,26.469400000223686
outdoor,DCP,0390_0.9_0.12.jpg,21.72037843241858,0.9515387415885925,7.722096383137999,0.750710983931323,,26.157900000271184
outdoor,DCP,0391_1_0.08.jpg,14.79804616230269,0.868842601776123,7.764547010270335,0.428795949812899,,26.305500000034954
outdoor,DCP,0392_1_0.2.jpg,17.262048035949604,0.8778533935546875,7.650602243591799,0.46760360962566844,,37.71610000012515
outdoor,DCP,0393_1_0.2.jpg,16.140277671470997,0.863902747631073,7.548257901701589,0.7008180162278523,,40.00820000010208
outdoor,DCP,0395_0.95_0.08.jpg,21.844203774356625,0.9232537746429443,6.482839378013371,0.47321146245059287,,38.38480000013078
outdoor,DCP,0397_0.85_0.12.jpg,13.173404481875599,0.781513512134552,7.236103600967313,0.5920061933200619,,26.06500000001688
outdoor,DCP,0399_0.8_0.08.jpg,11.875163234006301,0.7356093525886536,7.046272117146481,0.24815748728157488,,26.60009999999602
outdoor,DCP,0400_0.9_0.12.jpg,18.927305964942764,0.8945918679237366,7.305989110121129,0.4711326860841424,,19.88770000025397
outdoor,DCP,0402_0.8_0.16.jpg,23.8651531227763,0.9513208270072937,7.214823981490837,0.767361203273612,,26.086599999871396
outdoor,DCP,0404_0.8_0.2.jpg,16.618250242696483,0.8725487589836121,7.354003861184807,0.4101794645483966,,19.988999999895896
outdoor,DCP,0405_1_0.08.jpg,17.38567392216786,0.8692750930786133,7.557947228152144,0.5363518681965284,,19.406100000196602
outdoor,DCP,0406_1_0.2.jpg,14.39423084903032,0.8172540664672852,7.384369944689538,0.4161767476917279,,41.103600000042206
outdoor,DCP,0407_0.95_0.16.jpg,14.42231367288803,0.8330186009407043,7.119329018164251,0.5444567219152855,,38.006100000075094
outdoor,DCP,0409_1_0.12.jpg,19.61728807442578,0.9111299514770508,7.4076838842607975,0.5522450785224507,,26.674199999888515
outdoor,DCP,0411_0.95_0.16.jpg,16.770602491270537,0.8808772563934326,7.435884667639666,0.4988994056790667,,25.52160000004733
outdoor,DCP,0413_0.95_0.2.jpg,19.689038540576206,0.9160897135734558,7.138644852522384,0.6437027206370272,,26.567599999907543
outdoor,DCP,1001_0.8_0.16.jpg,17.68633711289388,0.8942472338676453,7.195982512089505,0.4666387849438697,,27.6094999999259
outdoor,DCP,1002_1_0.16.jpg,15.498974247927109,0.8691282868385315,7.049343267271394,0.29107638124587276,,26.54149999989386
outdoor,DCP,1005_0.8_0.12.jpg,14.465959400081225,0.8362676501274109,7.001620047123419,0.4646682376286742,,49.857299999985116
outdoor,DCP,1006_1_0.16.jpg,14.486733004676235,0.8300458788871765,7.4359355552343835,0.6575522782302443,,25.784699999803706
outdoor,DCP,1007_0.95_0.08.jpg,14.238251068917174,0.8368725776672363,7.356452466828583,0.2854589478318292,,26.185700000041834
outdoor,DCP,1008_0.9_0.12.jpg,16.480686979461293,0.8772886395454407,7.088426080052497,0.47678186220559104,,25.940900000023248
outdoor,DCP,1009_0.85_0.12.jpg,18.994017493304845,0.8752890229225159,6.9119585195696835,0.4826150121065375,,25.329900000087946
outdoor,DCP,1010_0.85_0.08.jpg,13.252273980570532,0.8339591026306152,7.387530647068409,0.5973434205630659,,51.13329999994676
outdoor,DCP,1011_0.95_0.12.jpg,19.765467978928033,0.8832511305809021,7.0397392570933945,0.5106889720449043,,26.3531000000512
outdoor,DCP,1012_0.95_0.08.jpg,21.073958281841023,0.9009917378425598,7.086034263571414,0.5813383226942549,,27.036800000132644
outdoor,DCP,1015_0.8_0.12.jpg,15.843831870394773,0.7941343784332275,6.906205260530838,0.4641734536649791,,26.122900000245863
outdoor,DCP,1016_0.9_0.16.jpg,19.177317551187684,0.8955866694450378,7.379080262124263,0.5178428351309707,,26.327100000344217
outdoor,DCP,1018_0.85_0.12.jpg,11.064101605832432,0.7638229727745056,7.370000817211143,0.51706361435175,,25.843599999916478
outdoor,DCP,1020_0.95_0.08.jpg,11.29432158927387,0.723832368850708,7.2620423941777466,0.45962139555359893,,26.886499999818625
outdoor,DCP,1022_0.85_0.12.jpg,11.182664870067553,0.7253248691558838,7.080361450961206,0.2296896324014968,,26.486199999908422
outdoor,DCP,1027_0.8_0.08.jpg,22.458534937725275,0.9295514225959778,7.089079431435479,0.5200440237728373,,26.52879999959623
outdoor,DCP,1030_0.95_0.12.jpg,18.11010513817161,0.8872538208961487,7.264045883045642,0.6374246092890161,,27.880399999958172
outdoor,DCP,1034_0.9_0.16.jpg,12.974871472068623,0.7932665944099426,7.559577264910221,0.34698217037200085,,27.000500000212924
outdoor,DCP,1037_0.8_0.12.jpg,9.90576364021455,0.6813400387763977,7.218872722509238,0.3147238048055487,,52.46709999983068
outdoor,DCP,1038_1_0.16.jpg,11.037623941827539,0.7203075885772705,7.3132696240998945,0.28854842704978945,,51.03030000009312
outdoor,DCP,1040_1_0.2.jpg,18.814817106214758,0.9049015641212463,7.6564593390002464,0.47569887739379263,,26.395599999887054
outdoor,DCP,1042_0.95_0.08.jpg,22.03793962488875,0.9309006333351135,7.6258112644830645,0.6096412062513757,,26.37650000042413
outdoor,DCP,1044_0.85_0.12.jpg,13.52927815301656,0.7986586689949036,7.100344024406105,0.18011005943209332,,27.219999999942956
outdoor,DCP,1046_0.9_0.16.jpg,19.335067979769907,0.8894544243812561,7.210207455917921,0.4028175214615893,,43.80649999984598
outdoor,DCP,1048_0.9_0.2.jpg,21.521283152937944,0.9056132435798645,7.185012433564054,0.49285934404578474,,32.12530000018887
outdoor,DCP,1050_0.8_0.08.jpg,21.337350430880324,0.9050405621528625,7.181978192314255,0.4977195685670262,,30.7330999999067
outdoor,DCP,1051_1_0.12.jpg,14.99783256451872,0.8801941871643066,7.554865685722462,0.43162667840633945,,29.710400000112713
outdoor,DCP,1053_0.95_0.16.jpg,14.407606462341043,0.8589944243431091,7.020983111190351,0.49149377593360993,,60.13349999966522
outdoor,DCP,1055_0.95_0.2.jpg,26.413442988645,0.9625570178031921,7.193160204743993,0.7948214452214453,,69.10149999976056
outdoor,DCP,1057_0.95_0.16.jpg,18.013668833921873,0.8564532399177551,7.7554015036255,0.5570548095971825,,29.761600000256294
outdoor,DCP,1059_0.95_0.2.jpg,20.537522740466972,0.936926543712616,7.42529989029444,0.7229848117983712,,34.907100000054925
outdoor,DCP,1060_0.85_0.16.jpg,17.94372155656797,0.8441078066825867,7.37779291190757,0.5162652306930517,,38.04050000007919
outdoor,DCP,1063_0.9_0.12.jpg,22.034448882231015,0.9351057410240173,7.546329862067326,0.7190622936385648,,28.917600000113453
outdoor,DCP,1709_0.95_0.08.jpg,16.634651338505254,0.8638817667961121,7.4075013805274885,0.5904619565217392,,55.55439999989176
outdoor,DCP,1712_0.8_0.08.jpg,15.631328536890933,0.8362614512443542,7.4077581018394385,0.46404316011410146,,65.02409999984593
outdoor,DCP,1713_1_0.08.jpg,15.531228539116672,0.8799664378166199,7.746672446058643,0.6372293191119931,,65.41969999989306
outdoor,DCP,1714_1_0.2.jpg,19.599811188239183,0.8280878663063049,7.34992617320306,0.39915337995337996,,68.99339999972653
outdoor,DCP,1716_0.95_0.12.jpg,15.805090315278942,0.8024194240570068,7.590408967995248,0.3935449604743083,,51.833499999702326
outdoor,DCP,1718_0.9_0.2.jpg,12.772123532886619,0.7821256518363953,7.139649204877437,0.524311152764761,,71.27429999991364
outdoor,DCP,1722_0.95_0.16.jpg,18.936453568134596,0.9000711441040039,7.057068663536561,0.5302666501302244,,65.16860000010638
outdoor,DCP,1724_0.95_0.2.jpg,20.182276208675,0.9272899627685547,7.66432722072897,0.6052635495473149,,56.36189999995622
outdoor,DCP,1726_0.85_0.12.jpg,17.129975276048896,0.8591391444206238,7.233725473462667,0.43433155080213903,,65.07220000003144
outdoor,DCP,1728_0.9_0.12.jpg,18.566410818609434,0.9104229807853699,7.701915371204304,0.5628054074165943,,61.71889999995983
outdoor,DCP,1730_0.85_0.08.jpg,19.37568142154625,0.9229232668876648,7.7690964096279105,0.7065074098650741,,26.750500000161992
outdoor,DCP,1731_0.85_0.2.jpg,20.764384463136096,0.8959893584251404,7.315739179257342,0.6636275160362751,,27.597700000114855
outdoor,DCP,1732_0.95_0.2.jpg,21.725348089097928,0.8735736012458801,6.599781762015972,0.5023961304725288,,55.13370000016948
outdoor,DCP,1734_1_0.08.jpg,18.81634745563896,0.8940476775169373,7.710135242451458,0.42627243306854956,,20.533399999749236
outdoor,DCP,1736_0.8_0.08.jpg,22.048591717931664,0.9594797492027283,7.761099018601396,0.7850155029145479,,51.63039999979446
outdoor,DCP,1738_1_0.2.jpg,22.609222136553136,0.9386963248252869,7.3905804099486785,0.7887808507999504,,50.6998000000749
outdoor,DCP,1741_0.85_0.16.jpg,16.353425769690567,0.8746862411499023,7.270930673467419,0.6595411137293812,,50.49640000015643
outdoor,DCP,1742_0.85_0.12.jpg,17.108517315897288,0.9225016236305237,7.435042531340857,0.8441547810988466,,51.44319999999425
outdoor,DCP,1743_0.85_0.08.jpg,10.675315180300917,0.6841025352478027,7.6481606169519,0.4328810616395882,,51.10340000010183
outdoor,DCP,1744_0.85_0.08.jpg,16.102147345314314,0.8835466504096985,7.2305194485314,0.6713977547875853,,37.64069999988351
outdoor,DCP,1747_0.8_0.16.jpg,14.0018945575614,0.8274630904197693,7.352390847848076,0.45393350985583997,,30.20379999998113
outdoor,DCP,1749_0.8_0.2.jpg,18.672556567887597,0.8436145782470703,7.017921942207061,0.49307949894580183,,65.22580000000744
outdoor,DCP,1753_0.9_0.08.jpg,16.967275943267918,0.8391538262367249,7.315310237915536,0.4899535500995355,,32.96189999991839
outdoor,DCP,1756_0.9_0.12.jpg,17.04660665781347,0.8733723163604736,7.255446032845056,0.5981508515815085,,28.631099999984144
outdoor,DCP,1757_0.85_0.16.jpg,17.15600897906389,0.8980351090431213,7.044025748702276,0.5525901349259014,,38.624199999958364
outdoor,DCP,1759_0.8_0.12.jpg,15.475013015128143,0.8319363594055176,7.581208588362892,0.47160610194716607,,60.38059999991674
outdoor,DCP,1760_1_0.16.jpg,14.498578099184154,0.7371570467948914,7.456208145836475,0.3942974079126876,,83.35689999967144
outdoor,DCP,1765_0.85_0.12.jpg,17.955376291548603,0.8762887120246887,7.426000979896717,0.45681508123527226,,73.48380000030375
outdoor,DCP,1771_1_0.08.jpg,16.175376940980073,0.8695366382598877,7.659429968012507,0.6533127889060092,,38.06380000014542
outdoor,DCP,1774_0.95_0.2.jpg,19.515179923789834,0.8979489207267761,7.368164671273999,0.566523626441771,,64.93060000002515
outdoor,DCP,1778_0.9_0.08.jpg,14.932798472572426,0.870184600353241,7.639310232862677,0.6864758969843716,,29.432899999846995
outdoor,DCP,1781_0.8_0.2.jpg,15.520845139124278,0.8684660792350769,7.318130020554473,0.4364340744001761,,27.143900000282883
outdoor,DCP,1784_0.8_0.08.jpg,15.141735072035658,0.8461757302284241,7.569161841265662,0.5125379705040722,,28.310700000020006
outdoor,DCP,1790_1_0.16.jpg,17.804527842734597,0.8081681132316589,7.525607732917224,0.5562520153788912,,59.00000000019645
outdoor,DCP,1800_1_0.16.jpg,13.716141776825827,0.8257468342781067,7.463945646762456,0.6663524742651619,,62.22650000017893
outdoor,DCP,1805_0.85_0.12.jpg,16.435304252445842,0.8154611587524414,7.053919001287923,0.26939848691554014,,58.44439999964379
outdoor,DCP,1812_1_0.16.jpg,17.581788422998045,0.8493967056274414,7.0704763527255166,0.5889537712895377,,28.127800000220304
outdoor,DCP,1815_1_0.2.jpg,18.952586516377153,0.8550818562507629,7.616170895437591,0.6479061583577712,,22.556899999926827
outdoor,DCP,1818_0.85_0.12.jpg,16.73602171433888,0.8927252888679504,7.398235374090526,0.5973707056926703,,56.83099999987462
outdoor,DCP,1821_0.8_0.08.jpg,12.03566765362607,0.802028477191925,7.417832604231835,0.44120184899845916,,31.104700000014418
outdoor,DCP,1822_1_0.08.jpg,16.116682633688008,0.822361409664154,7.3843075635112685,0.5179661016949153,,30.10470000026544
outdoor,DCP,1824_0.95_0.08.jpg,13.961433612064642,0.8138181567192078,7.078022180998119,0.33995157384987895,,36.68659999993906
outdoor,DCP,1826_0.9_0.08.jpg,21.15069405706202,0.9242175221443176,7.636374891329268,0.7174774378164208,,29.373200000009092
outdoor,DCP,1828_0.85_0.08.jpg,12.753914867188563,0.8376731276512146,7.5370958656706115,0.5874400176095091,,28.710399999908987
outdoor,DCP,1831_0.8_0.16.jpg,14.85707100104797,0.8511762022972107,7.4630570471646624,0.4672727272727273,,29.317900000023656
outdoor,DCP,1832_0.95_0.08.jpg,15.597257273224365,0.8605286478996277,7.170879649028602,0.5986220559101915,,29.97990000039863
outdoor,DCP,1834_1_0.08.jpg,10.113026255993717,0.7306268811225891,7.466080388313279,0.5705583003952569,,58.44089999982316
outdoor,DCP,1837_0.9_0.08.jpg,12.536203444386834,0.8308501839637756,7.347909780592552,0.328333700198107,,42.3691000000872
outdoor,DCP,1839_0.8_0.12.jpg,18.21666742427768,0.9189063906669617,7.324324777231622,0.6548492185780321,,31.01749999996173
outdoor,DCP,1840_0.85_0.08.jpg,14.580822599072507,0.8856167197227478,7.32006458813965,0.6420578668036295,,38.3747000000767
outdoor,DCP,1843_0.8_0.12.jpg,21.81564562075468,0.916031539440155,7.420698359605642,0.6126920537090028,,34.9873000000116
outdoor,DCP,1845_0.9_0.08.jpg,16.07489402360056,0.8827152252197266,7.500405241599778,0.5356046136673694,,52.49340000000302
outdoor,DCP,1846_0.9_0.08.jpg,19.112912887877307,0.8743932843208313,6.967787037716612,0.4652212194585076,,28.161200000340614
outdoor,DCP,1848_0.8_0.12.jpg,17.58629022391194,0.8871702551841736,7.119274524685495,0.6167906669601585,,28.2561999997597
outdoor,DCP,1849_1_0.12.jpg,18.106550667607962,0.9113625884056091,7.336743169915367,0.6662337662337663,,26.980200000252808
outdoor,DCP,1851_0.85_0.08.jpg,24.35339432417571,0.9398861527442932,7.194357599381364,0.5993880695575611,,29.859599999781494
outdoor,DCP,1852_0.85_0.08.jpg,14.03231832602275,0.8216135501861572,7.250047080875756,0.3756548536209553,,30.45720000000074
outdoor,DCP,1853_0.85_0.08.jpg,12.504301596275143,0.8167334198951721,7.56665057969717,0.41933027409152923,,53.684700000303565
outdoor,DCP,1855_0.9_0.08.jpg,12.705386161944647,0.7571375370025635,7.555564628814201,0.5571477702625244,,52.370800000062445
outdoor,DCP,1857_0.8_0.12.jpg,16.917184729751472,0.8053634762763977,6.847154909839407,0.42153505861535057,,28.490099999999074
outdoor,DCP,1858_0.95_0.08.jpg,19.1304849699999,0.878217875957489,7.586153514144579,0.6001951581027668,,55.18330000040805
outdoor,DCP,1859_0.85_0.16.jpg,13.870751957729926,0.7687209248542786,7.32571392818757,0.5959469180205879,,55.8008000002701
outdoor,DCP,1861_0.85_0.2.jpg,13.759243045459023,0.8043716549873352,7.450213571667004,0.3689748023715415,,55.27540000002773
outdoor,DCP,1862_0.8_0.12.jpg,17.617730808987947,0.8506708145141602,6.91191358420743,0.5388512845849802,,56.327600000258826
outdoor,DCP,1863_1_0.08.jpg,14.006426543300993,0.7753279805183411,7.320171209299938,0.5794974131559497,,70.75569999960862
outdoor,DCP,1865_0.85_0.08.jpg,14.487569355712687,0.8491696715354919,7.155179033523867,0.7001152993348115,,28.953099999853293
outdoor,DCP,1867_0.8_0.2.jpg,15.890544260812456,0.8975410461425781,7.547407571077826,0.6899379157427938,,27.25989999999001
outdoor,DCP,1868_1_0.08.jpg,21.55404318329605,0.9050087332725525,6.6035459332457265,0.4872638796726388,,27.626900000086607
outdoor,DCP,1869_1_0.2.jpg,26.163001704949323,0.9847083687782288,7.748911987917882,0.9591767554479419,,28.509499999927357
outdoor,DCP,1871_0.95_0.08.jpg,24.487356708705,0.9595348238945007,7.623552758583689,0.8887034998899406,,27.872799999840936
outdoor,DCP,1872_0.95_0.08.jpg,11.834379572452994,0.7969825267791748,7.281338132478264,0.3884085406119304,,26.988599999640428
outdoor,DCP,1873_0.85_0.16.jpg,12.614771312869571,0.8212127685546875,7.4282046413631795,0.6057847237508255,,29.56220000032772
outdoor,DCP,1874_0.85_0.12.jpg,14.800507241369099,0.8358363509178162,7.286897525775104,0.5861446582614466,,27.842800000144052
outdoor,DCP,1875_0.85_0.08.jpg,15.878739077509456,0.8664953708648682,7.492182571363222,0.5566246405662464,,27.397999999720923
outdoor,DCP,1876_1_0.16.jpg,20.946177504212674,0.8938359618186951,7.680572360808216,0.7024021234240212,,28.081599999950413
outdoor,DCP,1877_0.9_0.12.jpg,18.90911330789348,0.8143203258514404,7.241587177412691,0.4525237779252378,,27.863799999977346
outdoor,DCP,1878_0.9_0.12.jpg,11.318057350778002,0.7598384022712708,7.472999055612395,0.3280645874806459,,26.57820000013089
outdoor,DCP,1879_0.9_0.08.jpg,17.85132034635839,0.8599688410758972,7.618748973863593,0.6548772395487724,,26.996000000053755
outdoor,DCP,1880_0.9_0.08.jpg,19.74449154369485,0.9011184573173523,7.626657780895749,0.6697102410971024,,28.016700000080164
outdoor,DCP,1881_0.8_0.16.jpg,18.966949822585807,0.9154993891716003,7.623385813954266,0.7998858985489272,,53.73310000004494
outdoor,DCP,1882_0.85_0.2.jpg,17.51528622224518,0.8252193927764893,7.150375039725093,0.5160406989604069,,41.23329999993075
outdoor,DCP,1883_0.8_0.12.jpg,13.064553856074442,0.7777592539787292,7.412657462591782,0.4577030881805779,,52.46840000017983
outdoor,DCP,1887_0.95_0.08.jpg,23.732709043081705,0.9264715313911438,6.164338081473095,0.4280557398805574,,27.610999999978958
outdoor,DCP,1889_0.85_0.08.jpg,14.882673239969835,0.815500795841217,7.433435038326817,0.594345395704619,,19.687700000304176
outdoor,DCP,1891_0.9_0.16.jpg,14.11208514345349,0.8053133487701416,7.528423037522748,0.4702720637027206,,31.760400000166555
outdoor,DCP,1893_0.9_0.2.jpg,19.429908456709157,0.8183906078338623,7.196368797790716,0.38499889404998894,,29.182700000092154
outdoor,DCP,1896_0.9_0.08.jpg,19.615448687692826,0.8991374373435974,7.649021834969563,0.7730750605326876,,27.622600000086095
outdoor,DCP,1898_0.85_0.08.jpg,12.507692212008683,0.7603924870491028,7.391915681744062,0.3655205811138015,,26.970800000071904
outdoor,DCP,1899_0.8_0.08.jpg,18.999908324984208,0.9145969748497009,7.832208462047867,0.6789073213890732,,29.24570000004678
outdoor,DCP,1900_0.8_0.08.jpg,20.837474336749587,0.9092876315116882,6.550027715779622,0.4460650298606503,,27.971600000000763
outdoor,DCP,1903_0.95_0.08.jpg,19.543458403443033,0.9398632645606995,7.769083971447606,0.7629949126299491,,37.05970000009984
outdoor,DCP,1909_0.85_0.2.jpg,13.309972013713896,0.8013544678688049,7.448490313963032,0.420878085079995,,61.069400000178575
outdoor,DCP,1913_0.95_0.08.jpg,21.00989475485918,0.9314128756523132,7.770616433404915,0.7743781642086727,,28.55440000030285
outdoor,DCP,1915_1_0.08.jpg,14.183007805242852,0.8138191103935242,7.015118554071136,0.20289815447710186,,47.08750000008877
outdoor,DCP,1917_0.95_0.2.jpg,23.666885536908794,0.9209902286529541,7.180819913607158,0.5800750360750361,,45.96459999993385
outdoor,DCP,1919_1_0.08.jpg,16.54706377507646,0.9064467549324036,7.0401727174487085,0.756967760673831,,44.68090000000302
outdoor,DCP,1920_0.95_0.16.jpg,15.368695196955205,0.8850691318511963,7.108902542623634,0.7100533300260449,,53.033400000003894
outdoor,DCP,1921_0.95_0.08.jpg,22.405056866454252,0.9185282588005066,7.451216742453385,0.5999079754601226,,44.755000000350265
outdoor,DCP,1923_0.9_0.08.jpg,18.142922875682473,0.8662748336791992,7.394271663958942,0.495989434294519,,26.654900000266935
outdoor,DCP,1924_0.85_0.12.jpg,16.613169242931455,0.8510461449623108,6.675180911934546,0.38420454545454547,,51.949100000001636
outdoor,DCP,1926_0.9_0.16.jpg,17.28418395994181,0.8855576515197754,7.577996368252647,0.7695332890953329,,27.205599999888364
outdoor,DCP,1927_0.9_0.08.jpg,17.43040857914382,0.8551318049430847,6.380375101465758,0.4695819508958195,,35.593900000094436
outdoor,DCP,1928_0.9_0.08.jpg,18.08592520686385,0.9027318954467773,7.509843340190833,0.7932772565512779,,41.01889999992636
outdoor,DCP,1930_0.8_0.08.jpg,14.164843769865833,0.8606074452400208,7.284749048550557,0.3304899135446686,,22.410600000057457
outdoor,DCP,1931_0.8_0.08.jpg,18.739113767365584,0.9055232405662537,7.627521572553094,0.5993939393939394,,22.961900000154856
outdoor,DCP,1932_0.8_0.2.jpg,14.867908374198587,0.8477169871330261,7.488362212149543,0.4372987721691678,,52.9527000003327
outdoor,DCP,1933_0.8_0.2.jpg,14.371928148894764,0.8554068207740784,7.541556073270397,0.6833627705627706,,37.43170000007012
outdoor,DCP,1934_1_0.08.jpg,16.82134167914249,0.8895694613456726,7.705002301952197,0.5573324485733245,,28.569699999934528
outdoor,DCP,1936_0.95_0.08.jpg,20.307295668244368,0.9338762164115906,6.922693554775718,0.8474003962139556,,27.536000000054628
outdoor,DCP,1938_0.85_0.12.jpg,12.388630071412353,0.7870466113090515,7.442875283770606,0.43216869728209933,,34.913000000415195
outdoor,DCP,1940_0.9_0.16.jpg,15.330113499363346,0.8606111407279968,7.286778500399515,0.6699035250463822,,39.26670000009835
outdoor,DCP,1942_0.85_0.08.jpg,13.108968860862449,0.7433785796165466,7.3563635479660245,0.5877103331451158,,44.92560000016965
outdoor,DCP,1944_0.9_0.16.jpg,10.730106739075678,0.6806491017341614,7.564686528597747,0.49846500402252614,,41.049500000099215
outdoor,DCP,1945_0.9_0.12.jpg,14.80764759807929,0.854716956615448,7.363651958511501,0.7563769077637691,,28.27199999956065
outdoor,DCP,1947_0.8_0.16.jpg,12.92801311493725,0.7859513163566589,7.418259755236708,0.540650406504065,,33.71980000019903
outdoor,DCP,1949_0.8_0.2.jpg,18.642807083771068,0.8503876328468323,7.60504809963034,0.6526166777261668,,27.89329999995971
outdoor,DCP,1950_1_0.08.jpg,20.76937955304865,0.9632284045219421,7.2793100848225025,0.8387526810757301,,39.136100000177976
outdoor,DCP,1953_0.8_0.2.jpg,15.207966420632275,0.8649803996086121,7.3192947542127715,0.7559196328909835,,51.97230000021591
outdoor,DCP,1954_1_0.08.jpg,20.86508067074194,0.90183025598526,7.416099029019472,0.43622938594882704,,53.38110000002416
outdoor,DCP,1956_0.8_0.12.jpg,16.19129726297568,0.8422300219535828,7.298848412873281,0.5031353094381744,,52.577800000108255
outdoor,DCP,1958_0.9_0.08.jpg,19.822880096273444,0.9503426551818848,7.1068807813240795,0.7688403819918145,,53.3676000000014
outdoor,DCP,1960_0.85_0.2.jpg,20.69879981776068,0.8924949765205383,6.633137939943505,0.45559389515593895,,26.44800000007308
outdoor,DCP,1962_0.9_0.08.jpg,15.65253695225733,0.8003392219543457,7.480995191347648,0.47747843397478434,,27.480799999921146
outdoor,DCP,1964_0.85_0.2.jpg,17.808898765515778,0.8621463179588318,7.15033815336784,0.5891922711434907,,43.23160000012649
outdoor,DCP,1966_0.9_0.08.jpg,15.291988708112296,0.8056649565696716,7.419397707398452,0.4820559101915034,,27.632400000129564
outdoor,DCP,1968_0.8_0.12.jpg,12.260632137846708,0.7377166748046875,7.227789696336403,0.3092229804094211,,27.413799999976618
outdoor,DCP,1970_0.9_0.08.jpg,23.06911342068872,0.9414777159690857,7.4722899270936045,0.5511820383006824,,26.33940000032453
outdoor,DCP,1971_1_0.08.jpg,22.493180565755885,0.9430412650108337,7.754554588789917,0.6654281311908431,,37.44060000008176
outdoor,DCP,1973_0.95_0.08.jpg,14.821121481730685,0.8743731379508972,7.763978808733385,0.5867840633942328,,27.196200000162207
outdoor,DCP,1975_0.85_0.12.jpg,13.994282638867153,0.8550507426261902,7.273350669383271,0.2875600693584345,,31.807100000150967
outdoor,DCP,1977_0.8_0.08.jpg,13.183205911544494,0.8283941149711609,7.060098010606027,0.5563152102135153,,27.09610000010798
outdoor,DCP,1981_0.8_0.2.jpg,14.00157811133099,0.8549445271492004,7.651253838087782,0.6346643547188506,,23.634199999833072
outdoor,DCP,1982_1_0.08.jpg,16.88892415619708,0.9165245890617371,7.624550226250785,0.5356106019321278,,24.305899999944813
outdoor,DCP,1984_0.85_0.08.jpg,11.57988013118729,0.7451807856559753,7.096579522612039,0.334224081003742,,26.886799999829236
outdoor,DCP,1986_0.9_0.08.jpg,12.357170260431886,0.7855117917060852,7.293605667335792,0.45920757208892804,,27.995300000384304
outdoor,DCP,1988_0.8_0.12.jpg,15.857281442640891,0.8375956416130066,7.336374911681639,0.5019464720194647,,26.6114999999445
outdoor,CLAHE,0001_0.8_0.2.jpg,21.14324155361149,0.9462409019470215,7.4667838731984135,0.5926216156724631,,4.385899999761023
outdoor,CLAHE,0002_0.8_0.08.jpg,18.723597988782593,0.8373546600341797,7.431771918710383,0.6387409200968523,,4.5587999998133455
outdoor,CLAHE,0003_0.8_0.2.jpg,18.04454274867752,0.9230823516845703,6.870428021221604,0.3205589879376287,,3.4135999999307387
outdoor,CLAHE,0004_0.9_0.12.jpg,22.663487237045512,0.9266259670257568,7.287105221650887,0.7409817301342725,,4.458699999759119
outdoor,CLAHE,0006_0.85_0.08.jpg,18.33091292654975,0.842216968536377,7.629708378680636,0.611798371120405,,3.9235000003827736
outdoor,CLAHE,0007_0.9_0.16.jpg,13.458434975428194,0.7747281193733215,7.209435033409165,0.6373639455782313,,4.978399999799876
outdoor,CLAHE,0009_0.8_0.16.jpg,15.189108674676612,0.8328728675842285,7.507288615717361,0.7610829848117984,,4.628199999842764
outdoor,CLAHE,0010_0.95_0.16.jpg,12.160630196267377,0.7105156779289246,7.467060075249214,0.6690777019590579,,4.57219999998415
outdoor,CLAHE,0011_0.95_0.16.jpg,12.320975643051842,0.6501703858375549,7.362405607768997,0.46842174774378165,,4.974500000116677
outdoor,CLAHE,0014_0.8_0.12.jpg,17.7411270132631,0.8935170769691467,7.2138966035687995,0.5731983270966322,,4.702799999904528
outdoor,CLAHE,0016_0.8_0.08.jpg,20.490952082832777,0.894521951675415,7.674229335785695,0.6591239269205371,,4.476300000078481
outdoor,CLAHE,0017_0.9_0.08.jpg,17.663326904765313,0.8024347424507141,7.295463636151545,0.612712215320911,,5.312300000241521
outdoor,CLAHE,0018_0.9_0.2.jpg,16.419185976912225,0.873286783695221,7.41369487403341,0.552687944335199,,6.033499999830383
outdoor,CLAHE,0019_0.8_0.16.jpg,15.819047119544955,0.8349444270133972,7.552840214834321,0.6365353290777019,,4.396100000121805
outdoor,CLAHE,0021_0.8_0.08.jpg,20.71774625497298,0.8982786536216736,7.357702488615924,0.5464714946070879,,4.551699999865377
outdoor,CLAHE,0022_0.8_0.08.jpg,20.077512562837278,0.8699204325675964,7.360170159563883,0.6046929341844596,,4.735299999993003
outdoor,CLAHE,0023_0.85_0.12.jpg,14.022893136823502,0.6834157109260559,7.125538573712743,0.3679815100154083,,4.296000000067579
outdoor,CLAHE,0024_0.85_0.08.jpg,16.28825897869643,0.6093013286590576,7.410334538037492,0.4184107418005723,,4.737200000363373
outdoor,CLAHE,0025_0.8_0.16.jpg,14.789729787076507,0.8170192837715149,7.3503778634938355,0.5656746643187321,,4.9902999999176245
outdoor,CLAHE,0026_0.95_0.08.jpg,16.894634952983655,0.8209002614021301,7.62135486188981,0.5070482060312569,,4.225399999995716
outdoor,CLAHE,0029_0.85_0.08.jpg,17.979624256994786,0.8494099974632263,7.575494604804666,0.5698040942108739,,4.443700000138051
outdoor,CLAHE,0030_0.95_0.12.jpg,16.065173656807524,0.8217347264289856,7.744180567565917,0.7850231124807396,,4.473700000289682
outdoor,CLAHE,0033_0.85_0.08.jpg,21.607085063096875,0.9016733765602112,7.593872881335107,0.6275148580233326,,4.69680000014705
outdoor,CLAHE,0034_0.9_0.16.jpg,15.104408645080037,0.7958564162254333,7.419712787645404,0.48994497028395334,,5.138800000167976
outdoor,CLAHE,0036_1_0.08.jpg,19.985055125136306,0.8819659352302551,7.40469661054617,0.5301122606207352,,4.5639999998456915
outdoor,CLAHE,0039_0.9_0.2.jpg,14.494837347698894,0.7668871879577637,7.5374592681010935,0.7061281091789566,,4.639600000245991
outdoor,CLAHE,0040_1_0.08.jpg,18.272798482768472,0.8665706515312195,7.714418947571344,0.7186880915694475,,5.118499999753112
outdoor,CLAHE,0042_0.8_0.2.jpg,17.089537628191806,0.8845627903938293,7.332123273332356,0.724452437058167,,8.364699999674485
outdoor,CLAHE,0045_0.8_0.16.jpg,17.764650586189884,0.9123204350471497,6.8588736102347045,0.31711914788209067,,6.841400000212161
outdoor,CLAHE,0046_0.9_0.16.jpg,13.311432808534597,0.7242415547370911,6.983771114530267,0.4634558661677306,,4.300399999920046
outdoor,CLAHE,0047_0.9_0.12.jpg,17.058446982763435,0.7946760058403015,6.533425814423036,0.603465725213298,,3.463000000010652
outdoor,CLAHE,0048_0.9_0.2.jpg,15.510850938674622,0.8705688118934631,7.024603707056498,0.4502047105436936,,4.045099999984814
outdoor,CLAHE,0049_0.85_0.12.jpg,16.912130021662076,0.8266951441764832,7.515242837606033,0.7575876593806922,,6.815400000050431
outdoor,CLAHE,0051_0.8_0.2.jpg,14.037372418071548,0.7621105313301086,7.013681068653396,0.68185799601858,,4.501899999922898
outdoor,CLAHE,0051_0.95_0.12.jpg,14.941845529348967,0.7543818354606628,6.963410314262956,0.70490599424906,,4.204700000173034
outdoor,CLAHE,0052_0.9_0.16.jpg,13.949292296336369,0.804283082485199,7.089901954414937,0.5634025032938076,,5.211400000007416
outdoor,CLAHE,0053_0.9_0.12.jpg,14.112375626079894,0.7488511204719543,7.164073336805074,0.6251809355692851,,4.1973000002144545
outdoor,CLAHE,0054_0.85_0.16.jpg,15.236119145656431,0.8086042404174805,7.62261612435261,0.8276177836761779,,5.356900000151654
outdoor,CLAHE,0055_0.85_0.12.jpg,15.930870909145698,0.7619608044624329,7.4923233257723645,0.6859344045784723,,4.50619999992341
outdoor,CLAHE,0056_0.8_0.16.jpg,15.581579878178358,0.7787179350852966,7.422603715007833,0.5330550014249074,,6.3838000000941975
outdoor,CLAHE,0057_0.8_0.12.jpg,22.399218810039272,0.9064108729362488,7.424912217950331,0.8141140215716487,,4.601399999955902
outdoor,CLAHE,0058_0.8_0.2.jpg,14.223003782051144,0.7709589004516602,7.526753739951603,0.8277663180496749,,5.80740000032165
outdoor,CLAHE,0059_0.9_0.12.jpg,18.706831714140357,0.8925356864929199,7.3956443001664365,0.6254765573409641,,4.181600000265462
outdoor,CLAHE,0060_0.9_0.2.jpg,13.347185039308986,0.742204487323761,7.2890062454334394,0.41005830522655373,,7.581999999729305
outdoor,CLAHE,0061_0.8_0.2.jpg,14.060779718320093,0.7216225266456604,7.0469238804118355,0.47728445747800585,,3.095800000210147
outdoor,CLAHE,0062_0.9_0.2.jpg,13.322642127176554,0.8146769404411316,7.227068031098974,0.5862469733656175,,4.359800000202085
outdoor,CLAHE,0063_0.8_0.16.jpg,14.297457107070493,0.8239781856536865,7.299639610541582,0.5569931763152102,,5.175299999791605
outdoor,CLAHE,0064_0.8_0.2.jpg,13.465919793834907,0.7989999651908875,7.033256799878297,0.5649438696896324,,4.408199999943463
outdoor,CLAHE,0065_0.9_0.12.jpg,15.606882595607413,0.8060302138328552,7.6397591693398175,0.8414111922141119,,4.487700000026962
outdoor,CLAHE,0066_1_0.08.jpg,20.879964147591398,0.8785681128501892,6.940739844911029,0.20567026194144838,,4.709699999693839
outdoor,CLAHE,0068_1_0.16.jpg,15.712316576940712,0.8183994293212891,7.613283379113453,0.6740513833992094,,7.330200000069453
outdoor,CLAHE,0069_0.9_0.16.jpg,16.402571670401848,0.8521360754966736,7.3304638396208475,0.6241659311562224,,3.6819000001742097
outdoor,CLAHE,0070_0.9_0.12.jpg,18.86779590323442,0.8803184628486633,7.380358927637664,0.6629969320200226,,5.720399999972869
outdoor,CLAHE,0071_0.8_0.2.jpg,17.772754659446772,0.8581433296203613,7.516608074753678,0.6754877239548772,,4.1983999999501975
outdoor,CLAHE,0072_0.9_0.2.jpg,14.18864718295742,0.7768871784210205,6.508239493891385,0.4920917917034422,,4.501700000218989
outdoor,CLAHE,0073_0.8_0.16.jpg,15.346215240792604,0.651888370513916,7.285996229741765,0.5621131410961919,,4.336899999998423
outdoor,CLAHE,0074_0.8_0.2.jpg,14.40939073110686,0.7204408645629883,7.29101574900418,0.46244077886642687,,7.2737999998935265
outdoor,CLAHE,0075_0.8_0.2.jpg,19.539783507642163,0.9088800549507141,7.569984109268903,0.7669874736450453,,8.009900000160997
outdoor,CLAHE,0076_0.8_0.2.jpg,14.95926650377007,0.8260297775268555,7.451393060449274,0.8231028231028231,,3.589300000385265
outdoor,CLAHE,0076_1_0.16.jpg,14.181693281109764,0.8037595152854919,7.481286134782742,0.8389121989121989,,3.472899999906076
outdoor,CLAHE,0077_0.8_0.2.jpg,15.625193584203823,0.7454379200935364,7.383192779989884,0.3382143273919154,,6.699699999899167
outdoor,CLAHE,0079_0.8_0.12.jpg,15.526995889222748,0.8298843502998352,7.670384947146081,0.6894959278010125,,4.530400000021473
outdoor,CLAHE,0081_0.8_0.2.jpg,23.310847322579058,0.9391522407531738,7.013710817210717,0.666638978618674,,5.578699999659875
outdoor,CLAHE,0082_0.85_0.16.jpg,16.777613089492554,0.8777526021003723,7.209224492460676,0.49533788245652655,,4.3645000000651635
outdoor,CLAHE,0083_0.85_0.12.jpg,17.135402231347744,0.8469859957695007,7.220728881387445,0.469966982170372,,4.625399999895308
outdoor,CLAHE,0084_0.95_0.16.jpg,14.79639799099073,0.7841241955757141,7.7683886576381544,0.8228993821712268,,5.5269000004045665
outdoor,CLAHE,0085_0.95_0.08.jpg,16.021149608298575,0.7727630734443665,7.263252494207039,0.5926531620553359,,7.045999999718333
outdoor,CLAHE,0086_0.8_0.2.jpg,14.646101856826519,0.7699628472328186,7.443540045332686,0.6526172132951794,,4.73420000025726
outdoor,CLAHE,0086_0.95_0.12.jpg,15.657480743519375,0.775463879108429,7.598066641508545,0.7010917895663659,,4.194300000108342
outdoor,CLAHE,0087_0.9_0.16.jpg,16.699608042630505,0.8565111756324768,7.370554220306029,0.6574002318264613,,4.928299999846786
outdoor,CLAHE,0088_0.9_0.12.jpg,14.913612604608822,0.7575730681419373,6.876242618972023,0.6137049325370493,,4.169799999999668
outdoor,CLAHE,0089_0.9_0.2.jpg,16.609737825812406,0.881047785282135,7.332653663950892,0.484397283291679,,7.6964999998381245
outdoor,CLAHE,0090_0.85_0.12.jpg,20.151109193700808,0.9215149879455566,7.610273094912336,0.8165221611129084,,5.065900000317924
outdoor,CLAHE,0091_0.85_0.2.jpg,17.242867937702563,0.9059742093086243,7.306514663141076,0.7743162191866855,,5.273700000088866
outdoor,CLAHE,0092_0.85_0.2.jpg,17.129251263853963,0.8851636052131653,7.418910758580028,0.7149511897498475,,5.9312000003046705
outdoor,CLAHE,0093_0.8_0.08.jpg,21.189095392478375,0.8657124638557434,7.50576421867742,0.7760378604446401,,4.29409999969721
outdoor,CLAHE,0094_0.8_0.2.jpg,16.609844170723303,0.8617897033691406,7.258262859138391,0.5011490204710544,,4.50619999992341
outdoor,CLAHE,0095_0.8_0.08.jpg,18.20423616365183,0.8523023724555969,7.632292757116655,0.7902853351028534,,4.717799999980343
outdoor,CLAHE,0096_0.8_0.2.jpg,17.756390735864326,0.8629605770111084,7.456000391764394,0.7687060384870604,,4.103499999928317
outdoor,CLAHE,0097_0.85_0.08.jpg,20.045798872136785,0.9038243293762207,7.029489591172849,0.5265815540391812,,4.607400000168127
outdoor,CLAHE,0098_0.85_0.2.jpg,14.604188645305356,0.8239283561706543,7.1408147571754945,0.6187080606988723,,6.989399999838497
outdoor,CLAHE,0099_0.9_0.16.jpg,14.481531951544289,0.815189778804779,7.613311439788558,0.7984486567010839,,8.046299999932671
outdoor,CLAHE,0100_0.9_0.12.jpg,16.940264177945707,0.8455991148948669,7.466495350748611,0.6669320946693209,,4.308299999593146
outdoor,CLAHE,0101_0.9_0.08.jpg,17.875210440567244,0.7941201329231262,7.372140873357035,0.5640202702702702,,5.7212000001527485
outdoor,CLAHE,0102_0.85_0.12.jpg,16.949551393792085,0.8273751139640808,7.267691279209684,0.31291159012808495,,5.377699999826291
outdoor,CLAHE,0104_0.95_0.12.jpg,15.332155277504867,0.7536264061927795,7.294268947951334,0.4558700235644301,,7.889399999839952
outdoor,CLAHE,0105_0.95_0.2.jpg,15.355710828883282,0.8689510226249695,7.443390853850051,0.6460260540691973,,6.450600000334816
outdoor,CLAHE,0106_0.9_0.08.jpg,19.72520679650888,0.8734248280525208,7.451927233769854,0.7092714065595421,,4.220000000259461
outdoor,CLAHE,0107_0.9_0.08.jpg,19.219058558422805,0.8891342282295227,7.162074057611687,0.585649192656492,,4.884299999957875
outdoor,CLAHE,0108_0.8_0.16.jpg,13.622359906159582,0.7153390049934387,7.293260986667029,0.6339905844454173,,7.1392999998352025
outdoor,CLAHE,0108_1_0.2.jpg,10.772488768813576,0.6688199043273926,7.185302973105667,0.5973337008750736,,8.333400000083202
outdoor,CLAHE,0109_0.85_0.08.jpg,17.423359086418902,0.8412070274353027,7.549234159704532,0.7974697797648618,,6.308900000021822
outdoor,CLAHE,0110_0.8_0.12.jpg,17.141725146645094,0.8511973023414612,6.974887505084011,0.6327630323531963,,5.018100000143022
outdoor,CLAHE,0111_0.8_0.2.jpg,12.844934827758838,0.667278528213501,7.120828472468461,0.5046073817190984,,8.62860000006549
outdoor,CLAHE,0112_0.8_0.2.jpg,19.64924482097112,0.9256747364997864,6.738012463571398,0.4976489347463003,,6.921300000158226
outdoor,CLAHE,0113_0.9_0.08.jpg,14.195507239660103,0.5317299962043762,7.009573010930511,0.8659721300597213,,4.270100000212551
outdoor,CLAHE,0115_0.8_0.12.jpg,15.876672981282818,0.7869814038276672,7.573447934997901,0.764635703279771,,4.70949999998993
outdoor,CLAHE,0116_0.9_0.16.jpg,15.949835079814342,0.8526313900947571,6.974523209049201,0.44047624953491255,,8.257999999841559
outdoor,CLAHE,0117_0.9_0.12.jpg,19.91528687192131,0.909580409526825,7.239847092009633,0.5581148455909711,,6.844300000011572
outdoor,CLAHE,0118_0.9_0.2.jpg,13.385695937907585,0.791924774646759,7.189533724064468,0.697866585363947,,7.077199999912409
outdoor,CLAHE,0119_0.85_0.12.jpg,16.127298953991176,0.8421621918678284,7.321427635132288,0.7068118861747671,,8.30679999990025
outdoor,CLAHE,0120_0.85_0.08.jpg,18.47268889804471,0.8436837792396545,6.949362891323558,0.5886087806375453,,8.709700000054
outdoor,CLAHE,0121_0.85_0.2.jpg,16.25239854411079,0.8722030520439148,7.06408196520498,0.5170285378052368,,3.0844000002616667
outdoor,CLAHE,0123_1_0.08.jpg,14.288111434111814,0.6528010368347168,7.344194974200102,0.7562197693166315,,6.8540000002030865
outdoor,CLAHE,0125_0.8_0.12.jpg,17.378341048847844,0.8315601348876953,7.342897038867962,0.5851885819098934,,7.323499999984051
outdoor,CLAHE,0126_0.8_0.2.jpg,14.295541359755209,0.7776520848274231,6.975588477256582,0.6301526211015263,,4.786500000136584
outdoor,CLAHE,0127_0.8_0.2.jpg,16.021243392177155,0.8757789134979248,7.274772158761708,0.5023578854235788,,4.360699999779172
outdoor,CLAHE,0129_0.8_0.16.jpg,15.600683435633577,0.8132597804069519,7.437319038799506,0.6986337551922536,,7.37810000009631
outdoor,CLAHE,0131_0.95_0.08.jpg,14.242340514399599,0.6944618225097656,7.664192274589281,0.7015760510675765,,4.621600000064063
outdoor,CLAHE,0132_1_0.08.jpg,16.686553440719823,0.8411094546318054,7.594527086169623,0.6278758529605987,,4.871300000104384
outdoor,CLAHE,0133_1_0.2.jpg,12.562479292293787,0.8259272575378418,7.336441965701216,0.5827338762931983,,4.211299999951734
outdoor,CLAHE,0134_0.95_0.16.jpg,13.747840505071,0.7434799671173096,7.511896802076125,0.6064979088707902,,4.622399999789195
outdoor,CLAHE,0135_0.95_0.12.jpg,16.429812715782795,0.8263258934020996,7.330433458337952,0.41477437816420865,,5.32950000024357
outdoor,CLAHE,0137_0.8_0.2.jpg,16.141377137567275,0.884593665599823,7.337904290938435,0.6232357473035439,,5.5438999997932115
outdoor,CLAHE,0138_0.9_0.08.jpg,19.213177008861905,0.8621787428855896,7.485811846311255,0.5159718247853841,,4.541100000096776
outdoor,CLAHE,0139_0.85_0.12.jpg,17.42174139443971,0.884691059589386,7.510390124505499,0.7171516618974246,,4.614500000116095
outdoor,CLAHE,0140_0.95_0.12.jpg,17.87088039646716,0.8812729716300964,7.6293148045191685,0.8116618974246093,,4.636799999843788
outdoor,CLAHE,0141_0.95_0.12.jpg,15.483484929334058,0.8477790355682373,7.687299149802562,0.7750473255558001,,4.522700000052282
outdoor,CLAHE,0142_0.95_0.08.jpg,17.456978050430696,0.8688995838165283,7.504562347075073,0.5909267004182258,,5.26110000009794
outdoor,CLAHE,0143_1_0.2.jpg,11.143819003338436,0.7574591636657715,7.397455899049516,0.6864670922298041,,4.801699999916309
outdoor,CLAHE,0145_0.8_0.12.jpg,20.194516376550293,0.9142233729362488,7.57937689040031,0.7429011666299802,,5.169799999748648
outdoor,CLAHE,0146_0.8_0.2.jpg,14.847161141690627,0.8175249099731445,7.404977512806286,0.690477657935285,,5.3041000001030625
outdoor,CLAHE,0147_1_0.16.jpg,12.047460051279653,0.6855494976043701,7.22386442726727,0.6955359894342945,,5.827500000123109
outdoor,CLAHE,0148_0.9_0.12.jpg,14.372413870407645,0.6636767387390137,7.02871378269096,0.3839489324235087,,6.117599999925005
outdoor,CLAHE,0149_0.9_0.08.jpg,17.025361935886863,0.8119528889656067,7.753106643421734,0.5896015848558221,,6.596900000204187
outdoor,CLAHE,0150_0.8_0.16.jpg,22.11921140791262,0.9194064736366272,7.3318592090652945,0.6594855442176871,,7.252200000039011
outdoor,CLAHE,0151_0.8_0.08.jpg,19.46252650113714,0.8758869767189026,7.585430520253281,0.5424873431653092,,7.574400000066817
outdoor,CLAHE,0152_0.8_0.2.jpg,18.845991419338194,0.9228423237800598,7.199782404711802,0.5297600704380365,,6.273399999827234
outdoor,CLAHE,0153_0.8_0.08.jpg,18.36235933322228,0.8012898564338684,7.58984170588212,0.392920977327757,,6.923200000073848
outdoor,CLAHE,0154_0.8_0.2.jpg,14.355109711022944,0.8409549593925476,7.286411690265529,0.7366013647369579,,6.372700000156328
outdoor,CLAHE,0155_1_0.08.jpg,16.283860991911773,0.8391470313072205,7.352913372097606,0.786814880035219,,5.938100000093982
outdoor,CLAHE,0157_0.8_0.08.jpg,17.912162556474268,0.8750605583190918,7.362097307466734,0.6848470173893902,,6.911899999977322
outdoor,CLAHE,0158_0.8_0.2.jpg,11.694637655582255,0.6996335387229919,7.239431441411492,0.607787805414924,,5.135400000199297
outdoor,CLAHE,0160_0.9_0.2.jpg,15.618787482794406,0.8637750148773193,7.224571591708512,0.35535108958837774,,5.574799999976676
outdoor,CLAHE,0161_0.85_0.08.jpg,20.840110297329943,0.8863574862480164,7.485096611554006,0.5511996478098173,,6.24100000004546
outdoor,CLAHE,0162_0.95_0.12.jpg,18.53068132904626,0.8746688365936279,7.457106830547821,0.6602817521461589,,6.0920000000805885
outdoor,CLAHE,0163_0.95_0.08.jpg,19.213381397679687,0.8575003147125244,7.639346053821479,0.76198106977768,,5.9258999999656226
outdoor,CLAHE,0164_0.9_0.2.jpg,12.646219811063384,0.7701999545097351,7.392389782480278,0.6290160686770856,,5.901799999719515
outdoor,CLAHE,0165_0.9_0.2.jpg,12.71523763501742,0.7628156542778015,7.472307510809103,0.7511688311688312,,5.510299999968993
outdoor,CLAHE,0166_0.8_0.16.jpg,13.120502042125928,0.8366003036499023,6.967180571145166,0.572590799031477,,5.801499999961379
outdoor,CLAHE,0167_0.8_0.12.jpg,15.049686801328539,0.786076545715332,7.384133674555771,0.5465199207572089,,5.380899999636313
outdoor,CLAHE,0168_0.9_0.16.jpg,13.99424673692385,0.8057815432548523,7.452651298735488,0.6363688613012185,,6.181699999615375
outdoor,CLAHE,0169_0.9_0.12.jpg,13.562509886004948,0.7144129276275635,7.350111831120506,0.6940215716486903,,5.474199999753182
outdoor,CLAHE,0170_0.8_0.2.jpg,12.213683625612873,0.6928114891052246,7.332441538508303,0.5898745322474136,,5.300599999827682
outdoor,CLAHE,0171_0.85_0.12.jpg,15.54525760456156,0.7231741547584534,7.327401215404447,0.8797270526084086,,7.059000000026572
outdoor,CLAHE,0172_0.85_0.08.jpg,19.348998864425674,0.8930347561836243,7.667996276976001,0.6509178956636584,,6.3307000000349944
outdoor,CLAHE,0174_0.95_0.08.jpg,19.995845403205287,0.8948440551757812,7.570537816419638,0.625974025974026,,8.2444999998188
outdoor,CLAHE,0175_0.85_0.16.jpg,12.006144137605029,0.6487014889717102,7.083890130049909,0.5279991195245433,,7.94320000022708
outdoor,CLAHE,0176_1_0.08.jpg,12.233152027934754,0.7221009135246277,7.460350794311249,0.7076425269645609,,6.556100000125298
outdoor,CLAHE,0178_0.8_0.12.jpg,19.972116270863594,0.9068344235420227,7.773272472142601,0.8632533568126789,,6.8330999997670006
outdoor,CLAHE,0179_0.8_0.2.jpg,16.424079759040044,0.8190485835075378,7.661372200360595,0.7928681488003522,,6.439399999635498
outdoor,CLAHE,0180_0.85_0.16.jpg,15.378570900037472,0.847632110118866,7.503189847804197,0.8818886198547216,,5.95740000017031
outdoor,CLAHE,0181_0.9_0.08.jpg,16.281920942143316,0.809892475605011,7.60444880823499,0.8103147699757869,,5.108899999868299
outdoor,CLAHE,0182_0.8_0.16.jpg,16.64373486187558,0.8108630776405334,7.606797941496071,0.7810477657935285,,6.179299999985233
outdoor,CLAHE,0183_0.8_0.16.jpg,13.588962028771787,0.6959096789360046,7.3199591873533905,0.522557781201849,,6.156200000077661
outdoor,CLAHE,0184_0.95_0.12.jpg,20.52217792353759,0.9074518084526062,7.739198638061825,0.9280156330132456,,6.356100000175502
outdoor,CLAHE,0185_1_0.16.jpg,15.433747248285465,0.8302629590034485,7.522689641021949,0.47318071758749725,,6.2293000000863685
outdoor,CLAHE,0187_0.9_0.2.jpg,14.557589736298016,0.8113855719566345,7.523235183174188,0.7306625577812018,,5.684499999915715
outdoor,CLAHE,0188_0.85_0.08.jpg,18.80601245660879,0.8432597517967224,7.551185439793961,0.8377503852080124,,5.459600000449427
outdoor,CLAHE,0189_0.85_0.2.jpg,11.07394149086112,0.6135755181312561,7.055141886666766,0.3770900286154523,,5.666800000199146
outdoor,CLAHE,0191_1_0.08.jpg,14.948861768197695,0.7286205887794495,7.020004330147397,0.7502355271846797,,6.1565999999402266
outdoor,CLAHE,0194_1_0.2.jpg,9.887569884206592,0.5776469111442566,7.0357190769182525,0.31847237508254456,,5.609099999674072
outdoor,CLAHE,0195_1_0.08.jpg,17.480998458992453,0.8520779609680176,7.17208594103715,0.6918115782522563,,5.688300000201707
outdoor,CLAHE,0196_0.9_0.2.jpg,14.477689243142489,0.7538096904754639,7.387625732327917,0.5070834250495267,,6.474600000274222
outdoor,CLAHE,0197_0.8_0.16.jpg,13.650392046542258,0.7627484798431396,7.37124864554785,0.6416288795949813,,5.606600000191975
outdoor,CLAHE,0198_0.95_0.12.jpg,15.203407134622822,0.8091945648193359,7.648610580145312,0.7875764913053048,,4.906199999823002
outdoor,CLAHE,0199_1_0.16.jpg,13.662249434909858,0.8073863983154297,7.408785813288785,0.5207484041382346,,4.965200000242476
outdoor,CLAHE,0200_1_0.12.jpg,13.579889013229598,0.7595295906066895,7.193190040917651,0.7033149900946511,,5.666999999903055
outdoor,CLAHE,0201_1_0.08.jpg,15.203477967712494,0.6848893165588379,7.5239283864056254,0.4871186440677966,,6.546900000103051
outdoor,CLAHE,0202_0.85_0.12.jpg,16.16020866257969,0.8026657104492188,7.709242948884503,0.8292097732775698,,5.55339999982607
outdoor,CLAHE,0204_0.8_0.08.jpg,21.09267851344682,0.9067679047584534,6.640059153923773,0.5640694214876033,,6.331499999760126
outdoor,CLAHE,0205_1_0.16.jpg,13.717606931563218,0.7761858105659485,7.592529238868932,0.6495615731785944,,7.009500000094704
outdoor,CLAHE,0206_1_0.12.jpg,15.995792261351758,0.8710484504699707,7.355200724966805,0.6013383226942549,,5.600399999821093
outdoor,CLAHE,0207_1_0.08.jpg,18.699833887923404,0.8496315479278564,7.771898961070766,0.742560553633218,,6.864399999813031
outdoor,CLAHE,0208_0.8_0.16.jpg,20.426617817286083,0.9324991703033447,7.313443163238079,0.4772397094430993,,4.974899999979243
outdoor,CLAHE,0209_0.85_0.08.jpg,18.117646902294442,0.8233435750007629,7.604348478380484,0.45151221659696233,,6.04620000012801
outdoor,CLAHE,0210_0.85_0.2.jpg,14.629294593111668,0.7930448055267334,7.045890706874273,0.6474452554744525,,4.9036999998861575
outdoor,CLAHE,0212_0.9_0.2.jpg,19.0921289719602,0.9317190051078796,6.961472330356702,0.37914593880695574,,5.566399999679561
outdoor,CLAHE,0213_1_0.2.jpg,12.903876990382269,0.7459573149681091,7.279026135291425,0.5406149082061491,,5.493299999670853
outdoor,CLAHE,0215_0.8_0.08.jpg,17.169746122296196,0.6975047588348389,7.381201889210795,0.6480788788292199,,10.481400000116992
outdoor,CLAHE,0216_1_0.12.jpg,19.679676946693746,0.9001745581626892,7.527639218008373,0.7808378870673952,,6.270899999890389
outdoor,CLAHE,0217_1_0.2.jpg,13.088383470291863,0.7423941493034363,7.276555150109063,0.6390622936385648,,4.918200000247452
outdoor,CLAHE,0218_0.9_0.2.jpg,16.692873758702827,0.8845224380493164,7.310514980146053,0.638486319505737,,4.810399999769288
outdoor,CLAHE,0219_0.85_0.08.jpg,18.819608996942268,0.8526158332824707,7.499499630416667,0.746058065323489,,6.363599999986036
outdoor,CLAHE,0220_0.85_0.2.jpg,14.074161484895619,0.6783292889595032,7.276295850813469,0.6794545499912669,,11.004099999809114
outdoor,CLAHE,0222_0.85_0.16.jpg,14.915216661230469,0.7362103462219238,7.5403370373007075,0.4540367175403672,,5.067300000064279
outdoor,CLAHE,0223_0.95_0.16.jpg,14.667166857142533,0.8350093960762024,7.318665802743001,0.723848706038487,,5.394400000113819
outdoor,CLAHE,0225_0.8_0.2.jpg,12.052592866186831,0.6171594262123108,6.741052744436464,0.5295686794956868,,5.170599999928527
outdoor,CLAHE,0226_0.8_0.2.jpg,21.542341101736984,0.9482738375663757,6.576006236413259,0.4456339913014386,,9.123100000124396
outdoor,CLAHE,0228_1_0.2.jpg,11.88762795205349,0.7380157113075256,7.161529985850963,0.5971479855740359,,6.726699999944685
outdoor,CLAHE,0230_0.9_0.16.jpg,17.04732695080746,0.8811004757881165,7.276833901718431,0.3881620074840414,,5.3650999998353655
outdoor,CLAHE,0233_0.8_0.12.jpg,17.289015417663624,0.8449309468269348,7.3907923106611735,0.587457627118644,,5.245500000000902
outdoor,CLAHE,0235_0.9_0.08.jpg,17.200853558146655,0.7598612904548645,7.617550774468389,0.8028659476117104,,5.196899999646121
outdoor,CLAHE,0237_0.8_0.12.jpg,17.29199579529339,0.8464999794960022,7.493548108677515,0.8102091129209773,,4.855600000155391
outdoor,CLAHE,0238_0.8_0.2.jpg,14.236754987636393,0.7937523722648621,7.140675705013506,0.4276381245872771,,4.776899999797024
outdoor,CLAHE,0239_0.8_0.2.jpg,14.234510894638978,0.8515456318855286,6.920350493847006,0.5775258639665419,,5.210899999838148
outdoor,CLAHE,0240_1_0.08.jpg,15.07189537675245,0.7241344451904297,7.48159829319449,0.9063746423068457,,4.552300000341347
outdoor,CLAHE,0242_0.8_0.12.jpg,16.763987616325565,0.873023509979248,7.473042393483814,0.74854941668501,,4.7595999999430205
outdoor,CLAHE,0243_0.8_0.08.jpg,20.298977875326933,0.8644667267799377,7.496214852751305,0.5030068236847898,,3.9351000000351632
outdoor,CLAHE,0244_0.9_0.12.jpg,16.973460442332364,0.8174729347229004,7.768308944164932,0.7503499889940568,,4.030399999919609
outdoor,CLAHE,0245_1_0.2.jpg,14.355029556339943,0.8111348748207092,7.394768212606895,0.589966982170372,,4.447699999673205
outdoor,CLAHE,0246_0.85_0.12.jpg,14.687921496610578,0.634427011013031,7.110451181573376,0.3198062953995157,,4.437000000052649
outdoor,CLAHE,0248_0.8_0.08.jpg,16.719668321005926,0.7213029265403748,7.248128005187962,0.48789346246973364,,4.611199999999371
outdoor,CLAHE,0249_1_0.12.jpg,12.61487955462824,0.6696372628211975,7.416364333099398,0.6791503411842394,,4.088200000296638
outdoor,CLAHE,0251_0.8_0.16.jpg,12.042835194818561,0.7324627041816711,7.362821830485591,0.648069557561083,,4.1051000002880755
outdoor,CLAHE,0253_0.8_0.2.jpg,14.85991140842977,0.8266991972923279,7.304231343893559,0.697112040501871,,5.43840000000273
outdoor,CLAHE,0253_1_0.16.jpg,13.87929149244255,0.8083661198616028,7.481983932318109,0.7204974686330619,,4.689400000188471
outdoor,CLAHE,0255_0.85_0.08.jpg,17.540317855155823,0.8115628361701965,7.665340999772298,0.5675720889280211,,4.224899999826448
outdoor,CLAHE,0256_0.95_0.16.jpg,14.5399894647147,0.7791338562965393,7.380089084453299,0.5025797930882676,,4.659300000184885
outdoor,CLAHE,0258_0.8_0.2.jpg,12.47969113198522,0.613919198513031,6.815258538772102,0.2913977547875853,,4.7158000002127665
outdoor,CLAHE,0259_0.9_0.08.jpg,19.12720845314181,0.7800032496452332,7.565862643597475,0.4504600484261501,,4.715500000202155
outdoor,CLAHE,0260_0.9_0.2.jpg,15.039714152231697,0.7983433604240417,7.197254518191249,0.33073299581774157,,4.7377000000778935
outdoor,CLAHE,0261_0.85_0.08.jpg,19.040732981891185,0.8301262259483337,7.601058253634667,0.4817345366497909,,4.647700000077748
outdoor,CLAHE,0262_0.95_0.12.jpg,14.758554456965026,0.6639973521232605,7.057938195400201,0.2709751265683469,,4.230999999890628
outdoor,CLAHE,0263_0.95_0.08.jpg,16.579706355073803,0.8121849894523621,7.450153341444033,0.6599603125387573,,7.3673000001690525
outdoor,CLAHE,0264_0.95_0.2.jpg,18.168878306108127,0.9121501445770264,7.293859739664195,0.4969711644287915,,3.965899999911926
outdoor,CLAHE,0266_0.8_0.12.jpg,18.32173432929761,0.8684287667274475,7.5111365324367885,0.5065595421527624,,4.166299999724288
outdoor,CLAHE,0267_0.9_0.16.jpg,15.263005114629234,0.8369110226631165,7.178783107710802,0.4805150781421968,,4.4759000002159155
outdoor,CLAHE,0268_0.9_0.16.jpg,15.66978758628977,0.8387582898139954,7.571260529314087,0.6827294739159145,,4.365999999663472
outdoor,CLAHE,0269_0.95_0.2.jpg,18.359007746893916,0.9071168303489685,7.357205339268926,0.6913713405238829,,4.9966999999924155
outdoor,CLAHE,0270_0.85_0.16.jpg,12.493314087865226,0.7154257893562317,7.362076316496449,0.40946951353731015,,4.8080999999911
outdoor,CLAHE,0271_0.85_0.12.jpg,14.5042913151305,0.687088668346405,7.260250141918013,0.4876205150781422,,4.167699999925389
outdoor,CLAHE,0272_0.85_0.08.jpg,18.84466985867767,0.8731644749641418,7.726328399504662,0.7364164648910412,,5.032799999753479
outdoor,CLAHE,0273_0.85_0.2.jpg,20.42702038112524,0.9190707206726074,7.288884069581191,0.6360906889720449,,5.066400000032445
outdoor,CLAHE,0274_0.95_0.12.jpg,16.705409230024706,0.8634786605834961,7.421125704063693,0.5688795949812899,,4.724099999748432
outdoor,CLAHE,0275_1_0.16.jpg,11.69613813504234,0.6789340972900391,7.342331987429637,0.6550517279330839,,4.469200000130513
outdoor,CLAHE,0276_1_0.12.jpg,14.456341503790874,0.757958710193634,7.45243404765396,0.43562843935725293,,4.396100000121805
outdoor,CLAHE,0277_1_0.08.jpg,15.860316087283868,0.7576949596405029,7.533307713621854,0.453845476557341,,4.816799999844079
outdoor,CLAHE,0279_0.8_0.12.jpg,18.06731449228881,0.8875594139099121,7.3031488897992345,0.5478318291877614,,4.844699999921431
outdoor,CLAHE,0280_0.9_0.16.jpg,16.27927802954652,0.8619880676269531,7.389623305402763,0.5617169271406559,,4.6547000001737615
outdoor,CLAHE,0281_0.9_0.12.jpg,16.73424420641898,0.841553270816803,7.559904574416555,0.46451683909311026,,4.422299999987445
outdoor,CLAHE,0282_0.85_0.16.jpg,21.913958477573466,0.9309136867523193,7.197149963508313,0.5499097512656834,,4.150200000367477
outdoor,CLAHE,0283_0.85_0.12.jpg,16.943487926953413,0.8442182540893555,7.437241028629284,0.56359674224081,,4.764899999827321
outdoor,CLAHE,0284_0.8_0.16.jpg,15.659757169001942,0.808384895324707,7.449263707267404,0.7673918799646955,,5.686699999841949
outdoor,CLAHE,0285_0.85_0.2.jpg,13.014514497444464,0.753444492816925,7.390084964914755,0.8392868148800352,,4.310699999678036
outdoor,CLAHE,0286_0.8_0.08.jpg,20.215055139259448,0.8747110366821289,7.642271121727671,0.7926920537090029,,4.4527000000016415
outdoor,CLAHE,0287_0.8_0.2.jpg,12.99260413045193,0.7505543231964111,7.2958198394400275,0.4292361875412723,,4.0378999997301435
outdoor,CLAHE,0287_0.95_0.08.jpg,15.071686200217298,0.7581872344017029,7.681765081958187,0.4792119744662118,,5.051100000400766
outdoor,CLAHE,0288_0.95_0.2.jpg,11.21071160657684,0.6918924450874329,7.247290886067286,0.4604930662557781,,4.618700000264653
outdoor,CLAHE,0290_0.85_0.08.jpg,17.387917209778465,0.811059296131134,7.488365605299191,0.49372661237068016,,4.454900000382622
outdoor,CLAHE,0291_0.95_0.12.jpg,16.19775039298164,0.8337754607200623,7.574522376895106,0.6199955976227163,,4.882400000042253
outdoor,CLAHE,0292_1_0.16.jpg,13.351485808361563,0.7820069193840027,7.307220003515224,0.4852916574950473,,4.4032000000697735
outdoor,CLAHE,0294_1_0.2.jpg,11.99194618427386,0.7806735634803772,7.380148524914576,0.45227823024433195,,5.407000000104745
outdoor,CLAHE,0295_0.85_0.08.jpg,16.612576022194034,0.8225908279418945,7.5516631656786135,0.7072419106317411,,4.424100000051112
outdoor,CLAHE,0296_0.95_0.12.jpg,15.046244183418763,0.8373360633850098,7.315390037144907,0.6415056130310368,,4.519099999924947
outdoor,CLAHE,0297_0.95_0.08.jpg,15.53457987361232,0.7996942400932312,7.813376989109275,0.8908650671362536,,4.225799999858282
outdoor,CLAHE,0298_1_0.12.jpg,17.698292210830736,0.8673924803733826,7.593489326040022,0.7718651026392962,,3.1055999997988692
outdoor,CLAHE,0299_0.9_0.08.jpg,18.82944284608598,0.8472035527229309,7.618194977199913,0.8015452344265903,,4.105699999854551
outdoor,CLAHE,0300_1_0.2.jpg,14.177482954758538,0.8581745624542236,7.150840814485271,0.5301606867708563,,4.283300000224699
outdoor,CLAHE,0302_0.9_0.16.jpg,14.041142286637008,0.8251351714134216,7.408076985771297,0.5725159586176536,,4.642899999907968
outdoor,CLAHE,0303_0.9_0.12.jpg,19.389290708073094,0.8866775631904602,7.583752885135443,0.8062821923838873,,4.207899999983056
outdoor,CLAHE,0304_0.9_0.08.jpg,17.117300559812463,0.8056843280792236,7.636296368244013,0.5072859344045785,,3.7621999999828404
outdoor,CLAHE,0305_0.9_0.2.jpg,12.261440522098976,0.7572668194770813,7.0233240174267415,0.38337222099933965,,4.2697999997471925
outdoor,CLAHE,0306_0.8_0.16.jpg,17.921777314168107,0.9177195429801941,7.406262706551854,0.6205635042923179,,4.48450000021694
outdoor,CLAHE,0307_0.8_0.12.jpg,17.014201604065878,0.8660452961921692,7.297414648187927,0.5167202289236188,,4.322599999795784
outdoor,CLAHE,0308_1_0.16.jpg,15.305613316072082,0.8654680252075195,7.357072000771396,0.6122958397534669,,3.800599999976839
outdoor,CLAHE,0309_1_0.08.jpg,17.718630852979814,0.8510430455207825,7.6943955906258905,0.6840281752146159,,4.629799999747775
outdoor,CLAHE,0311_0.8_0.16.jpg,16.338056228825298,0.8376319408416748,7.602972156594634,0.7922958397534668,,4.210699999930512
outdoor,CLAHE,0312_0.8_0.12.jpg,20.15457866364395,0.9059531092643738,7.585921278107113,0.7630376403257759,,4.806900000403402
outdoor,CLAHE,0313_0.8_0.2.jpg,14.874766120753604,0.8131800293922424,7.245131551673139,0.5147762140230759,,7.2727000001577835
outdoor,CLAHE,0314_0.9_0.12.jpg,15.726006802867897,0.8059887290000916,7.227986154173763,0.7217963136519837,,5.722500000047148
outdoor,CLAHE,0315_0.85_0.16.jpg,22.350113288904634,0.9183679223060608,7.163516528699431,0.5761428376720731,,6.444099999953323
outdoor,CLAHE,0316_0.85_0.12.jpg,18.296444162021366,0.8797001838684082,7.565749673438623,0.6418181818181818,,4.041099999994913
outdoor,CLAHE,0317_0.85_0.08.jpg,15.21486902137477,0.6918805241584778,7.583850171438558,0.7377019590578913,,4.586799999742652
outdoor,CLAHE,0318_0.85_0.2.jpg,12.780018713140283,0.7254552841186523,7.170094691066452,0.4227955095751706,,3.9050000000315777
outdoor,CLAHE,0319_0.9_0.16.jpg,16.450431705067704,0.8581007122993469,7.702525597049538,0.8763328197226502,,4.523300000073505
outdoor,CLAHE,0320_0.9_0.08.jpg,15.487181833259207,0.7421960830688477,7.437808777909856,0.5971208452564385,,4.673800000091433
outdoor,CLAHE,0320_1_0.16.jpg,11.996438727570427,0.6881055235862732,7.151356223524356,0.5460752806515519,,4.53460000017003
outdoor,CLAHE,0321_1_0.12.jpg,12.401846462622586,0.6061299443244934,7.542666324571175,0.7645960818842175,,4.579200000080164
outdoor,CLAHE,0323_0.8_0.16.jpg,15.9465332394406,0.8444634079933167,7.438884167273273,0.7968699097512657,,4.0171999999074615
outdoor,CLAHE,0324_0.8_0.12.jpg,18.95820963426918,0.902050256729126,7.270176341775541,0.5344265903587937,,4.5018000000709435
outdoor,CLAHE,0325_0.9_0.16.jpg,20.944978598987106,0.9151092171669006,7.434668943111249,0.7009641206251376,,4.514000000199303
outdoor,CLAHE,0326_0.9_0.12.jpg,15.455921494135719,0.8147726655006409,7.07223272921549,0.6856526524323134,,4.515800000262971
outdoor,CLAHE,0327_1_0.08.jpg,16.13735393398325,0.8225385546684265,7.567353800416447,0.5006031256878715,,4.071800000019721
outdoor,CLAHE,0329_0.8_0.12.jpg,14.348840754812311,0.7895305752754211,7.368229456909465,0.5185692273827867,,4.96839999959775
outdoor,CLAHE,0330_0.8_0.08.jpg,19.456107663856542,0.88788241147995,7.519096077458193,0.7136033458067357,,5.918300000303134
outdoor,CLAHE,0330_0.95_0.12.jpg,16.6681380126103,0.8752343058586121,7.403223564605786,0.6893374422187981,,5.798700000013923
outdoor,CLAHE,0331_0.95_0.12.jpg,14.986589468898185,0.8410696983337402,7.235463879295348,0.6728109178956636,,6.499499999790714
outdoor,CLAHE,0332_0.95_0.08.jpg,14.429826943936312,0.7818167209625244,7.724427739969514,0.6935197006383447,,5.717099999856146
outdoor,CLAHE,0333_0.95_0.2.jpg,13.399441098305171,0.8088905215263367,7.381231752538106,0.7115562403697997,,5.2324999996926636
outdoor,CLAHE,0334_1_0.08.jpg,15.31693720388522,0.751185417175293,7.592974499793234,0.7638432753686991,,6.302899999809597
outdoor,CLAHE,0335_1_0.2.jpg,13.725273081646051,0.8683914542198181,7.1901348307309885,0.6943913713405239,,6.132500000148866
outdoor,CLAHE,0337_0.8_0.08.jpg,23.221280669881857,0.895422637462616,7.295996101522755,0.49440898084965884,,6.077999999888561
outdoor,CLAHE,0338_0.9_0.12.jpg,18.304490528405704,0.8922470211982727,7.321730126966877,0.4792559982390491,,5.028099999890401
outdoor,CLAHE,0340_0.85_0.08.jpg,17.416883014303227,0.8440161347389221,7.586823624777135,0.6227823024433194,,5.208299999594601
outdoor,CLAHE,0341_0.85_0.2.jpg,15.21660641307573,0.8405530452728271,7.439365132833402,0.6964802182810368,,10.775900000226102
outdoor,CLAHE,0342_0.95_0.08.jpg,15.658171830537492,0.7735691666603088,7.53462845866159,0.645445740699978,,5.527699999674951
outdoor,CLAHE,0343_0.95_0.2.jpg,13.088129650886813,0.7876068949699402,7.517580280113672,0.7158969843715607,,5.362200000035955
outdoor,CLAHE,0344_0.85_0.16.jpg,21.144326981797565,0.9052524566650391,7.361195986963923,0.6795280897051779,,9.652400000049965
outdoor,CLAHE,0345_0.85_0.12.jpg,16.230924228243655,0.6970779895782471,7.697716132577007,0.6966762051507814,,5.493699999988166
outdoor,CLAHE,0346_0.95_0.16.jpg,16.761435209528702,0.7974299788475037,7.496399688218753,0.44206591462065914,,6.786999999803811
outdoor,CLAHE,0348_0.8_0.2.jpg,13.537689225597873,0.6489449143409729,7.0921055862454505,0.44618447246184473,,7.038899999770365
outdoor,CLAHE,0349_0.9_0.08.jpg,19.45852194212444,0.8727235198020935,7.615171771724792,0.6397345719973457,,6.2770999998065236
outdoor,CLAHE,0350_0.85_0.12.jpg,15.957615334590772,0.7658830285072327,7.545117128200227,0.7908028656126482,,9.04560000026322
outdoor,CLAHE,0351_0.95_0.16.jpg,15.784349090615477,0.8476147651672363,7.352409889437091,0.5136804942630185,,5.236500000137312
outdoor,CLAHE,0353_0.9_0.12.jpg,18.511603923171485,0.8416557312011719,7.5818958885271455,0.5797656002534052,,8.416500000294036
outdoor,CLAHE,0354_0.9_0.08.jpg,18.434996298438847,0.8108494877815247,7.661877587429353,0.6302986065029861,,6.321800000023359
outdoor,CLAHE,0355_0.85_0.12.jpg,17.703211027192076,0.847515344619751,7.486133925807883,0.4559168325591683,,5.538899999919522
outdoor,CLAHE,0356_0.85_0.08.jpg,18.332351013725198,0.8363338112831116,7.564235191698045,0.630112806901128,,6.4056999999593245
outdoor,CLAHE,0357_0.95_0.12.jpg,16.038012164991603,0.7806975245475769,7.548307303005282,0.5501614687016146,,5.911000000196509
outdoor,CLAHE,0359_0.85_0.16.jpg,15.855609201304313,0.7695826888084412,7.476357546338405,0.49470028754700285,,5.535299999792187
outdoor,CLAHE,0361_0.85_0.2.jpg,13.889342260658758,0.7277355194091797,7.394531544898266,0.6341889483065953,,9.352099999887287
outdoor,CLAHE,0362_0.95_0.08.jpg,19.371246546971147,0.880156934261322,7.710829659808359,0.8464230684569668,,5.6644999999662105
outdoor,CLAHE,0364_0.85_0.12.jpg,19.327692057872714,0.8774364590644836,7.4699758464844015,0.6103242793791575,,8.450299999822164
outdoor,CLAHE,0366_0.9_0.16.jpg,18.111792117302006,0.8911777138710022,7.544221792190742,0.832342092377999,,6.307300000116811
outdoor,CLAHE,0369_0.85_0.2.jpg,15.494340139227663,0.7910795211791992,7.19853917055642,0.43331121433311215,,5.254300000160583
outdoor,CLAHE,0371_0.9_0.08.jpg,17.639307158015857,0.7831256985664368,7.643790791650759,0.5763680601636806,,6.049200000234123
outdoor,CLAHE,0372_0.85_0.12.jpg,15.216274776187863,0.7121067047119141,7.42986032444496,0.6617562486175624,,6.097899999986112
outdoor,CLAHE,0375_0.85_0.16.jpg,15.533032144189445,0.8190319538116455,7.595881491349942,0.7359905831220572,,5.652800000007119
outdoor,CLAHE,0380_0.85_0.2.jpg,11.21126703407496,0.680945634841919,7.20476351703094,0.6021507760532151,,4.5287999996617145
outdoor,CLAHE,0382_0.9_0.08.jpg,15.798150282294277,0.768441379070282,6.991597318305311,0.6569608493696085,,4.497500000070431
outdoor,CLAHE,0383_0.9_0.2.jpg,13.81390537991486,0.7830257415771484,7.24086308626997,0.45414533686378344,,3.4691000000748318
outdoor,CLAHE,0385_0.8_0.08.jpg,17.41800234741207,0.7075278162956238,7.605549464024461,0.5573324485733245,,3.918600000361039
outdoor,CLAHE,0386_1_0.12.jpg,15.727806938499942,0.7983329892158508,7.497695046865947,0.5222251714222517,,4.308099999889237
outdoor,CLAHE,0388_0.95_0.16.jpg,13.230037520628123,0.6412983536720276,7.366727546027061,0.6148108825481088,,3.9999999999054126
outdoor,CLAHE,0390_0.9_0.12.jpg,17.18187382406412,0.8156023621559143,7.615715323431669,0.7989038080563504,,3.823000000011234
outdoor,CLAHE,0391_1_0.08.jpg,19.532411165969652,0.8757674098014832,7.591549606953556,0.4967862645828747,,3.9323000000877073
outdoor,CLAHE,0392_1_0.2.jpg,16.90670414938394,0.8949620127677917,7.3496417545741535,0.5054445187165776,,4.923499999677006
outdoor,CLAHE,0393_1_0.2.jpg,18.99453043225396,0.9335553646087646,7.257820412462143,0.6134724292101341,,5.033900000398717
outdoor,CLAHE,0395_0.95_0.08.jpg,16.838517077362095,0.8875181078910828,6.675204154842413,0.584272068511199,,4.766099999869766
outdoor,CLAHE,0397_0.85_0.12.jpg,19.363338901674695,0.8935830593109131,7.353664555582922,0.676801592568016,,4.168599999957223
outdoor,CLAHE,0399_0.8_0.08.jpg,17.37761639357775,0.8177700042724609,7.438149276666749,0.4092457420924574,,4.310500000428874
outdoor,CLAHE,0400_0.9_0.12.jpg,14.628243968000142,0.8040935397148132,7.450891430102158,0.5874610179464549,,3.5958000003120105
outdoor,CLAHE,0402_0.8_0.16.jpg,15.6387828983484,0.8018991947174072,7.581700339305032,0.8874806458748065,,4.079900000306225
outdoor,CLAHE,0404_0.8_0.2.jpg,14.776347105076189,0.7993555068969727,7.006297068303076,0.5302677258017063,,3.0163000001266482
outdoor,CLAHE,0405_1_0.08.jpg,18.031748449007736,0.8823991417884827,7.49476099632649,0.6552044719035011,,3.2429000002593966
outdoor,CLAHE,0406_1_0.2.jpg,15.64682277959471,0.9068987965583801,6.848953465773698,0.3630173984046228,,5.335800000011659
outdoor,CLAHE,0407_0.95_0.16.jpg,13.73477862758859,0.7908974289894104,7.340229249571685,0.6292014063284781,,5.114300000059302
outdoor,CLAHE,0409_1_0.12.jpg,17.794957242751344,0.8906784653663635,7.466319652058838,0.6463879672638797,,4.02059999987614
outdoor,CLAHE,0411_0.95_0.16.jpg,14.785108473817814,0.8509590029716492,7.332103325678888,0.560066035659256,,4.074899999977788
outdoor,CLAHE,0413_0.95_0.2.jpg,13.827197348613112,0.8300642371177673,7.268820151783925,0.7451758460517585,,4.258699999809323
outdoor,CLAHE,1001_0.8_0.16.jpg,13.97867268135996,0.732085645198822,7.390206481804675,0.6637552278230244,,4.04770000022836
outdoor,CLAHE,1002_1_0.16.jpg,14.878623711152251,0.7941424250602722,7.176642121721517,0.4149988994056791,,3.8739000001442037
outdoor,CLAHE,1005_0.8_0.12.jpg,17.029602185177204,0.8688316345214844,7.393867268648928,0.6344412749596924,,8.299900000110938
outdoor,CLAHE,1006_1_0.16.jpg,17.068360014616374,0.887421190738678,7.308259485732335,0.6781598062953995,,3.9280999999391497
outdoor,CLAHE,1007_0.95_0.08.jpg,15.55616251333924,0.7303664684295654,7.470520520524705,0.45956856702619414,,4.056299999774637
outdoor,CLAHE,1008_0.9_0.12.jpg,13.887821433866495,0.6713115572929382,7.51653078916279,0.6935020911292098,,4.376599999886821
outdoor,CLAHE,1009_0.85_0.12.jpg,14.667127766761983,0.8129977583885193,7.371211882653795,0.6727624917455426,,3.9808999999877415
outdoor,CLAHE,1010_0.85_0.08.jpg,17.144323819927845,0.8060924410820007,7.4778879457428244,0.6939203770308818,,7.31050000013056
outdoor,CLAHE,1011_0.95_0.12.jpg,13.230265075820506,0.7480705380439758,7.409784945951702,0.7031873211534229,,4.087500000423461
outdoor,CLAHE,1012_0.95_0.08.jpg,14.60294530793059,0.7983198761940002,7.407651262779074,0.7471142416905129,,3.936799999792129
outdoor,CLAHE,1015_0.8_0.12.jpg,15.208158320562058,0.8355153203010559,7.121967182726776,0.66557781201849,,4.769199999827833
outdoor,CLAHE,1016_0.9_0.16.jpg,14.022686438682793,0.7685968279838562,7.498444009785827,0.6826106097292538,,4.344200000105047
outdoor,CLAHE,1018_0.85_0.12.jpg,18.62758940268351,0.8901498913764954,7.452548319200342,0.5273563724411182,,5.490499999723397
outdoor,CLAHE,1020_0.95_0.08.jpg,21.526485243387032,0.8882002830505371,7.210737141968473,0.501254677525864,,4.406500000186497
outdoor,CLAHE,1022_0.85_0.12.jpg,16.787628949810657,0.8511096835136414,7.323219669763096,0.38215276249174557,,4.575100000238308
outdoor,CLAHE,1027_0.8_0.08.jpg,15.183391128955643,0.7322220802307129,7.608648220115157,0.7589478318291878,,4.761599999710597
outdoor,CLAHE,1030_0.95_0.12.jpg,15.592981038584046,0.8401205539703369,7.481743172339847,0.7727272727272727,,4.269400000339374
outdoor,CLAHE,1034_0.9_0.16.jpg,14.871169530374521,0.8226177096366882,7.336519493948764,0.4069073299581774,,4.275099999631493
outdoor,CLAHE,1037_0.8_0.12.jpg,20.567747054362897,0.9112582206726074,7.4204229664397285,0.37389893485261333,,7.427399999869522
outdoor,CLAHE,1038_1_0.16.jpg,16.309359579195373,0.880441427230835,7.326313857994845,0.36138964577656674,,7.261499999913212
outdoor,CLAHE,1040_1_0.2.jpg,14.42176035107224,0.8486186861991882,7.391071644141804,0.5393132291437376,,4.2709999997896375
outdoor,CLAHE,1042_0.95_0.08.jpg,17.48044870254498,0.8223929405212402,7.61833104262112,0.6920096852300243,,5.1732000001720735
outdoor,CLAHE,1044_0.85_0.12.jpg,14.219356063145126,0.7075826525688171,7.097279199083365,0.3550649350649351,,4.482299999835959
outdoor,CLAHE,1046_0.9_0.16.jpg,11.616728154887511,0.6484665274620056,7.405134694841205,0.5595333480079243,,4.835399999592482
outdoor,CLAHE,1048_0.9_0.2.jpg,11.126715924237665,0.6807169914245605,7.291395977398016,0.6041514417785604,,4.207299999961833
outdoor,CLAHE,1050_0.8_0.08.jpg,15.395051338234339,0.7351195216178894,7.59240469753746,0.6852520360994937,,4.137099999752536
outdoor,CLAHE,1051_1_0.12.jpg,14.883547688419183,0.7650694251060486,7.658132999621449,0.5373013427250716,,4.148199999690405
outdoor,CLAHE,1053_0.95_0.16.jpg,17.762641258219414,0.8810269832611084,7.1540357013333455,0.6081476358793094,,7.42900000022928
outdoor,CLAHE,1055_0.95_0.2.jpg,15.177323670374154,0.8108304142951965,7.435977384616265,0.8257566433566433,,9.864500000276166
outdoor,CLAHE,1057_0.95_0.16.jpg,15.77333963142401,0.875242292881012,7.292703545636721,0.5579484921857804,,3.7414000003082037
outdoor,CLAHE,1059_0.95_0.2.jpg,14.693232196537938,0.8515774607658386,7.488118563188698,0.7846092890160686,,3.991099999893777
outdoor,CLAHE,1060_0.85_0.16.jpg,15.352333488444822,0.8163936138153076,7.198542736048277,0.5891736077952854,,4.454399999758607
outdoor,CLAHE,1063_0.9_0.12.jpg,15.80719765158788,0.8467270731925964,7.619210733522003,0.7764780981730134,,4.643799999939802
outdoor,CLAHE,1709_0.95_0.08.jpg,19.89409750345251,0.780486524105072,7.607782818898198,0.7767687747035573,,7.596399999783898
outdoor,CLAHE,1712_0.8_0.08.jpg,20.976505840999135,0.873350203037262,7.557982999655623,0.7041994294927446,,7.981099999597063
outdoor,CLAHE,1713_1_0.08.jpg,18.943597832675483,0.8666712641716003,7.78140399676659,0.767064368101203,,7.405700000163051
outdoor,CLAHE,1714_1_0.2.jpg,11.931460695775282,0.674759566783905,7.4352105534158355,0.5346759906759907,,11.567900000045483
outdoor,CLAHE,1716_0.95_0.12.jpg,15.940747946927058,0.7296835780143738,7.628866879759307,0.5787994071146245,,6.9656999999097025
outdoor,CLAHE,1718_0.9_0.2.jpg,17.988524000970976,0.8736878037452698,7.2650644621062925,0.644058106841612,,11.016899999958696
outdoor,CLAHE,1722_0.95_0.16.jpg,13.117874424473715,0.659284770488739,7.362030727207915,0.6426020091777254,,9.219499999744585
outdoor,CLAHE,1724_0.95_0.2.jpg,15.232759424504076,0.819614827632904,7.599452182556114,0.696284261441151,,9.710099999665545
outdoor,CLAHE,1726_0.85_0.12.jpg,21.046428038003604,0.8952315449714661,7.565809680340196,0.6833986928104575,,10.333400000035908
outdoor,CLAHE,1728_0.9_0.12.jpg,18.320238896403545,0.8736110329627991,7.694929113281773,0.6784645913431725,,8.064499999818509
outdoor,CLAHE,1730_0.85_0.08.jpg,19.357317339155554,0.865002453327179,7.710185144948365,0.744795399247954,,4.131700000016281
outdoor,CLAHE,1731_0.85_0.2.jpg,14.098509758563738,0.743394672870636,7.4809161337292025,0.7671709798717098,,4.4250999999349006
outdoor,CLAHE,1732_0.95_0.2.jpg,10.684302028720134,0.6890607476234436,7.084838911808977,0.6541485799330274,,7.992100000137725
outdoor,CLAHE,1734_1_0.08.jpg,18.57176063668398,0.8816626071929932,7.517799734050376,0.4796234186525449,,3.0624000000898377
outdoor,CLAHE,1736_0.8_0.08.jpg,19.092109548956767,0.8638855814933777,7.838078783262128,0.8675579809004093,,7.564000000002125
outdoor,CLAHE,1738_1_0.2.jpg,14.284198788674171,0.8185922503471375,7.653911682709674,0.8654818305841498,,7.163100000070699
outdoor,CLAHE,1741_0.85_0.16.jpg,14.73494201070729,0.7545583844184875,7.639295698899272,0.797206994915044,,8.21700000005876
outdoor,CLAHE,1742_0.85_0.12.jpg,17.49301093237818,0.8402168154716492,7.742630377502645,0.9138310802430857,,8.432799999809504
outdoor,CLAHE,1743_0.85_0.08.jpg,19.320501976300793,0.8027886748313904,7.542003958976114,0.4402877340940097,,7.4751000001924695
outdoor,CLAHE,1744_0.85_0.08.jpg,15.71114603686966,0.700197696685791,7.773065713531661,0.7829980189302224,,4.861599999912869
outdoor,CLAHE,1747_0.8_0.16.jpg,14.403220570799038,0.8111079335212708,7.17314343491091,0.49093851132686084,,3.4985999996024475
outdoor,CLAHE,1749_0.8_0.2.jpg,13.693993181186318,0.726540744304657,7.117178041889158,0.6438695274711645,,7.820400000127847
outdoor,CLAHE,1753_0.9_0.08.jpg,15.90876892314133,0.8329978585243225,7.510474958482653,0.6274098650740987,,4.088200000296638
outdoor,CLAHE,1756_0.9_0.12.jpg,15.47533585263929,0.794398307800293,7.5080196285005405,0.7314266755142668,,4.935700000260113
outdoor,CLAHE,1757_0.85_0.16.jpg,16.5334786783745,0.8324313759803772,7.092597635314547,0.6152842291528423,,4.446400000233552
outdoor,CLAHE,1759_0.8_0.12.jpg,15.509975134221378,0.7779906392097473,7.511664439704286,0.5411509363760387,,7.460699999683129
outdoor,CLAHE,1760_1_0.16.jpg,15.214453989884259,0.8404902815818787,7.286783185014052,0.4223663648765968,,7.347799999934068
outdoor,CLAHE,1765_0.85_0.12.jpg,20.86623381102722,0.902463436126709,7.44000849398124,0.6335582289470421,,7.104000000254018
outdoor,CLAHE,1771_1_0.08.jpg,18.15835698246507,0.8778426051139832,7.592678653554602,0.7867664538850979,,4.94410000010248
outdoor,CLAHE,1774_0.95_0.2.jpg,14.097564801942273,0.8229749202728271,7.481164825305963,0.6837355822894704,,9.956999999758409
outdoor,CLAHE,1778_0.9_0.08.jpg,18.715910723073158,0.870945155620575,7.70296082140896,0.7247589698437156,,6.11460000027364
outdoor,CLAHE,1781_0.8_0.2.jpg,14.964361373105215,0.8541755080223083,7.327413884733879,0.5538806955756108,,5.877000000054977
outdoor,CLAHE,1784_0.8_0.08.jpg,19.459028553904286,0.8694208264350891,7.340792646797945,0.5209773277569888,,4.427500000019791
outdoor,CLAHE,1790_1_0.16.jpg,13.070978258209344,0.6699884533882141,7.60522250567255,0.6384521890115342,,7.653399999981048
outdoor,CLAHE,1800_1_0.16.jpg,17.851002150097294,0.8871259689331055,7.59398883367553,0.7418727520773906,,7.292100000086066
outdoor,CLAHE,1805_0.85_0.12.jpg,18.605662683527314,0.8863106369972229,7.022382391113049,0.5164380503534665,,7.633300000179588
outdoor,CLAHE,1812_1_0.16.jpg,12.23307522629109,0.7136000990867615,7.4182744754581025,0.7262021676620217,,4.319399999985762
outdoor,CLAHE,1815_1_0.2.jpg,13.296491712424906,0.768653154373169,7.468945338080522,0.6541466275659824,,3.3799000002545654
outdoor,CLAHE,1818_0.85_0.12.jpg,18.059678127034907,0.8282649517059326,7.700318877613578,0.7790971102567282,,10.381800000232033
outdoor,CLAHE,1821_0.8_0.08.jpg,18.57865047283004,0.8596854209899902,7.519071846704042,0.61508254457407,,4.79429999995773
outdoor,CLAHE,1822_1_0.08.jpg,15.575705241222007,0.8016323447227478,7.58419111919081,0.6679286814880036,,4.469800000151736
outdoor,CLAHE,1824_0.95_0.08.jpg,16.086921045733078,0.6535683274269104,7.529764442478042,0.5428175214615892,,4.320900000038819
outdoor,CLAHE,1826_0.9_0.08.jpg,20.057755228199376,0.8684695363044739,7.858508458945156,0.8076645388509796,,4.9569000002520625
outdoor,CLAHE,1828_0.85_0.08.jpg,20.04886279388844,0.90030837059021,7.568736188890607,0.6309002861545234,,5.512600000201928
outdoor,CLAHE,1831_0.8_0.16.jpg,15.923453967514053,0.7807145118713379,7.524118045303738,0.6633178500331784,,4.595299999891722
outdoor,CLAHE,1832_0.95_0.08.jpg,14.593265754470913,0.6706041693687439,7.626199418796417,0.7064758969843715,,4.666400000132853
outdoor,CLAHE,1834_1_0.08.jpg,20.364262646831822,0.8611941933631897,7.447696756047063,0.5665711462450593,,8.367400000224734
outdoor,CLAHE,1837_0.9_0.08.jpg,14.970161125450346,0.7213984131813049,7.524605823659224,0.48538410741800575,,4.140000000006694
outdoor,CLAHE,1839_0.8_0.12.jpg,17.53473550992213,0.8426223397254944,7.649501656422296,0.826964560862866,,4.731200000151148
outdoor,CLAHE,1840_0.85_0.08.jpg,18.269101893611378,0.8608369827270508,7.60360665305256,0.7747817154596816,,5.092400000194175
outdoor,CLAHE,1843_0.8_0.12.jpg,16.188563136528465,0.7172541618347168,7.684573602163317,0.7702047105436935,,4.2360000002190645
outdoor,CLAHE,1845_0.9_0.08.jpg,18.553395098047215,0.8315894603729248,7.727274307073367,0.6952350241845467,,7.916700000350829
outdoor,CLAHE,1846_0.9_0.08.jpg,15.31008816319197,0.7491378784179688,7.449224390455498,0.710099053488884,,4.400899999836838
outdoor,CLAHE,1848_0.8_0.12.jpg,15.8789478712261,0.8273641467094421,7.542059598250673,0.7715650451243672,,4.288300000098388
outdoor,CLAHE,1849_1_0.12.jpg,14.445572956293947,0.756064236164093,7.686094266298566,0.778102575390711,,4.114000000299711
outdoor,CLAHE,1851_0.85_0.08.jpg,14.970299247427231,0.7590875029563904,7.599278015288899,0.7685626238168611,,4.364400000213209
outdoor,CLAHE,1852_0.85_0.08.jpg,15.229312860646324,0.6473250985145569,7.608019262269208,0.6006955756108299,,4.2220000000270375
outdoor,CLAHE,1853_0.85_0.08.jpg,21.70942526178723,0.8947623372077942,7.632517370113265,0.6181743767828352,,8.829599999899074
outdoor,CLAHE,1855_0.9_0.08.jpg,20.37444358350699,0.8829043507575989,7.256952032228628,0.5751589030277555,,4.93159999996351
outdoor,CLAHE,1857_0.8_0.12.jpg,15.31545727307217,0.7838402390480042,7.106466124320762,0.6088785666887857,,4.22260000004826
outdoor,CLAHE,1858_0.95_0.08.jpg,16.591778009823738,0.795407772064209,7.553987971448695,0.6733152173913044,,7.61899999997695
outdoor,CLAHE,1859_0.85_0.16.jpg,22.468367596794863,0.9299052357673645,6.756807063862772,0.5000620116581918,,8.601800000178628
outdoor,CLAHE,1861_0.85_0.2.jpg,14.970939017947568,0.7790579199790955,7.4986126787969845,0.43791501976284586,,7.291800000075455
outdoor,CLAHE,1862_0.8_0.12.jpg,16.34384316867148,0.7678727507591248,7.541430108349302,0.7380978260869565,,8.616999999958352
outdoor,CLAHE,1863_1_0.08.jpg,16.682324969510635,0.7665327191352844,7.6980027235329365,0.7336314363143631,,7.385000000340369
outdoor,CLAHE,1865_0.85_0.08.jpg,19.33580428263587,0.871197521686554,7.589957099385006,0.8439866962305986,,4.143600000134029
outdoor,CLAHE,1867_0.8_0.2.jpg,16.063457441728673,0.8471286296844482,7.567913289196047,0.7798048780487805,,5.245100000138336
outdoor,CLAHE,1868_1_0.08.jpg,15.0229570169409,0.7241814732551575,7.094242575807817,0.6111877903118779,,5.929599999944912
outdoor,CLAHE,1869_1_0.2.jpg,20.675124806067334,0.9415738582611084,7.849783179682851,0.9619854721549637,,5.407600000125967
outdoor,CLAHE,1871_0.95_0.08.jpg,15.672605792721054,0.7616288661956787,7.825518156607949,0.9532379484921858,,5.4801000001134526
outdoor,CLAHE,1872_0.95_0.08.jpg,16.355823713076873,0.7808157801628113,7.572780400013473,0.587541272287035,,6.01120000010269
outdoor,CLAHE,1873_0.85_0.16.jpg,15.947431351619425,0.8420526385307312,7.613918661706447,0.6138806955756109,,6.127899999682995
outdoor,CLAHE,1874_0.85_0.12.jpg,15.017815418017006,0.7405131459236145,7.622505011317868,0.7386330457863305,,5.8587999997143925
outdoor,CLAHE,1875_0.85_0.08.jpg,16.553312449244395,0.7911422848701477,7.690388084488952,0.7537934085379341,,6.150700000034703
outdoor,CLAHE,1876_1_0.16.jpg,15.436182703770047,0.7868124842643738,7.489887755491327,0.728029197080292,,5.56609999966895
outdoor,CLAHE,1877_0.9_0.12.jpg,14.590221260290848,0.7572247385978699,7.1661990195845435,0.5284096438840964,,5.742600000303355
outdoor,CLAHE,1878_0.9_0.12.jpg,16.850806201250265,0.8427224159240723,7.407907499838479,0.4477062596770626,,5.919700000049488
outdoor,CLAHE,1879_0.9_0.08.jpg,17.491291886616875,0.7893860936164856,7.630937528143875,0.7253970360539703,,6.457199999658769
outdoor,CLAHE,1880_0.9_0.08.jpg,18.071242733875735,0.8360025882720947,7.442272444187548,0.6683167440831674,,6.08250000004773
outdoor,CLAHE,1881_0.8_0.16.jpg,17.397888901359487,0.8589443564414978,7.683214145678461,0.8910653602877341,,8.176499999990483
outdoor,CLAHE,1882_0.85_0.2.jpg,14.390207098252771,0.768664538860321,6.983842591775494,0.5449059942490599,,4.596399999627465
outdoor,CLAHE,1883_0.8_0.12.jpg,19.439737524116026,0.8879802227020264,7.318845670462004,0.5457050725536401,,11.522799999966082
outdoor,CLAHE,1887_0.95_0.08.jpg,15.735936138427963,0.7278441786766052,6.497430056655052,0.5885202388852024,,6.0723999999936495
outdoor,CLAHE,1889_0.85_0.08.jpg,17.420143972891587,0.7652944922447205,7.527442763110404,0.6796763754045307,,3.765599999951519
outdoor,CLAHE,1891_0.9_0.16.jpg,13.837827072238271,0.7452961802482605,7.365239059151232,0.5751736341517364,,4.68780000028346
outdoor,CLAHE,1893_0.9_0.2.jpg,12.337768402489928,0.6526092886924744,7.392771562845017,0.5093032514930325,,4.932599999847298
outdoor,CLAHE,1896_0.9_0.08.jpg,15.690072947367746,0.7559970021247864,7.804735261210834,0.8752586396654193,,5.478800000219053
outdoor,CLAHE,1898_0.85_0.08.jpg,17.636383256158663,0.8685042858123779,7.439222247007885,0.4974025974025974,,5.523599999833095
outdoor,CLAHE,1899_0.8_0.08.jpg,18.960163004609083,0.8269529342651367,7.634432936173256,0.7049413846494138,,5.548400000407128
outdoor,CLAHE,1900_0.8_0.08.jpg,16.37904216237912,0.7366960048675537,6.987919929331846,0.6209068790090688,,5.498800000168558
outdoor,CLAHE,1903_0.95_0.08.jpg,17.149617276533792,0.8039164543151855,7.845479523709364,0.8375624861756249,,4.835600000205886
outdoor,CLAHE,1909_0.85_0.2.jpg,14.509299691611485,0.796271800994873,7.548521730809465,0.5172516433089421,,9.90940000019691
outdoor,CLAHE,1913_0.95_0.08.jpg,17.81040530074091,0.8404808044433594,7.814414917307233,0.8433678186220559,,4.939899999953923
outdoor,CLAHE,1915_1_0.08.jpg,18.83617369844232,0.8372607827186584,7.598670478844686,0.47995625427204375,,11.07620000038878
outdoor,CLAHE,1917_0.95_0.2.jpg,12.405440544235788,0.6906303763389587,7.4328603659417825,0.7305339105339105,,8.501700000124401
outdoor,CLAHE,1919_1_0.08.jpg,18.835443929702137,0.8603751063346863,7.267564637029928,0.8033604414754575,,9.31510000009439
outdoor,CLAHE,1920_0.95_0.16.jpg,19.345491093591296,0.9065155982971191,7.1755956609527,0.7597321096366116,,8.743399999730173
outdoor,CLAHE,1921_0.95_0.08.jpg,18.67539130215716,0.8453056812286377,7.499095737869468,0.7862548800892359,,9.148900000127469
outdoor,CLAHE,1923_0.9_0.08.jpg,17.66024356600241,0.8540981411933899,7.287538311397243,0.5876205150781422,,4.975199999989854
outdoor,CLAHE,1924_0.85_0.12.jpg,16.253649520899064,0.8068640828132629,7.146999024476177,0.530701581027668,,10.019199999987904
outdoor,CLAHE,1926_0.9_0.16.jpg,18.296562442621507,0.8976581692695618,7.496012537672192,0.8092590134925901,,4.793799999788462
outdoor,CLAHE,1927_0.9_0.08.jpg,17.071535065240823,0.7958378195762634,6.983193085554234,0.6626808228268082,,5.812599999899248
outdoor,CLAHE,1928_0.9_0.08.jpg,19.070785387205238,0.8701122403144836,7.673192989462264,0.8603138142995794,,6.77510000014081
outdoor,CLAHE,1930_0.8_0.08.jpg,21.991587513617,0.9303740859031677,6.968619473930587,0.3768299711815562,,4.90669999999227
outdoor,CLAHE,1931_0.8_0.08.jpg,20.255228687936786,0.908165693283081,7.60069505596628,0.6680668756530825,,4.276900000149908
outdoor,CLAHE,1932_0.8_0.2.jpg,17.047877610534805,0.8765735030174255,7.492630716927883,0.5431129852412253,,9.25039999992805
outdoor,CLAHE,1933_0.8_0.2.jpg,20.462123629924246,0.9356257319450378,7.5439966622038375,0.7709679653679654,,6.351900000026944
outdoor,CLAHE,1934_1_0.08.jpg,18.970756484821027,0.8424728512763977,7.6216986054649105,0.6849458084494581,,5.458800000269548
outdoor,CLAHE,1936_0.95_0.08.jpg,16.708162755221313,0.8059926629066467,7.453661687462649,0.9525467752586396,,6.050999999843043
outdoor,CLAHE,1938_0.85_0.12.jpg,20.294197692868437,0.9221115112304688,7.215428845226966,0.4633252108716026,,5.824399999710295
outdoor,CLAHE,1940_0.9_0.16.jpg,17.402569371483953,0.8990316390991211,7.292087012118553,0.6826530612244898,,6.0442000003604335
outdoor,CLAHE,1942_0.85_0.08.jpg,17.565523548435483,0.8107056617736816,7.485605146883186,0.7366741953698476,,8.706900000106543
outdoor,CLAHE,1944_0.9_0.16.jpg,17.53366939485174,0.8659324645996094,7.248925581835895,0.4892711182622687,,6.0960000000704895
outdoor,CLAHE,1945_0.9_0.12.jpg,20.336418153225267,0.9008081555366516,7.507088942515321,0.8588719309887193,,5.02649999998539
outdoor,CLAHE,1947_0.8_0.16.jpg,18.02267510456581,0.8741366267204285,7.064167911400571,0.5075141660507514,,3.973200000018551
outdoor,CLAHE,1949_0.8_0.2.jpg,17.56925984213418,0.8833444714546204,7.159208328496492,0.6099800928998009,,4.307499999868014
outdoor,CLAHE,1950_1_0.08.jpg,15.934204739854751,0.7722216248512268,7.638591959748865,0.9289193202441841,,5.956900000001042
outdoor,CLAHE,1953_0.8_0.2.jpg,18.303135302669812,0.9136743545532227,7.4532822302251525,0.8121642068708917,,7.6978000001872715
outdoor,CLAHE,1954_1_0.08.jpg,16.284327059199693,0.8000420928001404,7.464701604264421,0.5504235889536803,,7.454000000052474
outdoor,CLAHE,1956_0.8_0.12.jpg,15.90929475098859,0.791652500629425,7.1891048590760995,0.5135086196204887,,6.656099999872822
outdoor,CLAHE,1958_0.9_0.08.jpg,19.917432141055173,0.9045373797416687,7.338289091926181,0.7568671710281533,,7.442500000252039
outdoor,CLAHE,1960_0.85_0.2.jpg,13.407232395377267,0.7178178429603577,7.007339787592585,0.6724795399247954,,3.9100999997572217
outdoor,CLAHE,1962_0.9_0.08.jpg,19.291056000079163,0.8711385726928711,7.2476340914634125,0.502508294625083,,4.617999999936728
outdoor,CLAHE,1964_0.85_0.2.jpg,14.514227592349453,0.8344926238059998,7.2402848730999265,0.7209375989863794,,5.388900000070862
outdoor,CLAHE,1966_0.9_0.08.jpg,17.712342125872016,0.8214276432991028,7.699042650029793,0.6761479198767334,,4.311199999847304
outdoor,CLAHE,1968_0.8_0.12.jpg,16.135325479379965,0.8154668807983398,7.622420869267846,0.5010037420206912,,4.4821999999840045
outdoor,CLAHE,1970_0.9_0.08.jpg,14.627921652234441,0.7287421822547913,7.6115021208535145,0.6743605546995377,,4.6248000003288325
outdoor,CLAHE,1971_1_0.08.jpg,17.075341471348068,0.8533358573913574,7.695717197632667,0.7202421307506053,,4.317200000059529
outdoor,CLAHE,1973_0.95_0.08.jpg,19.21134710085623,0.8707514405250549,7.765218027398112,0.6491525423728813,,3.7451999996847007
outdoor,CLAHE,1975_0.85_0.12.jpg,16.07337945127124,0.7241511344909668,7.097720315675343,0.3911964329947981,,3.9940999999998894
outdoor,CLAHE,1977_0.8_0.08.jpg,15.82857835881983,0.7680985927581787,7.5653261954502,0.7468721109399076,,3.7696999997933744
outdoor,CLAHE,1981_0.8_0.2.jpg,18.553772772001086,0.8601620197296143,7.566880563901898,0.6851127074560317,,3.969099999721948
outdoor,CLAHE,1982_1_0.08.jpg,16.392053621745436,0.8151722550392151,7.508944001049055,0.6005102799108248,,3.7472999997589795
outdoor,CLAHE,1984_0.85_0.08.jpg,16.87684834945135,0.7432729601860046,7.476286602746582,0.4609024873431653,,3.9836000000832428
outdoor,CLAHE,1986_0.9_0.08.jpg,14.896361712938695,0.752098798751831,7.4942641172171145,0.6223992956196346,,4.4119000003775
outdoor,CLAHE,1988_0.8_0.12.jpg,15.413289942697526,0.7920157313346863,7.572475894620691,0.6470294182702941,,4.406900000049063
outdoor,CAP,0001_0.8_0.2.jpg,21.647121041719718,0.9589412808418274,7.272708167435488,0.530429231785164,,18.2915000000321
outdoor,CAP,0002_0.8_0.08.jpg,19.83212105285814,0.8856461644172668,7.423319554994348,0.4766233766233766,,17.516800000066723
outdoor,CAP,0003_0.8_0.2.jpg,18.614393323299613,0.9364416003227234,6.804660911715565,0.23889967637540452,,12.525399999958609
outdoor,CAP,0004_0.9_0.12.jpg,18.606395925049902,0.9493393898010254,7.415166892833455,0.6257935285053929,,16.228500000124768
outdoor,CAP,0006_0.85_0.08.jpg,18.665874893807636,0.9465208053588867,7.67953114078971,0.5128769535549197,,17.390200000136247
outdoor,CAP,0007_0.9_0.16.jpg,22.53922828285903,0.9351525902748108,7.232201891901274,0.45664965986394557,,19.191099999716243
outdoor,CAP,0009_0.8_0.16.jpg,22.03641896847703,0.9169384837150574,7.216237133326021,0.6271362535769316,,17.304699999840523
outdoor,CAP,0010_0.95_0.16.jpg,22.704808467501742,0.901620090007782,7.538990867090652,0.5515122165969624,,19.351800000094954
outdoor,CAP,0011_0.95_0.16.jpg,26.162681188002455,0.8743247389793396,7.239763656091981,0.31954215276249176,,17.18890000029205
outdoor,CAP,0014_0.8_0.12.jpg,20.04402143385918,0.9262911677360535,7.339198759085461,0.4320889280211314,,17.694099999971513
outdoor,CAP,0016_0.8_0.08.jpg,16.830374872330587,0.9180824756622314,7.660700590216811,0.5848117983711204,,16.70090000015989
outdoor,CAP,0017_0.9_0.08.jpg,22.695500513919225,0.9243796467781067,7.484229869853433,0.4558893280632411,,23.3911000000262
outdoor,CAP,0018_0.9_0.2.jpg,25.307383714508845,0.950695276260376,7.7073954045994295,0.47754348812585085,,38.03920000018479
outdoor,CAP,0019_0.8_0.16.jpg,21.978002498756485,0.9570297598838806,7.6003804976444,0.5550077041602466,,16.41749999998865
outdoor,CAP,0021_0.8_0.08.jpg,18.22512695332078,0.9381298422813416,7.7242991809959705,0.4719920757208893,,17.875399999866204
outdoor,CAP,0022_0.8_0.08.jpg,16.699885850870004,0.8783867955207825,7.679218202705528,0.5147347567686551,,17.635299999710696
outdoor,CAP,0023_0.85_0.12.jpg,18.859375815166487,0.8622674942016602,7.401877858822757,0.17708562623816862,,17.05870000023424
outdoor,CAP,0024_0.85_0.08.jpg,19.893095822999342,0.6806198954582214,6.080681386780604,0.1681620074840414,,18.159100000048056
outdoor,CAP,0025_0.8_0.16.jpg,22.615709364527575,0.92694491147995,7.478250738279276,0.45704600484261504,,18.849600000066857
outdoor,CAP,0026_0.95_0.08.jpg,25.2292494636646,0.9360567927360535,7.671333818887219,0.3570063834470614,,17.378200000166544
outdoor,CAP,0029_0.85_0.08.jpg,18.0327093152841,0.8927648663520813,7.568051601287316,0.4192604006163328,,17.505599999822152
outdoor,CAP,0030_0.95_0.12.jpg,27.128267220480723,0.9670988917350769,7.72853446268412,0.7214968082764693,,16.269899999770132
outdoor,CAP,0033_0.85_0.08.jpg,16.96878077447093,0.9032232165336609,7.460096649636098,0.46909531146819283,,16.860100000030798
outdoor,CAP,0034_0.9_0.16.jpg,23.71262679924406,0.9214046001434326,7.577545393955025,0.32997138454765573,,16.315599999870756
outdoor,CAP,0036_1_0.08.jpg,17.294418232853893,0.8839287757873535,7.692514449077654,0.44312128549416685,,16.47560000037629
outdoor,CAP,0039_0.9_0.2.jpg,24.946186606515507,0.9466140866279602,7.531185350688819,0.6093286374642307,,16.46619999974064
outdoor,CAP,0040_1_0.08.jpg,26.102560078271885,0.9652237892150879,7.662828820442996,0.6313581333920317,,16.567699999995966
outdoor,CAP,0042_0.8_0.2.jpg,19.45496753219467,0.9483402371406555,7.266975273048024,0.6095249906982513,,35.46520000008968
outdoor,CAP,0045_0.8_0.16.jpg,18.19742532774309,0.9280945658683777,7.371250149196529,0.22294773346544464,,35.29070000013235
outdoor,CAP,0046_0.9_0.16.jpg,27.607204660648627,0.9398606419563293,7.127283614753302,0.2496632181377944,,18.457000000125845
outdoor,CAP,0047_0.9_0.12.jpg,22.700168658395473,0.8570583462715149,6.368730239560508,0.43167990585466315,,14.932099999896309
outdoor,CAP,0048_0.9_0.2.jpg,19.048289690800914,0.9108766913414001,7.218665612213122,0.3572397094430993,,18.047399999886693
outdoor,CAP,0049_0.85_0.12.jpg,17.319197220918745,0.8885490298271179,7.270295610176713,0.6704690346083789,,32.3591999999735
outdoor,CAP,0051_0.8_0.2.jpg,24.976996347279808,0.9416353702545166,6.575498164557521,0.5379296615792967,,16.195600000173727
outdoor,CAP,0051_0.95_0.12.jpg,26.32719264312772,0.956555187702179,6.343060902071664,0.5560849369608494,,17.04669999980979
outdoor,CAP,0052_0.9_0.16.jpg,21.988146510488043,0.9286811947822571,6.852267737053158,0.4155467720685112,,26.18449999999939
outdoor,CAP,0053_0.9_0.12.jpg,20.455267948963773,0.9036185145378113,6.880250619462722,0.41298764342453664,,17.154000000118685
outdoor,CAP,0054_0.85_0.16.jpg,21.812713125910243,0.9452007412910461,7.6235398550174684,0.7195266533952666,,16.99240000016289
outdoor,CAP,0055_0.85_0.12.jpg,28.26765019359526,0.9300330281257629,7.4464262894813285,0.4966057671142417,,18.199099999947066
outdoor,CAP,0056_0.8_0.16.jpg,19.941155169893126,0.9113462567329407,7.45522367493486,0.35806497577657453,,30.242599999837694
outdoor,CAP,0057_0.8_0.12.jpg,18.550581997091506,0.951312243938446,7.319518726712613,0.7329077701959058,,17.302200000358425
outdoor,CAP,0058_0.8_0.2.jpg,24.641700497662864,0.942322313785553,7.352652003011641,0.7072763242017395,,28.596200000265526
outdoor,CAP,0059_0.9_0.12.jpg,23.751580361087676,0.9548871517181396,7.500479951700829,0.5174202069117323,,17.346600000109902
outdoor,CAP,0060_0.9_0.2.jpg,23.823010479783623,0.904082715511322,7.442068817171655,0.2891250729904742,,39.37080000014248
outdoor,CAP,0061_0.8_0.2.jpg,25.04254060361245,0.9351021647453308,7.243548463084195,0.2426041055718475,,12.342199999693548
outdoor,CAP,0062_0.9_0.2.jpg,18.83459455681076,0.87812739610672,7.364005768045935,0.4831168831168831,,16.482300000006944
outdoor,CAP,0063_0.8_0.16.jpg,21.710955810242062,0.9159106612205505,7.4007655163191375,0.45926920537090027,,18.468400000074325
outdoor,CAP,0064_0.8_0.2.jpg,22.24066036041036,0.9279473423957825,6.698252718344323,0.4203697996918336,,16.158599999926082
outdoor,CAP,0065_0.9_0.12.jpg,21.47103869537198,0.9272616505622864,7.449648451178404,0.6735943375359433,,16.813400000046386
outdoor,CAP,0066_1_0.08.jpg,15.164728921404766,0.8626059889793396,7.374869838567043,0.08802113141096192,,16.83739999998579
outdoor,CAP,0068_1_0.16.jpg,22.744881620455164,0.9253800511360168,7.821758955299552,0.5482386363636363,,34.73630000007688
outdoor,CAP,0069_0.9_0.16.jpg,25.6376214702283,0.957878053188324,7.205355860756485,0.5024713150926743,,13.145599999916158
outdoor,CAP,0070_0.9_0.12.jpg,17.893576966535015,0.9253179430961609,7.4742285208020265,0.5144001291781043,,31.143900000188296
outdoor,CAP,0071_0.8_0.2.jpg,26.075686406860935,0.9625900387763977,7.621672240682562,0.5996814863968148,,16.512300000158575
outdoor,CAP,0072_0.9_0.2.jpg,21.391468705237617,0.8783863186836243,6.549923259982062,0.3342277140335393,,13.090500000089378
outdoor,CAP,0073_0.8_0.16.jpg,22.89209144171967,0.8980652689933777,7.146721862134728,0.46002201188641867,,16.990399999940564
outdoor,CAP,0074_0.8_0.2.jpg,20.527852753383982,0.8480501174926758,7.28702555909547,0.347034602505271,,34.809799999948154
outdoor,CAP,0075_0.8_0.2.jpg,20.686050750639843,0.9458867907524109,7.488805064759165,0.6881408904874117,,36.14389999984269
outdoor,CAP,0076_0.8_0.2.jpg,24.845944182521464,0.9652731418609619,7.318648417089347,0.73002331002331,,14.541199999712262
outdoor,CAP,0076_1_0.16.jpg,25.443063652848025,0.9636344313621521,7.4523127895382535,0.76008288008288,,14.421800000036455
outdoor,CAP,0077_0.8_0.2.jpg,20.843646915804367,0.8509831428527832,7.388793334939109,0.26673719246439465,,38.3759999999711
outdoor,CAP,0079_0.8_0.12.jpg,19.59855595757864,0.9149463176727295,7.616473492062053,0.5510851860004402,,19.3623000000116
outdoor,CAP,0081_0.8_0.2.jpg,21.02916051407321,0.9519546627998352,6.97895591933015,0.5831964313182587,,28.554499999700056
outdoor,CAP,0082_0.85_0.16.jpg,20.269071021208095,0.9365585446357727,7.188874172176152,0.3546467092229804,,16.640000000279542
outdoor,CAP,0083_0.85_0.12.jpg,17.31289975813851,0.920215904712677,7.230275240528124,0.24803874092009684,,20.973199999843928
outdoor,CAP,0084_0.95_0.16.jpg,25.649379942343256,0.9473771452903748,7.666309993116942,0.7417608120035305,,17.702299999655224
outdoor,CAP,0085_0.95_0.08.jpg,23.125792170814094,0.9067160487174988,6.8437472765788865,0.345251976284585,,37.71289999986038
outdoor,CAP,0086_0.8_0.2.jpg,23.914985765274803,0.9255273342132568,7.444285951768556,0.5178164208672683,,16.855000000305154
outdoor,CAP,0086_0.95_0.12.jpg,25.140796265483438,0.9495994448661804,7.540514350413435,0.545974025974026,,21.075200000268524
outdoor,CAP,0087_0.9_0.16.jpg,23.66181052032188,0.9532055854797363,7.357256518078616,0.5397946679913893,,27.910699999665667
outdoor,CAP,0088_0.9_0.12.jpg,25.865486642450936,0.9545744061470032,6.444223914448819,0.44604733466047336,,18.717599999945378
outdoor,CAP,0089_0.9_0.2.jpg,20.05542311887972,0.9230537414550781,7.398516589991054,0.42886290789455106,,37.829299999884825
outdoor,CAP,0090_0.85_0.12.jpg,19.554243111524766,0.9521374702453613,7.431926647483218,0.7002296991264962,,27.201899999909074
outdoor,CAP,0091_0.85_0.2.jpg,21.390843892272326,0.9480307698249817,7.211987107892447,0.6154592557701366,,26.96479999985968
outdoor,CAP,0092_0.85_0.2.jpg,23.05976154006711,0.9655271172523499,7.443684631022493,0.6294874923733984,,29.86880000025849
outdoor,CAP,0093_0.8_0.08.jpg,15.363357722560087,0.877215564250946,7.366244958966741,0.6542681047765794,,15.881400000125723
outdoor,CAP,0094_0.8_0.2.jpg,19.580753512682723,0.9353041648864746,7.411335983539357,0.4229980189302223,,15.988999999990483
outdoor,CAP,0095_0.8_0.08.jpg,19.4008971864139,0.9113819599151611,7.420898124900058,0.636673302366733,,15.796100000443403
outdoor,CAP,0096_0.8_0.2.jpg,21.349563015260117,0.9211575984954834,7.2880848061335,0.7130679053306791,,17.140899999958492
outdoor,CAP,0097_0.85_0.08.jpg,21.28239518729396,0.9477391242980957,6.970748088280444,0.39157825225621834,,15.984000000116794
outdoor,CAP,0098_0.85_0.2.jpg,22.651696797625497,0.9299632906913757,7.188453900592789,0.5404065153835445,,30.92400000014095
outdoor,CAP,0099_0.9_0.16.jpg,26.649845616663708,0.962040901184082,7.460213074265148,0.7022576668207736,,32.39069999972344
outdoor,CAP,0100_0.9_0.12.jpg,20.04714580953202,0.9095215201377869,7.475729495023518,0.529219199292192,,15.725600000223494
outdoor,CAP,0101_0.9_0.08.jpg,23.258496241912177,0.9171403050422668,7.2930079387335205,0.30723587223587223,,27.144200000293495
outdoor,CAP,0102_0.85_0.12.jpg,17.884555505636634,0.8677310347557068,7.545505783952425,0.15410809122149327,,27.553200000056677
outdoor,CAP,0104_0.95_0.12.jpg,21.380713464162287,0.8853910565376282,6.909506717436216,0.31663648765968,,33.44249999963722
outdoor,CAP,0105_0.95_0.2.jpg,23.24646660988826,0.9458749294281006,7.567215720477981,0.521882616612971,,32.31360000017958
outdoor,CAP,0106_0.9_0.08.jpg,17.939661667100523,0.9056186676025391,7.593659006384899,0.5948536209553159,,15.621600000031322
outdoor,CAP,0107_0.9_0.08.jpg,17.553437408003784,0.9207053184509277,7.284425037794728,0.39954434859544347,,16.94229999975505
outdoor,CAP,0108_0.8_0.16.jpg,23.423448057840147,0.8703310489654541,6.9559682413987325,0.41328987692756725,,31.519099999968603
outdoor,CAP,0108_1_0.2.jpg,18.95542711148361,0.8208856582641602,6.7870280300689645,0.4337451962835044,,31.09809999978097
outdoor,CAP,0109_0.85_0.08.jpg,20.571692834447077,0.9187373518943787,7.232096940222376,0.6059579400563007,,25.031599999692844
outdoor,CAP,0110_0.8_0.12.jpg,32.126631206946406,0.9756503105163574,7.1766568205188825,0.47300286234712463,,23.8165000000663
outdoor,CAP,0111_0.8_0.2.jpg,23.400636209192136,0.9055686593055725,7.238298560433367,0.3763339113202873,,33.394200000202545
outdoor,CAP,0112_0.8_0.2.jpg,20.660540375738638,0.9478123784065247,7.097352634459191,0.37169235961987235,,29.935099999875092
outdoor,CAP,0113_0.9_0.08.jpg,21.888892574032216,0.844649612903595,5.869740437160392,0.49580181375801813,,16.285599999719125
outdoor,CAP,0115_0.8_0.12.jpg,21.17093174558146,0.921018123626709,7.390386186170414,0.5749064494827206,,16.590200000337063
outdoor,CAP,0116_0.9_0.16.jpg,19.68241776718573,0.9087583422660828,7.007665981268256,0.3346372317995783,,35.09729999996125
outdoor,CAP,0117_0.9_0.12.jpg,17.855952840016947,0.9307751655578613,7.455294686941303,0.4630906610442763,,33.55199999987235
outdoor,CAP,0118_0.9_0.2.jpg,24.88983474666993,0.9492446780204773,7.142798963240506,0.5596232973985735,,33.10879999980898
outdoor,CAP,0119_0.85_0.12.jpg,18.917993263929198,0.8859314918518066,7.1000602227473975,0.4947771342231176,,32.96929999987697
outdoor,CAP,0120_0.85_0.08.jpg,19.18246450513187,0.9107748866081238,6.916020511374135,0.35953395042919084,,37.532399999690824
outdoor,CAP,0121_0.85_0.2.jpg,26.42496905752353,0.954047679901123,6.995026827556349,0.42546631362165344,,11.980899999798567
outdoor,CAP,0123_1_0.08.jpg,28.999308498721852,0.9587023854255676,7.135309025446763,0.5742130720575468,,34.7751999997854
outdoor,CAP,0125_0.8_0.12.jpg,20.041074001766106,0.933896005153656,7.515949067427678,0.3607117836626033,,33.444199999848934
outdoor,CAP,0126_0.8_0.2.jpg,23.35589409812237,0.9534937739372253,6.497223216043566,0.43746958637469585,,15.762600000016391
outdoor,CAP,0127_0.8_0.2.jpg,20.197932037548686,0.9402230381965637,7.323255128245132,0.36382216323822164,,15.745799999876908
outdoor,CAP,0129_0.8_0.16.jpg,22.560957493775128,0.9290058016777039,7.342202272504167,0.5631480194060087,,33.42290000000503
outdoor,CAP,0131_0.95_0.08.jpg,20.351056511801037,0.8906865119934082,7.232875831185986,0.4947391591459388,,15.483799999856274
outdoor,CAP,0132_1_0.08.jpg,17.60614981598877,0.8765925765037537,7.67969944687878,0.4267092229804094,,16.219699999965087
outdoor,CAP,0133_1_0.2.jpg,21.70149896581586,0.9188525080680847,7.598864919181897,0.45895663658375524,,16.021899999941525
outdoor,CAP,0134_0.95_0.16.jpg,26.069005732998672,0.9240300059318542,7.434702662826894,0.4689324235086947,,16.628399999717658
outdoor,CAP,0135_0.95_0.12.jpg,25.502542426058902,0.9648721814155579,7.59581289417499,0.2717939687431213,,16.243300000041927
outdoor,CAP,0137_0.8_0.2.jpg,24.603540751945708,0.9517751336097717,7.288499328633804,0.5519128329297821,,16.534500000034313
outdoor,CAP,0138_0.9_0.08.jpg,25.880108046803315,0.9636700749397278,7.735656457220884,0.4075896984371561,,16.536699999960547
outdoor,CAP,0139_0.85_0.12.jpg,24.27069926996191,0.9507350325584412,7.406049836685911,0.5326612370680167,,16.64729999993142
outdoor,CAP,0140_0.95_0.12.jpg,20.311573963621775,0.9340187907218933,7.538088513700237,0.6874356152322254,,15.733800000361953
outdoor,CAP,0141_0.95_0.12.jpg,25.076193793307237,0.9599392414093018,7.587776774741708,0.66950473255558,,16.831099999762955
outdoor,CAP,0142_0.95_0.08.jpg,19.970361942269736,0.881858766078949,7.6197621304159755,0.46173453664979086,,17.496699999810517
outdoor,CAP,0143_1_0.2.jpg,18.628456071602947,0.870486319065094,7.5265960537725265,0.5882060312568788,,16.93250000016633
outdoor,CAP,0145_0.8_0.12.jpg,17.053864854514508,0.8986783623695374,7.462557373797443,0.6198767334360554,,15.706799999861687
outdoor,CAP,0146_0.8_0.2.jpg,22.224644271605758,0.9159676432609558,7.315728752471695,0.5674400176095091,,16.943199999786884
outdoor,CAP,0147_1_0.16.jpg,26.21084365103201,0.9058260917663574,7.140592067459667,0.5517675544794188,,15.83680000021559
outdoor,CAP,0148_0.9_0.12.jpg,22.513865454974233,0.846562385559082,7.1111346571343255,0.19840193704600484,,15.880399999787187
outdoor,CAP,0149_0.9_0.08.jpg,20.386142889001192,0.8574640154838562,7.605102315385783,0.473581333920317,,16.430399999990186
outdoor,CAP,0150_0.8_0.16.jpg,24.041283284184175,0.9691682457923889,7.362679339442781,0.5992431972789115,,18.804199999976845
outdoor,CAP,0151_0.8_0.08.jpg,17.42995705008269,0.9258652329444885,7.731907999213595,0.4380937706361435,,16.660099999626254
outdoor,CAP,0152_0.8_0.2.jpg,22.31299801537333,0.9691272377967834,7.4043139409176835,0.4545498569227383,,16.788399999768444
outdoor,CAP,0153_0.8_0.08.jpg,16.180321589878865,0.8537779450416565,7.7127429725658985,0.13946290997138455,,16.535999999632622
outdoor,CAP,0154_0.8_0.2.jpg,20.268780316176592,0.8987619280815125,7.058279321687336,0.6216288795949813,,16.89280000027793
outdoor,CAP,0155_1_0.08.jpg,16.497624791829654,0.899132251739502,6.9734679632555645,0.6043759630200308,,17.957300000034593
outdoor,CAP,0157_0.8_0.08.jpg,17.794397799601345,0.8945465087890625,6.928984295901371,0.5122650231124808,,17.446599999857426
outdoor,CAP,0158_0.8_0.2.jpg,21.670201400245936,0.893238365650177,7.0394753701555395,0.46654193264362753,,15.857500000038272
outdoor,CAP,0160_0.9_0.2.jpg,20.54547806061283,0.944991409778595,7.726871855199739,0.22316530926700417,,15.936499999952503
outdoor,CAP,0161_0.85_0.08.jpg,16.794406378478065,0.9007282257080078,7.561902428962492,0.42331939247193484,,16.285700000025827
outdoor,CAP,0162_0.95_0.12.jpg,18.544091044423194,0.9120504260063171,7.575337905954465,0.561765353290777,,17.337899999802175
outdoor,CAP,0163_0.95_0.08.jpg,20.095057606392132,0.9481309056282043,7.709145126606118,0.6465287255117763,,21.418199999970966
outdoor,CAP,0164_0.9_0.2.jpg,21.828111598291535,0.9033977389335632,7.251635305902139,0.4999603786044464,,17.013499999848136
outdoor,CAP,0165_0.9_0.2.jpg,22.332943073531627,0.9130913615226746,7.440410440977862,0.6435042923178517,,20.147199999883014
outdoor,CAP,0166_0.8_0.16.jpg,22.240507126188906,0.9264602065086365,6.736056903088651,0.4204402377283733,,17.98449999978402
outdoor,CAP,0167_0.8_0.12.jpg,19.166595659151145,0.9187061190605164,7.371486752710802,0.32987893462469736,,17.593700000361423
outdoor,CAP,0168_0.9_0.16.jpg,23.31216606952077,0.9198932647705078,7.343026695095811,0.4930058181689568,,19.027299999834213
outdoor,CAP,0169_0.9_0.12.jpg,22.920186586522547,0.9214499592781067,7.0056658547089095,0.4798811358133392,,17.68069999980071
outdoor,CAP,0170_0.8_0.2.jpg,21.8637652837052,0.8662423491477966,7.2111376465162325,0.4376491305304865,,18.4650999999576
outdoor,CAP,0171_0.85_0.12.jpg,32.653555805888914,0.9842016696929932,7.039118943280513,0.7593132291437377,,17.012200000408484
outdoor,CAP,0172_0.85_0.08.jpg,28.590608686120156,0.9678654074668884,7.554373207223361,0.5521373541712524,,16.972699999769247
outdoor,CAP,0174_0.95_0.08.jpg,26.022754470302317,0.9712729454040527,7.691209095987415,0.5700550297160467,,16.571699999985867
outdoor,CAP,0175_0.85_0.16.jpg,25.426073716560033,0.9529768824577332,6.836239467436048,0.35541272287035,,19.413600000007136
outdoor,CAP,0176_1_0.08.jpg,26.19770232087001,0.9537482261657715,7.109712412722522,0.561963460268545,,17.52119999991919
outdoor,CAP,0178_0.8_0.12.jpg,22.132551745422134,0.9589536786079407,7.634216319955652,0.7790799031476997,,19.684399999732705
outdoor,CAP,0179_0.8_0.2.jpg,24.222067856357036,0.9394566416740417,7.499056365829116,0.6487651331719129,,19.277300000339892
outdoor,CAP,0180_0.85_0.16.jpg,24.57737947334449,0.9713199734687805,7.213444563608153,0.8263350209112921,,17.927699999745528
outdoor,CAP,0181_0.9_0.08.jpg,20.270149817146184,0.9384376406669617,7.188299755914697,0.6555227823024433,,16.742799999974523
outdoor,CAP,0182_0.8_0.16.jpg,22.875511035349852,0.9336874485015869,7.545607219650508,0.6619194364957077,,22.932699999728356
outdoor,CAP,0183_0.8_0.16.jpg,23.00286821291401,0.9203472137451172,7.077501946495562,0.36293638564825004,,22.21540000027744
outdoor,CAP,0184_0.95_0.12.jpg,28.064752411484687,0.971649706363678,7.394918949504821,0.8673802323730702,,17.50850000007631
outdoor,CAP,0185_1_0.16.jpg,19.381897645727545,0.8974838852882385,7.829894352770423,0.3620603125687871,,16.14030000018829
outdoor,CAP,0187_0.9_0.2.jpg,25.896324259420624,0.952904462814331,7.667174162234264,0.6544089808496588,,18.487099999674683
outdoor,CAP,0188_0.85_0.08.jpg,18.05408953085484,0.8843269944190979,7.258585857118605,0.6864230684569668,,16.654900000048656
outdoor,CAP,0189_0.85_0.2.jpg,23.523652067332257,0.9045383334159851,6.974085464897654,0.23597622716266783,,17.670199999884062
outdoor,CAP,0191_1_0.08.jpg,24.23392492497953,0.9382991194725037,6.713498398273128,0.6420735197006383,,17.39240000006248
outdoor,CAP,0194_1_0.2.jpg,24.857663464754328,0.8790901303291321,7.11610087268011,0.18157164869029277,,18.330900000364636
outdoor,CAP,0195_1_0.08.jpg,21.45676557556357,0.8873818516731262,7.081852399174409,0.5737574290116663,,17.0444000000316
outdoor,CAP,0196_0.9_0.2.jpg,23.28213794278474,0.9382379651069641,7.595675291063012,0.39030156284393575,,18.623200000092766
outdoor,CAP,0197_0.8_0.16.jpg,23.175803188987288,0.9215671420097351,7.067956414556188,0.4505172793308386,,16.732300000057876
outdoor,CAP,0198_0.95_0.12.jpg,23.142436074753412,0.9346892237663269,7.611848195176802,0.6529121725731896,,18.833400000403344
outdoor,CAP,0199_1_0.16.jpg,22.087802860343228,0.9533533453941345,7.7022799015851415,0.4122342064714946,,22.35179999979664
outdoor,CAP,0200_1_0.12.jpg,24.694376155944276,0.8873125910758972,6.994501826844403,0.5643979749064495,,18.453799999861076
outdoor,CAP,0201_1_0.08.jpg,22.372788006938727,0.7910199165344238,7.026429384792127,0.31343165309267,,16.655699999773788
outdoor,CAP,0202_0.85_0.12.jpg,22.048957939045344,0.900662899017334,7.535448994658531,0.7500946511116002,,22.1983999999793
outdoor,CAP,0204_0.8_0.08.jpg,20.145683312650903,0.9255931973457336,6.197031541752385,0.40833719008264463,,26.76149999979316
outdoor,CAP,0205_1_0.16.jpg,23.286882734063173,0.9201226234436035,7.748844392755661,0.5220535138620245,,27.95860000014727
outdoor,CAP,0206_1_0.12.jpg,21.145476040938433,0.9517815709114075,7.607451993080787,0.48704380365397315,,18.013800000062474
outdoor,CAP,0207_1_0.08.jpg,19.16009936629453,0.9191816449165344,7.705424640474364,0.6184429065743945,,28.68269999999029
outdoor,CAP,0208_0.8_0.16.jpg,18.47035604305306,0.9320368766784668,7.152632370651035,0.395941008144398,,16.964199999620178
outdoor,CAP,0209_0.85_0.08.jpg,15.874747758288807,0.7933827042579651,7.5637609165068795,0.2242923178516399,,17.100900000059482
outdoor,CAP,0210_0.85_0.2.jpg,24.944289763201407,0.9618442058563232,6.868652855455028,0.5333996903339969,,17.657800000051793
outdoor,CAP,0212_0.9_0.2.jpg,22.08474272872116,0.9557855725288391,7.206110051691628,0.326616773057451,,17.720199999985198
outdoor,CAP,0213_1_0.2.jpg,25.45299440044932,0.9144649505615234,7.618207011010261,0.4318380889183809,,18.148399999972753
outdoor,CAP,0215_0.8_0.08.jpg,22.750751866860995,0.8414055705070496,6.666171566660896,0.45367977179709784,,36.95640000023559
outdoor,CAP,0216_1_0.12.jpg,18.595799050088647,0.9405510425567627,7.647267406250051,0.6962377877131976,,26.717000000189728
outdoor,CAP,0217_1_0.2.jpg,23.71514134969666,0.9186859130859375,7.312619586077974,0.5567070217917676,,22.177900000315276
outdoor,CAP,0218_0.9_0.2.jpg,24.298399226818898,0.9549827575683594,7.4399636440808505,0.5714121800529568,,17.846799999915675
outdoor,CAP,0219_0.85_0.08.jpg,21.057538229344217,0.9547012448310852,7.443322791981885,0.6605000069522657,,30.652000000372936
outdoor,CAP,0220_0.85_0.2.jpg,22.766983991515698,0.9247739911079407,7.158578346977078,0.4560321381340919,,35.788700000011886
outdoor,CAP,0222_0.85_0.16.jpg,20.841273530906502,0.9124190211296082,7.452237214771966,0.2823755806237558,,16.333900000063295
outdoor,CAP,0223_0.95_0.16.jpg,22.114789739984573,0.9444196820259094,7.242690403604254,0.5915638133156381,,16.21819999991203
outdoor,CAP,0225_0.8_0.2.jpg,24.828245370140095,0.8727473616600037,6.351416401556054,0.32184030081840304,,16.29190000039671
outdoor,CAP,0226_0.8_0.2.jpg,26.46450815047784,0.9630144238471985,6.733851761409117,0.388046293198518,,26.879900000039925
outdoor,CAP,0228_1_0.2.jpg,23.6336889956663,0.9217574000358582,7.246024857668806,0.4765312656560529,,26.938500000142085
outdoor,CAP,0230_0.9_0.16.jpg,19.387360550124846,0.9395975470542908,7.688188377837808,0.2626502311248074,,16.023300000142626
outdoor,CAP,0233_0.8_0.12.jpg,21.69648035487117,0.9598528742790222,7.530920008652196,0.4346819282412503,,16.180400000394002
outdoor,CAP,0235_0.9_0.08.jpg,20.785317774599136,0.8826775550842285,7.228982378072012,0.6324014968082765,,16.220500000144966
outdoor,CAP,0237_0.8_0.12.jpg,20.129870510896552,0.9399814009666443,7.2440253217686745,0.6725467752586397,,16.345900000032998
outdoor,CAP,0238_0.8_0.2.jpg,22.329910238820695,0.9516661763191223,7.281632119372402,0.2728945630640546,,18.215999999938504
outdoor,CAP,0239_0.8_0.2.jpg,22.77123196955195,0.944084107875824,7.322366285240094,0.43476117103235745,,22.184200000083365
outdoor,CAP,0240_1_0.08.jpg,25.1651500668358,0.9393156170845032,7.327297544376391,0.7623112480739599,,17.594699999790464
outdoor,CAP,0242_0.8_0.12.jpg,20.61809063111097,0.939035177230835,7.312164125619839,0.5661809377063615,,15.830499999992753
outdoor,CAP,0243_0.8_0.08.jpg,16.888447193427066,0.8555144667625427,7.539095734394341,0.3258683689192164,,15.703900000062276
outdoor,CAP,0244_0.9_0.12.jpg,28.012199811931406,0.9683846831321716,7.731060450083896,0.6611666299801893,,16.409199999998236
outdoor,CAP,0245_1_0.2.jpg,26.909883180335537,0.9585886597633362,7.675132383129287,0.5087211093990756,,15.969800000220857
outdoor,CAP,0246_0.85_0.12.jpg,18.83364670344066,0.7886943817138672,6.832357791644864,0.1334888839973586,,16.267900000002555
outdoor,CAP,0248_0.8_0.08.jpg,20.18076493374509,0.6980007290840149,6.492506788292483,0.27022232005282854,,16.72629999984565
outdoor,CAP,0249_1_0.12.jpg,29.063820985013447,0.9390819072723389,7.530019776928336,0.5391151221659696,,16.564200000175333
outdoor,CAP,0251_0.8_0.16.jpg,20.854024295511632,0.8863811492919922,7.4466207977553305,0.4883689192163768,,15.686900000218884
outdoor,CAP,0253_0.8_0.2.jpg,23.257479705362847,0.9229525923728943,7.372374402108268,0.5630640545894783,,16.99899999994159
outdoor,CAP,0253_1_0.16.jpg,25.230224408830587,0.9440914988517761,7.611995965302083,0.6036143517499449,,15.998500000023341
outdoor,CAP,0255_0.85_0.08.jpg,21.540664355165564,0.9530547261238098,7.546628778281322,0.4253532907770196,,16.297600000143575
outdoor,CAP,0256_0.95_0.16.jpg,23.03917695029416,0.842404305934906,7.16998650159635,0.3438740920096852,,15.612700000019686
outdoor,CAP,0258_0.8_0.2.jpg,23.079654759402118,0.9235274195671082,6.870139840449382,0.1760774818401937,,17.296099999839498
outdoor,CAP,0259_0.9_0.08.jpg,19.197042688078433,0.9075467586517334,7.589648948609298,0.24343825665859564,,16.06610000044384
outdoor,CAP,0260_0.9_0.2.jpg,26.90439732586571,0.9594693779945374,7.569489961624407,0.22903367818622056,,16.611600000032922
outdoor,CAP,0261_0.85_0.08.jpg,22.188016745491534,0.9411454796791077,7.603780391221703,0.3366850099053489,,15.461100000266015
outdoor,CAP,0262_0.95_0.12.jpg,21.73645007543456,0.6895298957824707,6.557641003748298,0.14700418225841955,,16.783699999905366
outdoor,CAP,0263_0.95_0.08.jpg,20.743558576961362,0.8743230700492859,7.1786599199361785,0.39520773905494233,,33.30759999971633
outdoor,CAP,0264_0.95_0.2.jpg,22.390501562348668,0.9468255043029785,7.473518897105674,0.40001760950913495,,17.195900000388065
outdoor,CAP,0266_0.8_0.12.jpg,17.570213282015107,0.8516650199890137,7.444719486993092,0.32286594761171034,,16.63220000000365
outdoor,CAP,0267_0.9_0.16.jpg,23.60683254674395,0.9397465586662292,7.571471910952884,0.32311688311688314,,16.971100000318984
outdoor,CAP,0268_0.9_0.16.jpg,23.909481970805242,0.9381033778190613,7.670319501057548,0.5702003081664099,,16.18750000034197
outdoor,CAP,0269_0.95_0.2.jpg,22.408345095994427,0.9607791304588318,7.56070260079356,0.6353158705701079,,17.366999999921973
outdoor,CAP,0270_0.85_0.16.jpg,22.43327343949987,0.9432744979858398,7.406240338310804,0.2646224961479199,,16.653499999847554
outdoor,CAP,0271_0.85_0.12.jpg,21.987069628262926,0.8261919617652893,6.920064990883164,0.30424829407880255,,15.695600000071863
outdoor,CAP,0272_0.85_0.08.jpg,23.386353262141945,0.9704154133796692,7.697905761459722,0.6355712084525644,,16.27059999964331
outdoor,CAP,0273_0.85_0.2.jpg,20.300215688966958,0.9555202126502991,7.448908770216807,0.5695399515738498,,16.894800000045507
outdoor,CAP,0274_0.95_0.12.jpg,18.998456642537327,0.926450252532959,7.617405925772834,0.4566894122826326,,15.874600000188366
outdoor,CAP,0275_1_0.16.jpg,28.025608001123658,0.9414045214653015,7.433671985204278,0.513827867048206,,16.784099999767932
outdoor,CAP,0276_1_0.12.jpg,21.504741652004103,0.8179798722267151,7.2139005719298135,0.2867312348668281,,16.79439999998067
outdoor,CAP,0277_1_0.08.jpg,19.881504084762692,0.7938699722290039,7.195437417235681,0.2437772397094431,,16.375499999867316
outdoor,CAP,0279_0.8_0.12.jpg,21.28636736259111,0.9484712481498718,7.5025846373070975,0.43919876733436053,,15.91469999993933
outdoor,CAP,0280_0.9_0.16.jpg,21.10484404037426,0.9107564091682434,7.620844620414069,0.43079462909971383,,16.13279999992301
outdoor,CAP,0281_0.9_0.12.jpg,17.958280213985795,0.906496524810791,7.742081504539718,0.3374158045344486,,15.862499999911961
outdoor,CAP,0282_0.85_0.16.jpg,26.35157490172883,0.9691702723503113,7.458868431074287,0.47349328637464233,,16.741300000376214
outdoor,CAP,0283_0.85_0.12.jpg,19.776548808108036,0.882962167263031,7.421345621353423,0.3982390490865067,,16.36559999997189
outdoor,CAP,0284_0.8_0.16.jpg,22.686293300165204,0.9249024987220764,7.301300773479249,0.6913415710503089,,15.999600000213832
outdoor,CAP,0285_0.85_0.2.jpg,19.569454203806742,0.8985111117362976,7.097495321815307,0.7822496147919876,,15.698799999881885
outdoor,CAP,0286_0.8_0.08.jpg,17.63270947321523,0.9101182818412781,7.643846004916313,0.7211886418666079,,16.92719999982728
outdoor,CAP,0287_0.8_0.2.jpg,19.493673419170143,0.8986347317695618,7.6115686821509705,0.31828307285934404,,15.918999999939842
outdoor,CAP,0287_0.95_0.08.jpg,18.804407784012906,0.921101987361908,7.778717510945457,0.3365089148139996,,16.178599999875587
outdoor,CAP,0288_0.95_0.2.jpg,21.99031659487341,0.9033681750297546,7.575912713116373,0.35653092670041825,,16.24630000014804
outdoor,CAP,0290_0.85_0.08.jpg,18.074973324736735,0.7861426472663879,7.397659014065725,0.27092670041822586,,16.68130000007295
outdoor,CAP,0291_0.95_0.12.jpg,18.76083721844998,0.8894665241241455,7.4804829077583515,0.46398415144177857,,16.036399999848072
outdoor,CAP,0292_1_0.16.jpg,23.247581424444906,0.9511690139770508,7.596673633515486,0.3351617873651772,,16.550899999856483
outdoor,CAP,0294_1_0.2.jpg,25.261231930863968,0.9380473494529724,7.633439111856369,0.3414968082764693,,15.587499999583088
outdoor,CAP,0295_0.85_0.08.jpg,23.81959117865732,0.9528913497924805,7.138091616709976,0.5851463790446841,,16.456400000151916
outdoor,CAP,0296_0.95_0.12.jpg,23.863303980135335,0.937662661075592,7.368217529562999,0.512344265903588,,16.44460000034087
outdoor,CAP,0297_0.95_0.08.jpg,26.10502835922994,0.9526066780090332,7.534518521285695,0.7972044904248294,,16.048099999807164
outdoor,CAP,0298_1_0.12.jpg,26.857034219583905,0.9525032043457031,7.292160914675625,0.6971788856304986,,11.904999999842403
outdoor,CAP,0299_0.9_0.08.jpg,23.504351061051402,0.928748607635498,7.438321382495349,0.6460796830288356,,16.402399999606132
outdoor,CAP,0300_1_0.2.jpg,27.102742269783565,0.9741612076759338,7.534512776769871,0.43123486682808715,,15.729400000054738
outdoor,CAP,0302_0.9_0.16.jpg,24.129396674590172,0.9393095374107361,7.541135372658559,0.45827867048206034,,16.47750000029191
outdoor,CAP,0303_0.9_0.12.jpg,17.929331624150574,0.8835999965667725,7.579888751953361,0.6686682808716707,,16.647399999783374
outdoor,CAP,0304_0.9_0.08.jpg,16.98805064505009,0.8030890822410583,7.564763773484976,0.297970504072199,,16.580599999997503
outdoor,CAP,0305_0.9_0.2.jpg,25.9453294481602,0.9469006061553955,7.199243398933682,0.2607395993836672,,16.51799999990544
outdoor,CAP,0306_0.8_0.16.jpg,22.626468740058247,0.9423440098762512,7.647878040799295,0.5505569007263923,,15.997299999980896
outdoor,CAP,0307_0.8_0.12.jpg,19.534142558469668,0.8934361934661865,7.324925965169588,0.3906317411402157,,16.18319999988671
outdoor,CAP,0308_1_0.16.jpg,27.770988821886732,0.9721629023551941,7.665437666541456,0.5590138674884437,,16.808800000035262
outdoor,CAP,0309_1_0.08.jpg,19.703824160412935,0.9198914170265198,7.724255488514016,0.5722870349988994,,15.867300000081741
outdoor,CAP,0311_0.8_0.16.jpg,22.521952035554644,0.9383965134620667,7.491161071953645,0.6897116442879154,,16.08219999980065
outdoor,CAP,0312_0.8_0.12.jpg,25.74412508540272,0.9790084958076477,7.589048150409817,0.7108078362315651,,16.368399999919347
outdoor,CAP,0313_0.8_0.2.jpg,20.884976308035018,0.9403340816497803,7.385659850136586,0.3365943958412578,,33.348799999657786
outdoor,CAP,0314_0.9_0.12.jpg,21.638276564366492,0.9198018908500671,7.110156584533085,0.6013589503280224,,27.142999999796302
outdoor,CAP,0315_0.85_0.16.jpg,23.229010825652075,0.9475381970405579,7.0569997106140265,0.37166689382581436,,31.42950000028577
outdoor,CAP,0316_0.85_0.12.jpg,23.603726589588994,0.9669442176818848,7.745878710008294,0.5843583535108959,,15.343300000040472
outdoor,CAP,0317_0.85_0.08.jpg,20.90139914942464,0.902534008026123,7.130661638903271,0.5582170372000881,,17.107900000155496
outdoor,CAP,0318_0.85_0.2.jpg,24.66526904762301,0.9534290432929993,7.373651273495656,0.29114241690512876,,16.529500000160624
outdoor,CAP,0319_0.9_0.16.jpg,24.66035787061278,0.955101490020752,7.525529513061827,0.8067972705260841,,16.443700000309036
outdoor,CAP,0320_0.9_0.08.jpg,19.147099753822125,0.8255175948143005,6.765139718576752,0.38875192604006165,,15.635899999779213
outdoor,CAP,0320_1_0.16.jpg,21.33316497865604,0.9007771611213684,6.870437585945307,0.3973629760070438,,22.644799999852694
outdoor,CAP,0321_1_0.12.jpg,27.350875334340174,0.9079766273498535,7.306223582359351,0.6012018489984592,,16.203500000301574
outdoor,CAP,0323_0.8_0.16.jpg,22.5858638400792,0.9201235771179199,7.333197308954361,0.6482984811798371,,16.235999999935302
outdoor,CAP,0324_0.8_0.12.jpg,22.866605601417994,0.9624616503715515,7.425736546181715,0.4506449482720669,,16.028500000174972
outdoor,CAP,0325_0.9_0.16.jpg,23.071751257031615,0.9639328122138977,7.509456189180386,0.6552498349108519,,17.057300000033138
outdoor,CAP,0326_0.9_0.12.jpg,20.21107593400782,0.9235036373138428,6.7836646963242515,0.5413515298261061,,16.481799999837676
outdoor,CAP,0327_1_0.08.jpg,21.17765105491925,0.8873928189277649,7.64462159387335,0.31821703720008804,,16.03430000022854
outdoor,CAP,0329_0.8_0.12.jpg,20.35312315808215,0.8848856091499329,7.300361149918136,0.33871010345586616,,15.909900000224297
outdoor,CAP,0330_0.8_0.08.jpg,19.156707539063433,0.896336555480957,7.2819940674649875,0.5252872551177636,,17.488800000137417
outdoor,CAP,0330_0.95_0.12.jpg,21.15426830667767,0.9212443828582764,7.292172474391786,0.537754787585296,,16.630499999791937
outdoor,CAP,0331_0.95_0.12.jpg,20.996305772777767,0.9378281235694885,7.130876344917857,0.5203213735417125,,16.24679999986256
outdoor,CAP,0332_0.95_0.08.jpg,21.653083247575708,0.9126107692718506,7.424105317073856,0.5398943429451905,,15.722999999979947
outdoor,CAP,0333_0.95_0.2.jpg,18.58276318328012,0.8908558487892151,7.356182928049063,0.6141492405899186,,17.372899999827496
outdoor,CAP,0334_1_0.08.jpg,22.560727344183846,0.9490432739257812,7.510898761382458,0.6094078802553379,,15.88579999997819
outdoor,CAP,0335_1_0.2.jpg,29.848398928437895,0.9777588248252869,7.393916254325507,0.6059344045784724,,16.793700000107492
outdoor,CAP,0337_0.8_0.08.jpg,14.115504395471753,0.8524580001831055,7.599768585767159,0.3847017389390271,,17.512299999907555
outdoor,CAP,0338_0.9_0.12.jpg,18.212597393345845,0.9314789175987244,7.607059201804741,0.371402157164869,,17.43080000005648
outdoor,CAP,0340_0.85_0.08.jpg,16.236653274127775,0.8518874049186707,7.330967459903794,0.4784899845916795,,17.881799999940995
outdoor,CAP,0341_0.85_0.2.jpg,19.982469567361655,0.9004836082458496,7.494937737341185,0.5247128860225723,,37.590500000078464
outdoor,CAP,0342_0.95_0.08.jpg,21.072424342829407,0.8350661396980286,7.040871706501552,0.4631917235307066,,16.082700000424666
outdoor,CAP,0343_0.95_0.2.jpg,24.753365444334527,0.9292811751365662,7.46779911477944,0.6396522121945851,,16.714399999727902
outdoor,CAP,0344_0.85_0.16.jpg,18.1649762714446,0.920859158039093,7.355983161517498,0.5295160456537213,,32.621500000004744
outdoor,CAP,0345_0.85_0.12.jpg,20.067220945695826,0.8544526100158691,7.3973713799805205,0.4974730354391371,,18.540000000029977
outdoor,CAP,0346_0.95_0.16.jpg,20.014545217469433,0.8818998336791992,7.646707095472932,0.2633399690333997,,18.65090000001146
outdoor,CAP,0348_0.8_0.2.jpg,23.85068008370999,0.8648676872253418,7.253382948424718,0.3131696527316965,,18.623200000092766
outdoor,CAP,0349_0.9_0.08.jpg,19.15615360143323,0.8717663884162903,7.487974506619314,0.45407653174076534,,16.781599999831087
outdoor,CAP,0350_0.85_0.12.jpg,22.834695768090896,0.9002478718757629,7.392420352188874,0.6603483201581027,,33.810299999913696
outdoor,CAP,0351_0.95_0.16.jpg,21.887963916885667,0.9487035274505615,7.600971089111947,0.4133936451897617,,16.756399999849236
outdoor,CAP,0353_0.9_0.12.jpg,18.674569020903693,0.8907973170280457,7.674031104600321,0.3811783338612607,,27.822699999887845
outdoor,CAP,0354_0.9_0.08.jpg,19.83846832335288,0.8686878681182861,7.5619023457870975,0.4453483742534837,,17.598099999759143
outdoor,CAP,0355_0.85_0.12.jpg,17.65210583419187,0.8782902359962463,7.701501020217989,0.21046671090466712,,17.183899999963614
outdoor,CAP,0356_0.85_0.08.jpg,20.223159878811472,0.8508341908454895,7.547515687965382,0.45055518690555185,,15.513100000134727
outdoor,CAP,0357_0.95_0.12.jpg,23.118010889215228,0.9310861229896545,7.570151030066236,0.407007299270073,,16.02069999989908
outdoor,CAP,0359_0.85_0.16.jpg,24.228541638419387,0.9302689433097839,7.491578629993292,0.31116567131165673,,15.767800000048737
outdoor,CAP,0361_0.85_0.2.jpg,23.110345825821263,0.9395427703857422,7.4265998054815565,0.5053357100415924,,29.46959999962928
outdoor,CAP,0362_0.95_0.08.jpg,24.949494968515275,0.9663584232330322,7.432502048698433,0.7151265683469074,,16.94709999992483
outdoor,CAP,0364_0.85_0.12.jpg,17.892648169362708,0.9286026358604431,7.5304404739727975,0.5155737250554324,,32.831200000146055
outdoor,CAP,0366_0.9_0.16.jpg,21.853860622583163,0.9508221745491028,7.536379933364815,0.685993145095479,,25.43450000030134
outdoor,CAP,0369_0.85_0.2.jpg,20.600119500371257,0.9118461608886719,7.3954611243228205,0.26934306569343064,,15.410599999995611
outdoor,CAP,0371_0.9_0.08.jpg,22.517223623381906,0.8977878093719482,7.722048276271516,0.41371820393718206,,15.560699999696226
outdoor,CAP,0372_0.85_0.12.jpg,23.985530562831055,0.9457831978797913,7.3652340850848335,0.5096483078964831,,15.938600000026781
outdoor,CAP,0375_0.85_0.16.jpg,22.821342524977972,0.9464306831359863,7.642322239122616,0.6451937703730533,,22.431800000049407
outdoor,CAP,0380_0.85_0.2.jpg,20.22321681991575,0.8446510434150696,7.00785335281305,0.45127124907612715,,24.409099999957107
outdoor,CAP,0382_0.9_0.08.jpg,23.663250378090822,0.9434205889701843,6.405342032678717,0.4847467374474674,,15.314199999920675
outdoor,CAP,0383_0.9_0.2.jpg,24.708353234381466,0.9397489428520203,7.259258067164654,0.3712150632538982,,12.280699999791977
outdoor,CAP,0385_0.8_0.08.jpg,18.56403364571369,0.7954151034355164,7.446066379291711,0.35328909533289093,,15.804300000127114
outdoor,CAP,0386_1_0.12.jpg,22.922895150522635,0.9054245948791504,7.435115243251504,0.3998053527980535,,17.049300000053336
outdoor,CAP,0388_0.95_0.16.jpg,25.10074496920005,0.9124295115470886,7.40413685932831,0.46441937624419377,,15.515999999934138
outdoor,CAP,0390_0.9_0.12.jpg,24.992475211082308,0.9527187347412109,7.782905907811495,0.7422848338102576,,16.59539999991466
outdoor,CAP,0391_1_0.08.jpg,21.407090996979377,0.9484122395515442,7.749513182143959,0.40150561303103677,,15.787300000283722
outdoor,CAP,0392_1_0.2.jpg,22.276593552470857,0.9464982151985168,7.613362855922577,0.4248362299465241,,26.12230000022464
outdoor,CAP,0393_1_0.2.jpg,25.20305712073047,0.9717987179756165,7.467858107850237,0.5614870011591323,,24.721199999930832
outdoor,CAP,0395_0.95_0.08.jpg,23.487251624907266,0.9506565928459167,6.146183107455698,0.473435441370224,,25.65260000028502
outdoor,CAP,0397_0.85_0.12.jpg,18.353388424219915,0.9256219863891602,7.459289216130539,0.558792302587923,,16.563900000164722
outdoor,CAP,0399_0.8_0.08.jpg,17.382146550078247,0.7790235877037048,7.2742834431345464,0.19484184914841848,,16.122399999858317
outdoor,CAP,0400_0.9_0.12.jpg,23.332385128549483,0.9359926581382751,7.381582272164136,0.4639482200647249,,12.608799999725306
outdoor,CAP,0402_0.8_0.16.jpg,25.3187428993592,0.9609160423278809,7.306733352456673,0.7738553417385534,,17.15810000041529
outdoor,CAP,0404_0.8_0.2.jpg,26.373929800175645,0.96729975938797,7.340415791363847,0.40011179758752574,,12.333599999692524
outdoor,CAP,0405_1_0.08.jpg,21.406795782852306,0.9265591502189636,7.583393912850798,0.5318505442777287,,11.677699999836477
outdoor,CAP,0406_1_0.2.jpg,25.889145537034622,0.9666728973388672,7.310676263840921,0.29301551410087306,,26.318199999877834
outdoor,CAP,0407_0.95_0.16.jpg,25.025180153226078,0.9572019577026367,7.525310603645606,0.49604888665662145,,25.08540000007997
outdoor,CAP,0409_1_0.12.jpg,21.51303152118149,0.9431009292602539,7.389247981930554,0.5372262773722628,,17.26269999971919
outdoor,CAP,0411_0.95_0.16.jpg,22.792847800318633,0.9435152411460876,7.6848916417867645,0.45252916574950475,,15.816199999790115
outdoor,CAP,0413_0.95_0.2.jpg,26.294906068841236,0.9613539576530457,7.232703785655321,0.6474496792744968,,16.2663999999495
outdoor,CAP,1001_0.8_0.16.jpg,23.031012893685197,0.9509615898132324,7.33487075890497,0.47404358353510895,,16.112799999973504
outdoor,CAP,1002_1_0.16.jpg,19.684254836032178,0.8609592914581299,7.382952900475342,0.30374642306845695,,15.630899999905523
outdoor,CAP,1005_0.8_0.12.jpg,18.88748284043555,0.9379175305366516,7.126794194689161,0.45819422051345654,,34.77999999995518
outdoor,CAP,1006_1_0.16.jpg,22.519655810557097,0.9572325348854065,7.547187451373897,0.6003697996918336,,16.04379999980665
outdoor,CAP,1007_0.95_0.08.jpg,22.408289770091084,0.934814453125,7.454260725463665,0.25978428351309707,,16.95590000008451
outdoor,CAP,1008_0.9_0.12.jpg,22.86174181926581,0.8305882811546326,7.010467196622165,0.46661677305745103,,16.97020000028715
outdoor,CAP,1009_0.85_0.12.jpg,20.8742021140413,0.8885461688041687,6.916703679575261,0.495923398635263,,16.19399999981397
outdoor,CAP,1010_0.85_0.08.jpg,16.80452025975673,0.9035544991493225,7.552905495594965,0.5747240481210467,,36.99469999992289
outdoor,CAP,1011_0.95_0.12.jpg,22.95101414880542,0.9224491119384766,7.1085904909173445,0.5345674664318733,,16.35610000039378
outdoor,CAP,1012_0.95_0.08.jpg,21.582252612484968,0.9166539311408997,7.0205976678832505,0.5906449482720669,,17.43880000003628
outdoor,CAP,1015_0.8_0.12.jpg,19.57194504195514,0.8998972773551941,7.026752731886024,0.46959718247853843,,17.128699999830133
outdoor,CAP,1016_0.9_0.16.jpg,25.075968394374062,0.9100214838981628,7.530392536970821,0.5188025533788245,,16.437199999927543
outdoor,CAP,1018_0.85_0.12.jpg,17.84106144078951,0.9294185638427734,7.761847592308832,0.4385824345146379,,17.112600000018574
outdoor,CAP,1020_0.95_0.08.jpg,17.44130398854943,0.9167745113372803,7.374204731688459,0.37322474136033457,,15.70960000026389
outdoor,CAP,1022_0.85_0.12.jpg,19.145435221700907,0.9219077229499817,7.6797729329974915,0.22836451683909312,,15.758000000005268
outdoor,CAP,1027_0.8_0.08.jpg,23.442878093833283,0.8994743227958679,7.169546791599528,0.5378824565265243,,16.23730000028445
outdoor,CAP,1030_0.95_0.12.jpg,21.226752354696213,0.9296134114265442,7.426072182985246,0.6464582874752366,,16.027300000132527
outdoor,CAP,1034_0.9_0.16.jpg,21.10043962062209,0.9204373359680176,7.560849259361076,0.2787145058331499,,16.2703999999394
outdoor,CAP,1037_0.8_0.12.jpg,16.042102618277955,0.8739197850227356,7.711826360434762,0.25972008917513006,,36.77779999998165
outdoor,CAP,1038_1_0.16.jpg,19.469711024100075,0.907093346118927,7.662397262499553,0.235159772108001,,33.41120000004594
outdoor,CAP,1040_1_0.2.jpg,24.372604404170715,0.9661867022514343,7.648650611603105,0.45093990755007707,,17.895499999667663
outdoor,CAP,1042_0.95_0.08.jpg,21.29366738873104,0.9317871928215027,7.523166304434727,0.5719568567026194,,16.44299999998111
outdoor,CAP,1044_0.85_0.12.jpg,21.275063261693553,0.8436274528503418,7.288370057173401,0.16248294078802553,,16.374599999835482
outdoor,CAP,1046_0.9_0.16.jpg,24.540916027128624,0.9157192707061768,7.381342508348155,0.41013427250715384,,16.12040000009074
outdoor,CAP,1048_0.9_0.2.jpg,23.913976991229056,0.9220349192619324,7.287404440418997,0.4755095751705921,,16.758199999912904
outdoor,CAP,1050_0.8_0.08.jpg,22.475097355781482,0.8243999481201172,7.150642458740391,0.4978428351309707,,16.227900000103546
outdoor,CAP,1051_1_0.12.jpg,21.163163339454027,0.943548858165741,7.803413008208489,0.4301782962799912,,16.143299999839655
outdoor,CAP,1053_0.95_0.16.jpg,18.508918583317197,0.9394178986549377,7.088804293090591,0.45158803339992826,,32.80650000033347
outdoor,CAP,1055_0.95_0.2.jpg,26.573724867864925,0.9610258936882019,7.191451096144398,0.7807160839160839,,45.79329999978654
outdoor,CAP,1057_0.95_0.16.jpg,25.220462747336345,0.9516535401344299,7.598303553338707,0.4638696896324015,,16.286999999920226
outdoor,CAP,1059_0.95_0.2.jpg,24.186514585081387,0.948822021484375,7.4221856404871716,0.7082060312568788,,16.764400000283786
outdoor,CAP,1060_0.85_0.16.jpg,22.02595446269775,0.9218623042106628,7.296547544504689,0.46088209807770525,,15.93959999991057
outdoor,CAP,1063_0.9_0.12.jpg,24.899497219729664,0.9539451003074646,7.5309692835084645,0.699735857362976,,17.622999999730382
outdoor,CAP,1709_0.95_0.08.jpg,17.505026381415753,0.8763954043388367,7.349748948987717,0.6063562252964427,,33.36719999970228
outdoor,CAP,1712_0.8_0.08.jpg,16.650452354018903,0.8487086892127991,7.417307094733538,0.45813716978792013,,34.20009999990725
outdoor,CAP,1713_1_0.08.jpg,18.483926125413227,0.9134938716888428,7.812771936687464,0.627627433957584,,33.064399999602756
outdoor,CAP,1714_1_0.2.jpg,20.374439331380515,0.8375070691108704,7.54251303161797,0.40571934731934733,,47.28350000004866
outdoor,CAP,1716_0.95_0.12.jpg,19.729869480364925,0.8767678737640381,7.732312318581755,0.36897974308300396,,34.86169999996491
outdoor,CAP,1718_0.9_0.2.jpg,16.525783959252802,0.8806925415992737,7.355173586446594,0.506738519212746,,45.688500000323984
outdoor,CAP,1722_0.95_0.16.jpg,26.990647045173777,0.9597558975219727,7.059168200348893,0.5112365124643433,,34.482500000194705
outdoor,CAP,1724_0.95_0.2.jpg,24.064997732128255,0.9451992511749268,7.7397037598548675,0.6023266774153541,,37.33209999973042
outdoor,CAP,1726_0.85_0.12.jpg,16.847292175159485,0.8243319392204285,7.143322903755859,0.43420083184789066,,47.31600000013714
outdoor,CAP,1728_0.9_0.12.jpg,24.65119247470239,0.9465553164482117,7.819832535109501,0.565593451568895,,33.96999999995387
outdoor,CAP,1730_0.85_0.08.jpg,24.025285943146216,0.9378184676170349,7.645973753664473,0.659814200398142,,16.595800000231975
outdoor,CAP,1731_0.85_0.2.jpg,24.09097927645079,0.9139838814735413,7.271322621931917,0.6733952665339527,,15.796499999851221
outdoor,CAP,1732_0.95_0.2.jpg,22.48594024676133,0.9103043079376221,6.835029792525248,0.5063574351978172,,34.677499999816064
outdoor,CAP,1734_1_0.08.jpg,17.81691888366754,0.8909149169921875,7.49914736416737,0.39705207413945276,,12.82100000025821
outdoor,CAP,1736_0.8_0.08.jpg,23.269172255169345,0.9575315117835999,7.806532663446997,0.7881731365496714,,34.10420000000158
outdoor,CAP,1738_1_0.2.jpg,23.50939492819489,0.9463794231414795,7.447380965250566,0.7936847327297532,,33.754900000076304
outdoor,CAP,1741_0.85_0.16.jpg,20.815494832161008,0.9245185852050781,7.513641358007161,0.6737492248542726,,33.75370000003386
outdoor,CAP,1742_0.85_0.12.jpg,23.825356619402413,0.945397138595581,7.5710388474432655,0.8486444251519286,,33.959800000047835
outdoor,CAP,1743_0.85_0.08.jpg,16.890672420465542,0.8548353314399719,7.478053949256669,0.28357683244449955,,34.230899999784015
outdoor,CAP,1744_0.85_0.08.jpg,19.588770751556947,0.8323287963867188,7.249906186388747,0.6502751485802333,,16.626499999802036
outdoor,CAP,1747_0.8_0.16.jpg,20.811641870616437,0.9281368255615234,7.150025420846299,0.39428655486907915,,12.895300000309362
outdoor,CAP,1749_0.8_0.2.jpg,22.756802089604186,0.9015141129493713,7.161068280837745,0.4989854892719831,,35.016799999993964
outdoor,CAP,1753_0.9_0.08.jpg,20.02916157010072,0.8954781889915466,7.343182372137072,0.4625127184251272,,16.44480000004478
outdoor,CAP,1756_0.9_0.12.jpg,21.94670594169939,0.9448509216308594,7.345337257237984,0.5934793187347932,,16.383800000312476
outdoor,CAP,1757_0.85_0.16.jpg,22.687457646262423,0.9633966088294983,7.0718763525505555,0.530148197301482,,22.590000000036525
outdoor,CAP,1759_0.8_0.12.jpg,22.085691292150837,0.9246233105659485,7.402740164702477,0.3819992558601017,,36.4027000000533
outdoor,CAP,1760_1_0.16.jpg,20.951328173520487,0.8727185130119324,7.368555454153362,0.2679895820414238,,33.126000000265776
outdoor,CAP,1765_0.85_0.12.jpg,19.67012417480457,0.9150956273078918,7.393609022712189,0.4506015130844599,,34.22820000014326
outdoor,CAP,1771_1_0.08.jpg,19.39402467721989,0.9326143264770508,7.671505609973641,0.6448426150121065,,16.77609999978813
outdoor,CAP,1774_0.95_0.2.jpg,24.206369594051218,0.9418427348136902,7.524559824728972,0.5688403819918144,,35.39169999976366
outdoor,CAP,1778_0.9_0.08.jpg,19.453278699866562,0.9380717277526855,7.743558448624562,0.6484525643847677,,16.07899999999063
outdoor,CAP,1781_0.8_0.2.jpg,21.76264676363577,0.9562004208564758,7.318067384596093,0.434950473255558,,15.976399999999558
outdoor,CAP,1784_0.8_0.08.jpg,20.734802514301997,0.9359517693519592,7.620092521977823,0.4076205150781422,,16.7421999999533
outdoor,CAP,1790_1_0.16.jpg,22.685058769452844,0.8909254670143127,7.702026453315698,0.5513853404440034,,33.207299999958195
outdoor,CAP,1800_1_0.16.jpg,19.77549545945845,0.9397750496864319,7.603616429646962,0.6446756790276572,,34.27770000007513
outdoor,CAP,1805_0.85_0.12.jpg,17.89618530823282,0.8515395522117615,7.054118715160824,0.2783430484931167,,33.485100000234524
outdoor,CAP,1812_1_0.16.jpg,19.06442749256935,0.8552245497703552,7.191888986203659,0.5922406547224065,,16.89200000009805
outdoor,CAP,1815_1_0.2.jpg,21.26174763115204,0.8847318291664124,7.633199970248894,0.57683284457478,,11.9739000001573
outdoor,CAP,1818_0.85_0.12.jpg,24.17179171448567,0.9457488059997559,7.667067733903906,0.6144462358923478,,33.53449999985969
outdoor,CAP,1821_0.8_0.08.jpg,17.084645975793006,0.8859263062477112,7.6076025873278,0.4281179837112041,,17.212199999903532
outdoor,CAP,1822_1_0.08.jpg,19.49763999447157,0.9021442532539368,7.392388653591197,0.48814439797490644,,16.08680000026652
outdoor,CAP,1824_0.95_0.08.jpg,17.68232782238473,0.6943895220756531,6.482206803027749,0.3288663878494387,,15.484100000321632
outdoor,CAP,1826_0.9_0.08.jpg,22.998758421510704,0.9163656234741211,7.698840890845993,0.6938058551617874,,15.533699999650707
outdoor,CAP,1828_0.85_0.08.jpg,18.535723521850752,0.9402487277984619,7.645137745878823,0.5504336341624477,,15.769900000123016
outdoor,CAP,1831_0.8_0.16.jpg,21.432789209937336,0.9067063331604004,7.639421981037742,0.4866224286662243,,16.88949999970646
outdoor,CAP,1832_0.95_0.08.jpg,22.434991198938718,0.9501665234565735,7.309521310261279,0.5604358353510895,,16.223400000399124
outdoor,CAP,1834_1_0.08.jpg,16.592867113341807,0.9007781147956848,7.752708056287887,0.42597084980237154,,35.82460000006904
outdoor,CAP,1837_0.9_0.08.jpg,18.34157633911286,0.7771137356758118,6.973494825024261,0.2926172132951794,,16.034899999795016
outdoor,CAP,1839_0.8_0.12.jpg,25.081812320128787,0.9263229966163635,7.408345711183719,0.6576051067576492,,16.561999999794352
outdoor,CAP,1840_0.85_0.08.jpg,17.847625487950623,0.9334273338317871,7.448462334153849,0.6335867146036638,,24.45820000002641
outdoor,CAP,1843_0.8_0.12.jpg,22.580321870211083,0.8602545857429504,7.503574719226919,0.6090072639225181,,17.18959999971048
outdoor,CAP,1845_0.9_0.08.jpg,18.533475215274635,0.9163281321525574,7.63122078453112,0.543596676175121,,34.206599999834
outdoor,CAP,1846_0.9_0.08.jpg,20.1979159441972,0.8622451424598694,7.061322555556879,0.48176975566806074,,15.969900000072812
outdoor,CAP,1848_0.8_0.12.jpg,21.296803096147798,0.9384090304374695,7.187432200060111,0.6225445740699977,,16.566100000090955
outdoor,CAP,1849_1_0.12.jpg,22.81560887467938,0.953503429889679,7.578837323170593,0.6766233766233766,,17.391399999723944
outdoor,CAP,1851_0.85_0.08.jpg,25.509833888985618,0.9395207762718201,7.142722085097508,0.5943913713405239,,16.31649999990259
outdoor,CAP,1852_0.85_0.08.jpg,18.995631515223675,0.9032626152038574,7.341937758934261,0.38082764692934185,,16.6957999999795
outdoor,CAP,1853_0.85_0.08.jpg,15.498390321682468,0.8993151783943176,7.7338416348147145,0.4161403943941461,,34.86720000000787
outdoor,CAP,1855_0.9_0.08.jpg,18.740222246592758,0.8928845524787903,7.499527063865717,0.4083393837492198,,26.403599999866856
outdoor,CAP,1857_0.8_0.12.jpg,19.088514271155553,0.8807428479194641,6.9095323840493075,0.4144481309444813,,15.725999999631313
outdoor,CAP,1858_0.95_0.08.jpg,21.960012707036284,0.9030201435089111,7.525286908599767,0.5476136363636364,,34.2529999998078
outdoor,CAP,1859_0.85_0.16.jpg,16.283249427507567,0.9163452982902527,6.798646065276881,0.37966017611310926,,36.19359999993321
outdoor,CAP,1861_0.85_0.2.jpg,21.036924338446674,0.9240733981132507,7.5884547713916595,0.2991749011857707,,38.07609999967099
outdoor,CAP,1862_0.8_0.12.jpg,18.80267724993892,0.8637676239013672,7.0023353967275845,0.5694688735177865,,37.94639999978244
outdoor,CAP,1863_1_0.08.jpg,16.2586032226631,0.8479569554328918,7.532869715862937,0.5660827790096082,,34.74430000005668
outdoor,CAP,1865_0.85_0.08.jpg,16.760867507110703,0.9020819664001465,7.30352703488425,0.7121862527716186,,18.764300000384537
outdoor,CAP,1867_0.8_0.2.jpg,20.40448278684938,0.9190511703491211,7.531337248164827,0.6885720620842573,,17.550999999912165
outdoor,CAP,1868_1_0.08.jpg,26.978006981428,0.9566459655761719,6.5490683346240965,0.4727847821278478,,17.5982999999178
outdoor,CAP,1869_1_0.2.jpg,24.325628353366852,0.9803023934364319,7.73862205105107,0.9489412282632622,,16.465400000015507
outdoor,CAP,1871_0.95_0.08.jpg,23.343037403313183,0.9252813458442688,7.658078338739887,0.8875412722870349,,16.04429999997592
outdoor,CAP,1872_0.95_0.08.jpg,17.12630474423499,0.8898605704307556,7.5959031489035125,0.37026194144838215,,16.70319999993808
outdoor,CAP,1873_0.85_0.16.jpg,20.314796220544487,0.9376425743103027,7.770409834055283,0.5395641646489104,,16.58190000034665
outdoor,CAP,1874_0.85_0.12.jpg,20.521944541090313,0.9125311970710754,7.519665681597332,0.5862817960628179,,15.55529999995997
outdoor,CAP,1875_0.85_0.08.jpg,19.521166344545886,0.9127416610717773,7.487542869397981,0.5423136474231365,,15.624000000116212
outdoor,CAP,1876_1_0.16.jpg,22.684506470085466,0.878526508808136,7.43980544420564,0.6701880115018801,,15.749899999718764
outdoor,CAP,1877_0.9_0.12.jpg,23.907561484923733,0.8897473216056824,7.10794612081584,0.37499668214996684,,22.175099999913073
outdoor,CAP,1878_0.9_0.12.jpg,17.955804350447597,0.882058322429657,7.723611277806134,0.2550055297500553,,17.267800000354327
outdoor,CAP,1879_0.9_0.08.jpg,20.99386652231712,0.880540668964386,7.411687460304741,0.5561955319619554,,16.444200000023557
outdoor,CAP,1880_0.9_0.08.jpg,24.414969188846097,0.9279527068138123,7.488492897079101,0.5808007078080071,,16.28019999998287
outdoor,CAP,1881_0.8_0.16.jpg,23.60570484187276,0.9545957446098328,7.73603089890574,0.8128488155773286,,34.6041999996487
outdoor,CAP,1882_0.85_0.2.jpg,23.818578722850297,0.9303955435752869,6.851739579757557,0.4289183808891838,,16.659399999753077
outdoor,CAP,1883_0.8_0.12.jpg,17.337482219043466,0.8863234519958496,7.338781504713087,0.3860721815701352,,36.394299999756186
outdoor,CAP,1887_0.95_0.08.jpg,26.550836358661414,0.9485974907875061,6.024851265241243,0.4388940499889405,,15.476899999612215
outdoor,CAP,1889_0.85_0.08.jpg,19.85206421340251,0.8942396640777588,7.358027355622594,0.5267137393350986,,12.195499999961612
outdoor,CAP,1891_0.9_0.16.jpg,22.16927444607745,0.8823139071464539,7.572025934446352,0.40724618447246186,,16.13420000012411
outdoor,CAP,1893_0.9_0.2.jpg,24.69580168908458,0.8701227307319641,7.349393966166217,0.36916611369166114,,16.77109999991444
outdoor,CAP,1896_0.9_0.08.jpg,21.65405294362154,0.9035367965698242,7.70081938203142,0.7627690953114682,,15.856600000006438
outdoor,CAP,1898_0.85_0.08.jpg,18.276135045911392,0.8638922572135925,7.395854711998932,0.30716707021791767,,16.04449999967983
outdoor,CAP,1899_0.8_0.08.jpg,23.993718144266225,0.9149747490882874,7.651431085774019,0.5975757575757575,,16.197400000237394
outdoor,CAP,1900_0.8_0.08.jpg,22.682423004936844,0.9153270721435547,6.428639528045107,0.4558681707586817,,16.50130000007266
outdoor,CAP,1903_0.95_0.08.jpg,22.48678571528658,0.9270855784416199,7.81682630519036,0.7608714886087149,,16.100899999855756
outdoor,CAP,1909_0.85_0.2.jpg,20.57409486413526,0.9123156070709229,7.6938992118063245,0.4017636115589731,,35.25129999979981
outdoor,CAP,1913_0.95_0.08.jpg,23.23231349178952,0.9401881098747253,7.778443838601166,0.7463350209112921,,15.692300000409887
outdoor,CAP,1915_1_0.08.jpg,16.577089663443022,0.8522805571556091,7.033755061982579,0.1694682159945318,,31.45909999966534
outdoor,CAP,1917_0.95_0.2.jpg,26.90300128588096,0.9287026524543762,7.309303702477248,0.5974199134199134,,29.52480000021751
outdoor,CAP,1919_1_0.08.jpg,18.61855625677023,0.9172236919403076,7.083951570981825,0.7529799593377868,,31.961300000148185
outdoor,CAP,1920_0.95_0.16.jpg,19.66237856199463,0.9406366348266602,7.183715691623156,0.7089247178469552,,33.41139999974985
outdoor,CAP,1921_0.95_0.08.jpg,22.43538665151963,0.9118853211402893,7.256205322706382,0.5383714445064138,,30.720900000233087
outdoor,CAP,1923_0.9_0.08.jpg,22.183147573443026,0.9170308709144592,7.174869352615125,0.417442218798151,,15.841200000068056
outdoor,CAP,1924_0.85_0.12.jpg,20.48089270061386,0.8965761065483093,6.7007256126078065,0.3738562252964427,,34.03630000002522
outdoor,CAP,1926_0.9_0.16.jpg,22.839368646182102,0.9644904732704163,7.553293944483097,0.7449679274496793,,15.985600000021805
outdoor,CAP,1927_0.9_0.08.jpg,18.955540911310486,0.8381733894348145,6.558184182459593,0.4965405883654059,,15.995499999917229
outdoor,CAP,1928_0.9_0.08.jpg,20.634789665433466,0.954823911190033,7.420888953862562,0.7373568424458105,,25.506700000278215
outdoor,CAP,1930_0.8_0.08.jpg,17.07495284993402,0.9344527721405029,7.039193247609434,0.3082106366256222,,12.908300000162853
outdoor,CAP,1931_0.8_0.08.jpg,17.511750406235183,0.916902482509613,7.504622955756244,0.5612121212121212,,13.04019999997763
outdoor,CAP,1932_0.8_0.2.jpg,20.088853233317746,0.937576949596405,7.550711366901742,0.4119905742279549,,34.49019999970915
outdoor,CAP,1933_0.8_0.2.jpg,21.238914439011566,0.9499354362487793,7.535939224287303,0.6816623376623376,,23.933800000122574
outdoor,CAP,1934_1_0.08.jpg,20.812076992272846,0.9154122471809387,7.641715288348073,0.5152399911523999,,16.14530000006198
outdoor,CAP,1936_0.95_0.08.jpg,20.33107018147547,0.9172213077545166,7.077416038528465,0.8532291437376183,,16.582300000209216
outdoor,CAP,1938_0.85_0.12.jpg,18.772470406301217,0.9315239787101746,7.565376684560002,0.337087160262418,,22.826100000202132
outdoor,CAP,1940_0.9_0.16.jpg,22.151551591969,0.9635593295097351,7.386865108238893,0.5762931354359926,,22.50340000000506
outdoor,CAP,1942_0.85_0.08.jpg,19.48846778627502,0.9041130542755127,7.35478417354211,0.5084697910784868,,30.488399999740068
outdoor,CAP,1944_0.9_0.16.jpg,18.516358166006157,0.9207301735877991,7.668541377107031,0.3581335478680611,,25.27250000002823
outdoor,CAP,1945_0.9_0.12.jpg,18.04432180480864,0.9298095107078552,7.442913517721732,0.7694094226940942,,16.38150000007954
outdoor,CAP,1947_0.8_0.16.jpg,19.47763948945701,0.9215371608734131,7.384812283599844,0.4120078837152008,,13.73299999977462
outdoor,CAP,1949_0.8_0.2.jpg,27.666448496545534,0.9702703952789307,7.2544303054293655,0.5049856226498562,,16.03479999994306
outdoor,CAP,1950_1_0.08.jpg,23.19443869666653,0.973177969455719,7.375706619209262,0.8471077379970302,,25.39200000001074
outdoor,CAP,1953_0.8_0.2.jpg,21.03663586019539,0.9575856328010559,7.300763957092853,0.7321121170780107,,34.530699999777426
outdoor,CAP,1954_1_0.08.jpg,23.86728040075824,0.9127436280250549,7.409872807619698,0.4222442268431926,,33.70280000035564
outdoor,CAP,1956_0.8_0.12.jpg,23.089766582610093,0.9550281167030334,7.319906420604715,0.38227210715614535,,33.85900000012043
outdoor,CAP,1958_0.9_0.08.jpg,22.027404543075523,0.969071090221405,6.9317026873898175,0.7439216172640456,,32.83740000006219
outdoor,CAP,1960_0.85_0.2.jpg,23.948380871862966,0.9427788853645325,6.667663105297748,0.4692722848927228,,16.052899999976944
outdoor,CAP,1962_0.9_0.08.jpg,21.24022091688571,0.8893762230873108,7.376806066360192,0.34046007520460075,,15.45090000035998
outdoor,CAP,1964_0.85_0.2.jpg,23.426186489082973,0.9489099979400635,7.354194399340849,0.5815806145074438,,27.384299999994255
outdoor,CAP,1966_0.9_0.08.jpg,17.73167918095975,0.8161730170249939,7.477023367666951,0.46574950473255555,,15.942800000175339
outdoor,CAP,1968_0.8_0.12.jpg,17.382765909669637,0.8845431208610535,7.603437537787709,0.28357473035439135,,16.247999999905005
outdoor,CAP,1970_0.9_0.08.jpg,23.076058753156733,0.8734130859375,7.388506315228501,0.5424741360334581,,16.415500000221073
outdoor,CAP,1971_1_0.08.jpg,24.253255708078584,0.9521977305412292,7.709778322239971,0.6471230464450803,,16.498399999818503
outdoor,CAP,1973_0.95_0.08.jpg,19.492835575297352,0.9305331707000732,7.83205817221245,0.5467444419986793,,15.529500000411645
outdoor,CAP,1975_0.85_0.12.jpg,21.4352941328615,0.9483621716499329,7.1732952882759315,0.2587713648749071,,14.827900000000227
outdoor,CAP,1977_0.8_0.08.jpg,16.10810633151263,0.8795866966247559,7.448690523350542,0.5772132951793969,,17.01649999995425
outdoor,CAP,1981_0.8_0.2.jpg,19.36277976628289,0.9454083442687988,7.507581263848706,0.5796928412187268,,15.189799999916431
outdoor,CAP,1982_1_0.08.jpg,23.483547366879115,0.9554113745689392,7.620086912654248,0.522655437205846,,14.193099999829428
outdoor,CAP,1984_0.85_0.08.jpg,16.584858034766675,0.7422667145729065,7.194590751146307,0.29026634382566585,,17.394299999978102
outdoor,CAP,1986_0.9_0.08.jpg,17.978877016372227,0.8469814658164978,7.234611679430921,0.4359101915034118,,15.515399999912916
outdoor,CAP,1988_0.8_0.12.jpg,21.14332657296878,0.9280816912651062,7.452168761617105,0.45973899579738997,,16.021700000237615
outdoor,Hybrid,0001_0.8_0.2.jpg,15.721054952385805,0.8742420077323914,7.519315352885843,0.6085362095531587,,31.26879999990706
outdoor,Hybrid,0002_0.8_0.08.jpg,15.325753812257702,0.7602526545524597,7.580609614894005,0.7559057891261282,,29.64269999984026
outdoor,Hybrid,0003_0.8_0.2.jpg,16.53458500646507,0.8024274706840515,7.279369385834868,0.49033833480435424,,22.234000000025844
outdoor,Hybrid,0004_0.9_0.12.jpg,13.228884524788441,0.783869206905365,7.631057033439153,0.8346819282412503,,29.507400000056805
outdoor,Hybrid,0006_0.85_0.08.jpg,13.300479743940931,0.7664380073547363,7.75397933653992,0.7165309267004182,,30.515100000229722
outdoor,Hybrid,0007_0.9_0.16.jpg,18.41557093763296,0.832584798336029,7.357717778932535,0.7146981292517007,,31.370899999728863
outdoor,Hybrid,0009_0.8_0.16.jpg,19.459587244262767,0.8706626892089844,7.564539515194046,0.7674356152322254,,29.756599999927857
outdoor,Hybrid,0010_0.95_0.16.jpg,20.80468679412407,0.8662881255149841,7.524932987887439,0.6998327096632181,,30.8629999999539
outdoor,Hybrid,0011_0.95_0.16.jpg,17.329979249180123,0.8030990958213806,7.432242794646059,0.550891481399956,,31.20119999994131
outdoor,Hybrid,0014_0.8_0.12.jpg,15.45658209698729,0.7869629859924316,7.509941248378308,0.7222980409421087,,30.464800000117975
outdoor,Hybrid,0016_0.8_0.08.jpg,14.651955635468326,0.8034133911132812,7.778080931404836,0.7344265903587938,,30.617500000062137
outdoor,Hybrid,0017_0.9_0.08.jpg,15.675815277161982,0.7430238723754883,7.666854584010403,0.773201581027668,,37.98529999994571
outdoor,Hybrid,0018_0.9_0.2.jpg,14.429959693309144,0.8192587494850159,7.541775657286158,0.7018514596883981,,47.713999999814405
outdoor,Hybrid,0019_0.8_0.16.jpg,14.833703505744522,0.8268077373504639,7.675077840663662,0.7362755888179617,,29.3562000001657
outdoor,Hybrid,0021_0.8_0.08.jpg,11.189728153217,0.7201431393623352,7.514891711935803,0.7283865287255118,,31.416599999829486
outdoor,Hybrid,0022_0.8_0.08.jpg,10.781054526139132,0.6844478249549866,7.456872894268595,0.7697600704380365,,30.71910000016942
outdoor,Hybrid,0023_0.85_0.12.jpg,14.676403894352552,0.8086850643157959,7.302117828931921,0.4089852520360995,,30.88190000016766
outdoor,Hybrid,0024_0.85_0.08.jpg,13.962199247350283,0.7521993517875671,7.264812899021465,0.43031917235307066,,30.194899999969493
outdoor,Hybrid,0025_0.8_0.16.jpg,17.9331818211796,0.8565278649330139,7.647375866972498,0.6579616993176315,,30.459699999937584
outdoor,Hybrid,0026_0.95_0.08.jpg,16.683422744471542,0.8432152271270752,7.678464038421767,0.5567114241690513,,30.73919999997088
outdoor,Hybrid,0029_0.85_0.08.jpg,14.202633476860782,0.8039088845252991,7.633662862945941,0.6216376843495488,,30.579299999772047
outdoor,Hybrid,0030_0.95_0.12.jpg,19.863038392666628,0.8765564560890198,7.80675835141934,0.8256350429231785,,30.753699999877426
outdoor,Hybrid,0033_0.85_0.08.jpg,16.204287967686447,0.840019702911377,7.630187507455335,0.6481752146158926,,30.47500000002401
outdoor,Hybrid,0034_0.9_0.16.jpg,14.89970627240287,0.8141947388648987,7.46424088317596,0.574488223640766,,29.407999999875756
outdoor,Hybrid,0036_1_0.08.jpg,10.955795026077057,0.7112777829170227,7.363335424732483,0.6979925159586177,,31.485699999848293
outdoor,Hybrid,0039_0.9_0.2.jpg,17.57994587308557,0.8478198051452637,7.719872433002262,0.7658331499009465,,30.118099999981496
outdoor,Hybrid,0040_1_0.08.jpg,16.198753745270405,0.8357953429222107,7.776687584830824,0.807756988773938,,29.813900000135618
outdoor,Hybrid,0042_0.8_0.2.jpg,13.759892318718435,0.8192136287689209,7.392687800165152,0.8037256604241597,,57.684799999606184
outdoor,Hybrid,0045_0.8_0.16.jpg,9.770199812324417,0.6373974084854126,7.356355675484151,0.6463834530592024,,57.67439999999624
outdoor,Hybrid,0046_0.9_0.16.jpg,15.291081413136249,0.721360981464386,7.214617219404357,0.6750429231785164,,30.711799999608047
outdoor,Hybrid,0047_0.9_0.12.jpg,18.716615568898472,0.7532818913459778,7.231995406721006,0.8175051485731097,,21.949899999981426
outdoor,Hybrid,0048_0.9_0.2.jpg,14.453316020191046,0.754631519317627,7.508422448003761,0.6864230684569668,,30.003999999735242
outdoor,Hybrid,0049_0.85_0.12.jpg,14.898664987360462,0.7754206657409668,7.628337442345661,0.8663564435336977,,50.395600000229024
outdoor,Hybrid,0051_0.8_0.2.jpg,17.18868952384299,0.8682394027709961,7.58091705852124,0.7100287547002876,,29.878999999709777
outdoor,Hybrid,0051_0.95_0.12.jpg,22.547100557477012,0.8668033480644226,7.299293043301315,0.7122273833222739,,30.297100000098
outdoor,Hybrid,0052_0.9_0.16.jpg,18.401546300242188,0.8461431860923767,7.319422564076385,0.6003787878787878,,46.4006000001973
outdoor,Hybrid,0053_0.9_0.12.jpg,19.351582104164045,0.8604353070259094,7.137757585471742,0.6169152691968226,,32.26429999995162
outdoor,Hybrid,0054_0.85_0.16.jpg,13.957907137368384,0.7991700172424316,7.588763200434441,0.859942490599425,,30.854200000248966
outdoor,Hybrid,0055_0.85_0.12.jpg,15.017914141369562,0.742382824420929,7.540100635462583,0.7537882456526525,,30.346300000019255
outdoor,Hybrid,0056_0.8_0.16.jpg,12.157215581352347,0.6946227550506592,7.500200509863528,0.6692533485323454,,51.693299999897135
outdoor,Hybrid,0057_0.8_0.12.jpg,16.38778936862963,0.7775245308876038,7.6650205338861275,0.9265859564164649,,31.392699999742035
outdoor,Hybrid,0058_0.8_0.2.jpg,22.051849555608854,0.9017936587333679,7.540525971238874,0.826330836318894,,47.85330000004251
outdoor,Hybrid,0059_0.9_0.12.jpg,18.34394751110346,0.7953346371650696,7.826935085457681,0.7754655513977547,,30.78140000025087
outdoor,Hybrid,0060_0.9_0.2.jpg,12.06887997373704,0.7132495045661926,7.41265221324535,0.570234266739875,,96.60770000027696
outdoor,Hybrid,0061_0.8_0.2.jpg,14.576502033219402,0.7222719192504883,7.502996637237294,0.7092434017595308,,25.591899999653833
outdoor,Hybrid,0062_0.9_0.2.jpg,14.66945013435405,0.8015706539154053,7.656710338677029,0.7979396874312129,,31.703600000128063
outdoor,Hybrid,0063_0.8_0.16.jpg,17.60528285873122,0.8437490463256836,7.704863079044015,0.679207572088928,,33.41800000043804
outdoor,Hybrid,0064_0.8_0.2.jpg,17.53019982071206,0.8746387362480164,7.5738411525949365,0.6259344045784724,,32.00020000031145
outdoor,Hybrid,0065_0.9_0.12.jpg,22.8648609861748,0.9149143099784851,7.599423737677005,0.8108383101083831,,32.84830000029615
outdoor,Hybrid,0066_1_0.08.jpg,8.919976454464358,0.6590003371238708,7.084141876073024,0.3460840854061193,,40.64269999980752
outdoor,Hybrid,0068_1_0.16.jpg,17.96812331050773,0.856013298034668,7.701052071337036,0.733826581027668,,69.19580000021597
outdoor,Hybrid,0069_0.9_0.16.jpg,20.603590942224905,0.8865917325019836,7.560976046669312,0.6398764342453663,,25.546899999881134
outdoor,Hybrid,0070_0.9_0.12.jpg,15.01341474325011,0.7844093441963196,7.573868804677859,0.8002325205877604,,51.4207000001079
outdoor,Hybrid,0071_0.8_0.2.jpg,17.01253742358673,0.8360597491264343,7.838800058582433,0.8017916390179164,,33.515799999804585
outdoor,Hybrid,0072_0.9_0.2.jpg,19.280948067022745,0.6409516334533691,7.3818601619515665,0.7998823183289203,,23.757100000239006
outdoor,Hybrid,0073_0.8_0.16.jpg,13.886393684109706,0.6045039296150208,7.550655315295833,0.7089148139995598,,33.51280000015322
outdoor,Hybrid,0074_0.8_0.2.jpg,18.30545120899732,0.7907114028930664,7.370782586838986,0.49908966885774525,,60.7359999999062
outdoor,Hybrid,0075_0.8_0.2.jpg,15.181875273939283,0.853793203830719,7.684092454389649,0.8048443507379387,,72.49980000005962
outdoor,Hybrid,0076_0.8_0.2.jpg,19.205611404083072,0.882594883441925,7.584660917828035,0.8521212121212122,,36.15040000022418
outdoor,Hybrid,0076_1_0.16.jpg,20.052551908889185,0.8710511326789856,7.574632251611456,0.8592592592592593,,29.015099999924132
outdoor,Hybrid,0077_0.8_0.2.jpg,16.626272931938363,0.7745022773742676,7.352769940924951,0.3997721864519435,,70.57420000001002
outdoor,Hybrid,0079_0.8_0.12.jpg,13.861882600973022,0.8188437819480896,7.6258596630858,0.7623948932423509,,33.464399999957095
outdoor,Hybrid,0081_0.8_0.2.jpg,12.828196680866942,0.6809342503547668,7.6217100624636,0.8889063221042917,,50.12639999995372
outdoor,Hybrid,0082_0.85_0.16.jpg,18.409946839233477,0.812757670879364,7.446623511131357,0.65735857362976,,33.92329999996946
outdoor,Hybrid,0083_0.85_0.12.jpg,15.114944215749164,0.7296526432037354,7.445131374531471,0.6973321593660576,,36.35229999963485
outdoor,Hybrid,0084_0.95_0.16.jpg,19.602048145198935,0.8729712963104248,7.765864551683537,0.8534024713150927,,35.530000000107975
outdoor,Hybrid,0085_0.95_0.08.jpg,20.588485722467563,0.8283138871192932,7.241700043300565,0.618102766798419,,66.54539999999542
outdoor,Hybrid,0086_0.8_0.2.jpg,19.972051564769146,0.8642677664756775,7.6944646571221265,0.7384459608188422,,39.289499999995314
outdoor,Hybrid,0086_0.95_0.12.jpg,20.556531187295015,0.8611043095588684,7.740169160444052,0.7547303543913714,,34.123599999929866
outdoor,Hybrid,0087_0.9_0.16.jpg,13.293838575884536,0.7788428664207458,7.5628788734030845,0.8150322901142574,,51.091599999836035
outdoor,Hybrid,0088_0.9_0.12.jpg,20.133610613087907,0.8407621383666992,6.9240758590361535,0.6516036275160363,,31.7218000000139
outdoor,Hybrid,0089_0.9_0.2.jpg,14.974683237706214,0.8361691832542419,7.4319384446952235,0.5565251361413517,,67.81259999979738
outdoor,Hybrid,0090_0.85_0.12.jpg,16.913733728157226,0.8784187436103821,7.5892368240178705,0.8245778065351019,,47.486400000252615
outdoor,Hybrid,0091_0.85_0.2.jpg,15.815259496747602,0.8219632506370544,7.344737376429319,0.7896435861202701,,48.628500000177155
outdoor,Hybrid,0092_0.85_0.2.jpg,17.219601356030118,0.8681095242500305,7.600417434685308,0.7714582062233069,,50.08190000035029
outdoor,Hybrid,0093_0.8_0.08.jpg,13.745803025953302,0.7642717361450195,7.476550999682404,0.814554259300022,,32.659099999818864
outdoor,Hybrid,0094_0.8_0.2.jpg,16.224845405435417,0.8287141919136047,7.534866375260609,0.5766145718688092,,31.175399999938236
outdoor,Hybrid,0095_0.8_0.08.jpg,19.264368675264294,0.8547916412353516,7.674485244649528,0.7896969696969697,,32.60450000016135
outdoor,Hybrid,0096_0.8_0.2.jpg,16.225778245664934,0.8520823121070862,7.636910693756586,0.8595885865958859,,30.50840000014432
outdoor,Hybrid,0097_0.85_0.08.jpg,14.861970578250034,0.7631416320800781,7.4911786140580165,0.7072903367818623,,32.15839999984382
outdoor,Hybrid,0098_0.85_0.2.jpg,17.865364852025458,0.894724428653717,7.4596892530412555,0.6704329667269943,,68.15669999969032
outdoor,Hybrid,0099_0.9_0.16.jpg,22.32972903349991,0.9098074436187744,7.700506359186367,0.8134946319412338,,58.21090000017648
outdoor,Hybrid,0100_0.9_0.12.jpg,15.043789606336844,0.7666398882865906,7.614711364107957,0.7713470471134705,,31.20310000031168
outdoor,Hybrid,0101_0.9_0.08.jpg,15.439463024819048,0.7262056469917297,7.678144944886405,0.7105374692874693,,49.05399999961446
outdoor,Hybrid,0102_0.85_0.12.jpg,11.05385469208044,0.7102097868919373,7.194694654334013,0.4616276163698844,,48.19369999995615
outdoor,Hybrid,0104_0.95_0.12.jpg,12.75157879335884,0.7616228461265564,7.220086226084877,0.5569242217536897,,60.74979999993957
outdoor,Hybrid,0105_0.95_0.2.jpg,16.076139023960717,0.8367670178413391,7.605305441730314,0.6844263902507354,,53.91380000037316
outdoor,Hybrid,0106_0.9_0.08.jpg,15.810166136177495,0.7497045993804932,7.73030424825399,0.8329517939687431,,31.307100000049104
outdoor,Hybrid,0107_0.9_0.08.jpg,11.69936862914356,0.7251313328742981,7.076932469976524,0.7512187569121875,,35.37359999972978
outdoor,Hybrid,0108_0.8_0.16.jpg,19.667904556151136,0.8206734657287598,7.456468946265372,0.6589050499154113,,54.58039999984976
outdoor,Hybrid,0108_1_0.2.jpg,20.951552204346147,0.8045432567596436,7.2721728589042325,0.6484409203677579,,55.00740000024962
outdoor,Hybrid,0109_0.85_0.08.jpg,18.42920877308032,0.8381382822990417,7.6319983575366415,0.8547011094552078,,45.202400000107446
outdoor,Hybrid,0110_0.8_0.12.jpg,16.623482091605407,0.7221947312355042,7.522167519569808,0.8530517246364241,,42.2048000000359
outdoor,Hybrid,0111_0.8_0.2.jpg,17.532337752702574,0.7968683838844299,7.58905353354904,0.6249913301956899,,59.75510000007489
outdoor,Hybrid,0112_0.8_0.2.jpg,12.432008704612773,0.6623600721359253,7.364495720228632,0.7686441220458923,,51.66090000011536
outdoor,Hybrid,0113_0.9_0.08.jpg,21.754388932347396,0.6773905754089355,6.840220759335422,0.8723424021234241,,31.301500000154192
outdoor,Hybrid,0115_0.8_0.12.jpg,19.950462384330656,0.8937340378761292,7.574991406227745,0.7483381025753907,,30.595399999583606
outdoor,Hybrid,0116_0.9_0.16.jpg,13.95807591939614,0.7283874154090881,7.582477602682105,0.6315267270246806,,60.92480000006617
outdoor,Hybrid,0117_0.9_0.12.jpg,13.289262010265963,0.7066500782966614,7.497736784885855,0.7148852784323453,,60.535300000083225
outdoor,Hybrid,0118_0.9_0.2.jpg,19.898163961696508,0.8616490364074707,7.465367608320077,0.7654286242902298,,56.86040000000503
outdoor,Hybrid,0119_0.85_0.12.jpg,18.041885495183607,0.8214481472969055,7.380277990057685,0.7451725006295643,,58.86599999985265
outdoor,Hybrid,0120_0.85_0.08.jpg,11.108952441662003,0.6649759411811829,7.140107347027888,0.7528072895858867,,64.42800000013449
outdoor,Hybrid,0121_0.85_0.2.jpg,15.920424471129195,0.8083565831184387,7.559927250298668,0.7008061194468962,,23.96519999956581
outdoor,Hybrid,0123_1_0.08.jpg,17.409412957141452,0.7044901847839355,7.601844836366708,0.8643036090785068,,58.74649999987014
outdoor,Hybrid,0125_0.8_0.12.jpg,13.644758468642049,0.7287988066673279,7.215030960548188,0.7049409606786656,,58.349299999918
outdoor,Hybrid,0126_0.8_0.2.jpg,16.44798406342726,0.8481931686401367,7.211658012420149,0.7021278478212785,,32.17140000015206
outdoor,Hybrid,0127_0.8_0.2.jpg,12.53159317590864,0.7537912726402283,7.61705079367163,0.6845520902455209,,33.10079999982918
outdoor,Hybrid,0129_0.8_0.16.jpg,16.573548251693488,0.8182350993156433,7.700791097710723,0.8236988530321265,,65.2288999999655
outdoor,Hybrid,0131_0.95_0.08.jpg,17.723537954114043,0.8337175250053406,7.517447524888638,0.6982566585956417,,33.041400000001886
outdoor,Hybrid,0132_1_0.08.jpg,13.330388930009136,0.798217236995697,7.447155316092152,0.6801320713185119,,30.556700000033743
outdoor,Hybrid,0133_1_0.2.jpg,17.664960560026316,0.8520771861076355,7.475459224231463,0.6399295619634603,,31.968899999810674
outdoor,Hybrid,0134_0.95_0.16.jpg,16.28757802320664,0.8089935183525085,7.613572691640477,0.7230288355712085,,30.636499999673106
outdoor,Hybrid,0135_0.95_0.12.jpg,16.03339072963219,0.8338761925697327,7.51941019917716,0.5058067356372441,,30.697800000325515
outdoor,Hybrid,0137_0.8_0.2.jpg,19.7566431541674,0.8646060824394226,7.620654455277442,0.7102531366938146,,30.97639999987223
outdoor,Hybrid,0138_0.9_0.08.jpg,15.980951992558436,0.8380053639411926,7.575802608692215,0.5233325996037861,,35.98770000007789
outdoor,Hybrid,0139_0.85_0.12.jpg,21.042151081962032,0.885045051574707,7.671883489994942,0.7471098393132292,,30.94599999985803
outdoor,Hybrid,0140_0.95_0.12.jpg,19.498046867330082,0.8745835423469543,7.698145866931053,0.8143341404358353,,31.882199999927252
outdoor,Hybrid,0141_0.95_0.12.jpg,22.009509561789102,0.9225423336029053,7.773784344944185,0.780198106977768,,30.815999999958876
outdoor,Hybrid,0142_0.95_0.08.jpg,16.186202739696178,0.7907550930976868,7.738467630655469,0.7061589258199428,,35.03000000000611
outdoor,Hybrid,0143_1_0.2.jpg,20.44220409941248,0.881711483001709,7.6141851806673255,0.7286902927580894,,38.76899999977468
outdoor,Hybrid,0145_0.8_0.12.jpg,15.9834710453735,0.8356330394744873,7.624196283551076,0.7485450143077261,,37.4403999999231
outdoor,Hybrid,0146_0.8_0.2.jpg,20.526875236120866,0.8799548149108887,7.561046344821642,0.7244508034338543,,33.400799999981245
outdoor,Hybrid,0147_1_0.16.jpg,22.214637820160764,0.8679986000061035,7.137175133036062,0.7001408760730795,,33.97850000010294
outdoor,Hybrid,0148_0.9_0.12.jpg,14.685999443606981,0.8231814503669739,7.298480389101281,0.4548932423508695,,31.813099999908445
outdoor,Hybrid,0149_0.9_0.08.jpg,15.282460509338895,0.8462684750556946,7.7250330484006335,0.639423288575831,,31.7245000001094
outdoor,Hybrid,0150_0.8_0.16.jpg,14.064120401757105,0.7080337405204773,7.704712216322198,0.8243664965986395,,33.46379999993587
outdoor,Hybrid,0151_0.8_0.08.jpg,11.762584062143986,0.7394561767578125,7.537613591589511,0.6804490424829408,,38.7177999996311
outdoor,Hybrid,0152_0.8_0.2.jpg,12.217289734244511,0.7181317210197449,7.6527767166340075,0.7513185119964781,,32.460400000218215
outdoor,Hybrid,0153_0.8_0.08.jpg,12.325887179168529,0.7374889254570007,7.39141782757383,0.38429231785163986,,32.291299999997136
outdoor,Hybrid,0154_0.8_0.2.jpg,18.10071571155892,0.8690490126609802,7.505247530532711,0.7768346907329958,,31.496900000092865
outdoor,Hybrid,0155_1_0.08.jpg,17.890329393642233,0.8609721660614014,7.31148251890908,0.7881576051067577,,32.255999999961205
outdoor,Hybrid,0157_0.8_0.08.jpg,18.597890814435328,0.8588907122612,7.645840880608314,0.7172353070658155,,31.977099999949132
outdoor,Hybrid,0158_0.8_0.2.jpg,19.347940620595242,0.8595855832099915,7.423230696420437,0.6956416464891041,,30.909800000245014
outdoor,Hybrid,0160_0.9_0.2.jpg,10.464933237720972,0.6751311421394348,7.16838997911047,0.518102575390711,,34.14820000034524
outdoor,Hybrid,0161_0.85_0.08.jpg,11.27712635598467,0.7040064334869385,7.478981705453577,0.6810873871890821,,38.570899999740504
outdoor,Hybrid,0162_0.95_0.12.jpg,13.06388485664052,0.7421130537986755,7.505367260030649,0.771336121505613,,34.80790000003253
outdoor,Hybrid,0163_0.95_0.08.jpg,14.564713034911371,0.7642001509666443,7.626916336616714,0.8833193924719348,,37.03589999986434
outdoor,Hybrid,0164_0.9_0.2.jpg,19.466067590079895,0.8783168792724609,7.442131866072678,0.649156944750165,,33.62250000009226
outdoor,Hybrid,0165_0.9_0.2.jpg,19.980816913652134,0.8745471835136414,7.627260576228389,0.7922474136033458,,40.84999999986394
outdoor,Hybrid,0166_0.8_0.16.jpg,17.881151206078016,0.8898068070411682,7.2933707678072475,0.6106625577812018,,30.782199999976
outdoor,Hybrid,0167_0.8_0.12.jpg,14.207975436428278,0.8215846419334412,7.369924150890482,0.575214615892582,,34.24799999993411
outdoor,Hybrid,0168_0.9_0.16.jpg,18.936965312812653,0.8748281598091125,7.599801001510182,0.662807045466603,,33.62870000000839
outdoor,Hybrid,0169_0.9_0.12.jpg,21.97630734262537,0.8681879043579102,7.4043341553256985,0.7104644508034339,,36.78379999973913
outdoor,Hybrid,0170_0.8_0.2.jpg,20.162330408612732,0.8386616110801697,7.46507786604706,0.6548448162007484,,31.852300000082323
outdoor,Hybrid,0171_0.85_0.12.jpg,24.268432532274595,0.8772947788238525,7.316356001460411,0.8802025093550517,,31.426600000031613
outdoor,Hybrid,0172_0.85_0.08.jpg,14.705467265126266,0.8621107935905457,7.770623307400038,0.687655734096412,,30.205499999738095
outdoor,Hybrid,0174_0.95_0.08.jpg,14.822191354660031,0.7934197783470154,7.82657401711243,0.779141536429672,,34.79590000006283
outdoor,Hybrid,0175_0.85_0.16.jpg,17.450454709460764,0.8226211071014404,7.385781731195116,0.5771032357473035,,35.81700000040655
outdoor,Hybrid,0176_1_0.08.jpg,20.19102705616082,0.8685085773468018,7.579256607259636,0.7380761611270086,,34.95629999997618
outdoor,Hybrid,0178_0.8_0.12.jpg,19.801209815875854,0.9053499102592468,7.837893836035777,0.8718115782522562,,34.98380000019097
outdoor,Hybrid,0179_0.8_0.2.jpg,22.448729514439883,0.9166949391365051,7.677362949691787,0.7742989214175655,,34.36109999984183
outdoor,Hybrid,0180_0.85_0.16.jpg,21.21777688769045,0.8918461799621582,7.6157135895467025,0.89673343605547,,34.91119999989678
outdoor,Hybrid,0181_0.9_0.08.jpg,21.495830290006026,0.8883143067359924,7.588366767317357,0.808069557561083,,33.26229999993302
outdoor,Hybrid,0182_0.8_0.16.jpg,19.690540856825514,0.8663762211799622,7.682724805055171,0.7918688091569448,,31.35310000016034
outdoor,Hybrid,0183_0.8_0.16.jpg,16.244100441945264,0.8594315052032471,7.442624357102957,0.5790050627338763,,34.28440000016053
outdoor,Hybrid,0184_0.95_0.12.jpg,22.465056694728574,0.9119787216186523,7.7242045617349255,0.930195235821529,,32.709000000068045
outdoor,Hybrid,0185_1_0.16.jpg,12.38920900087016,0.7484205365180969,7.399594373331348,0.5931058771736738,,34.101900000223395
outdoor,Hybrid,0187_0.9_0.2.jpg,20.3908852476102,0.874320924282074,7.795095181233032,0.8021131410961919,,32.484500000009575
outdoor,Hybrid,0188_0.85_0.08.jpg,18.312718169996558,0.8215916156768799,7.563096873650688,0.8443363416244772,,33.23190000037357
outdoor,Hybrid,0189_0.85_0.2.jpg,14.572783222977446,0.7385943531990051,7.177109696593638,0.5042130750605327,,30.778700000155368
outdoor,Hybrid,0191_1_0.08.jpg,20.19214093567319,0.8370504379272461,6.991231014266204,0.777178076161127,,32.885300000089046
outdoor,Hybrid,0194_1_0.2.jpg,16.394726035102938,0.8094303607940674,7.0917757254612175,0.44781862205591016,,31.717399999706686
outdoor,Hybrid,0195_1_0.08.jpg,21.11946123354627,0.8499248623847961,7.248320915670038,0.718151001540832,,32.39239999993515
outdoor,Hybrid,0196_0.9_0.2.jpg,16.572583547088662,0.828137218952179,7.695067191618799,0.6112656834690733,,33.888999999817315
outdoor,Hybrid,0197_0.8_0.16.jpg,20.364208845906035,0.888556718826294,7.608035654271905,0.6475500770416025,,32.509200000276905
outdoor,Hybrid,0198_0.95_0.12.jpg,21.542510875900128,0.9060006141662598,7.689147546094793,0.7705480959718248,,31.90119999999297
outdoor,Hybrid,0199_1_0.16.jpg,16.504138639084147,0.8319825530052185,7.682994816088385,0.6341228263262162,,37.3555999999553
outdoor,Hybrid,0200_1_0.12.jpg,24.30900754496674,0.9198394417762756,7.219173335289887,0.6943605546995377,,32.39579999990383
outdoor,Hybrid,0201_1_0.08.jpg,15.186691382595356,0.819847822189331,7.415790170841574,0.525379705040722,,30.560400000013033
outdoor,Hybrid,0202_0.85_0.12.jpg,20.776060056173982,0.8872495293617249,7.705324325639147,0.8219590578912613,,31.038399999943067
outdoor,Hybrid,0204_0.8_0.08.jpg,19.20804480847467,0.8685105443000793,7.030794658910715,0.5777752066115702,,47.869600000012724
outdoor,Hybrid,0205_1_0.16.jpg,22.005668413860093,0.9075966477394104,7.662699729008168,0.6725306254029658,,47.436899999866
outdoor,Hybrid,0206_1_0.12.jpg,16.320132670160866,0.8393154740333557,7.456803861840971,0.6666299801893022,,33.09719999970184
outdoor,Hybrid,0207_1_0.08.jpg,14.932544304224214,0.8352265357971191,7.717195537187657,0.7678263604907204,,48.7594999999601
outdoor,Hybrid,0208_0.8_0.16.jpg,16.859681901830633,0.8393974900245667,7.363356505121949,0.5158265463350209,,36.12350000003062
outdoor,Hybrid,0209_0.85_0.08.jpg,13.424712656047804,0.7667461037635803,7.384420482598436,0.48914813999559764,,31.01429999969696
outdoor,Hybrid,0210_0.85_0.2.jpg,17.54943018411044,0.8574785590171814,7.596698744316475,0.7040698960406989,,30.986599999778264
outdoor,Hybrid,0212_0.9_0.2.jpg,13.822332583321145,0.7421388626098633,7.717346167950399,0.6125335681267885,,29.835000000275613
outdoor,Hybrid,0213_1_0.2.jpg,18.76379384975555,0.8009799122810364,7.650904034920128,0.6965848263658483,,33.67210000033083
outdoor,Hybrid,0215_0.8_0.08.jpg,22.09721273482945,0.8209969997406006,7.312692480068644,0.6505866302864939,,59.434199999941484
outdoor,Hybrid,0216_1_0.12.jpg,14.362701094388559,0.8009400367736816,7.67556908302126,0.821364464315284,,45.21710000017265
outdoor,Hybrid,0217_1_0.2.jpg,17.031158485334497,0.7669331431388855,7.739889225384431,0.7833810257539071,,33.35870000000796
outdoor,Hybrid,0218_0.9_0.2.jpg,16.306908235175264,0.860653817653656,7.679865090206385,0.7115666372462489,,34.242299999732495
outdoor,Hybrid,0219_0.85_0.08.jpg,14.33233817042559,0.7627037167549133,7.564366477714984,0.8562514773564704,,45.55549999986397
outdoor,Hybrid,0220_0.85_0.2.jpg,15.3680138930685,0.7443839907646179,7.302183602644756,0.7643935424308207,,66.84769999992568
outdoor,Hybrid,0222_0.85_0.16.jpg,13.015245415758525,0.7840759754180908,7.270462007951038,0.5299668214996682,,36.89219999978377
outdoor,Hybrid,0223_0.95_0.16.jpg,18.59656846851375,0.8526169657707214,7.453797045475516,0.7527184251271842,,33.240500000374595
outdoor,Hybrid,0225_0.8_0.2.jpg,18.26430688234571,0.8391714096069336,7.169415290780735,0.5755806237558062,,33.23240000008809
outdoor,Hybrid,0226_0.8_0.2.jpg,14.666236501692985,0.6633040308952332,7.5363990395283915,0.7459357149052699,,48.710900000060064
outdoor,Hybrid,0228_1_0.2.jpg,17.57566980404888,0.8127406239509583,7.405251922529308,0.6916400410084903,,49.613700000008976
outdoor,Hybrid,0230_0.9_0.16.jpg,10.499957874030219,0.6765112280845642,7.201996390957418,0.5374114021571649,,32.499100000222825
outdoor,Hybrid,0233_0.8_0.12.jpg,13.205001462826537,0.781850278377533,7.350549387251512,0.7216729033678186,,32.22169999980906
outdoor,Hybrid,0235_0.9_0.08.jpg,20.810888531073346,0.8574168682098389,7.525955111447394,0.782143957737178,,32.06739999995989
outdoor,Hybrid,0237_0.8_0.12.jpg,19.613199013899997,0.8633043169975281,7.485768996848598,0.8351617873651772,,31.554099999993923
outdoor,Hybrid,0238_0.8_0.2.jpg,13.51186215689446,0.8157675862312317,7.4140719822583785,0.5162051507814219,,32.299999999850115
outdoor,Hybrid,0239_0.8_0.2.jpg,15.932362204823496,0.8236400485038757,7.302740711812844,0.7052344265903588,,40.38669999999911
outdoor,Hybrid,0240_1_0.08.jpg,21.57479859099425,0.8542795181274414,7.463379236283379,0.8954083204930663,,31.808100000034756
outdoor,Hybrid,0242_0.8_0.12.jpg,18.41303397996341,0.8818493485450745,7.486726746216152,0.7313273167510456,,30.963799999881303
outdoor,Hybrid,0243_0.8_0.08.jpg,11.939077849070108,0.7139124274253845,7.442542967787241,0.6270702179176756,,31.760299999859853
outdoor,Hybrid,0244_0.9_0.12.jpg,19.396216211115576,0.8759937286376953,7.852511632096467,0.8005150781421968,,31.377100000099745
outdoor,Hybrid,0245_1_0.2.jpg,14.870200360716204,0.7816975712776184,7.803903640602876,0.7636671802773498,,31.812400000035268
outdoor,Hybrid,0246_0.85_0.12.jpg,12.498703276223573,0.7376735806465149,7.112701795194739,0.35733215936605767,,30.185999999957858
outdoor,Hybrid,0248_0.8_0.08.jpg,13.535633017762724,0.7869458198547363,7.3979117697621835,0.5784679727052608,,33.84750000032
outdoor,Hybrid,0249_1_0.12.jpg,19.24601618035105,0.8021203875541687,7.6131917244305995,0.7343649570768215,,31.70330000011745
outdoor,Hybrid,0251_0.8_0.16.jpg,19.531740565765382,0.8840003609657288,7.55202116459329,0.7011930442438917,,31.576500000028318
outdoor,Hybrid,0253_0.8_0.2.jpg,16.818050359641404,0.8439866900444031,7.524414102795833,0.7650627338762932,,31.834299999900395
outdoor,Hybrid,0253_1_0.16.jpg,17.99979961109774,0.8405871987342834,7.609697274160743,0.7720405018710104,,30.431200000293757
outdoor,Hybrid,0255_0.85_0.08.jpg,15.70035329316097,0.8476715683937073,7.728688404438967,0.6116310807836232,,29.918799999904877
outdoor,Hybrid,0256_0.95_0.16.jpg,17.05889303275464,0.8449689745903015,7.563072070880962,0.5697996918335901,,32.574599999861675
outdoor,Hybrid,0258_0.8_0.2.jpg,15.194491760657737,0.8560970425605774,7.098336490402467,0.38309487123046443,,30.872599999838712
outdoor,Hybrid,0259_0.9_0.08.jpg,14.478609326635297,0.7963132858276367,7.581112874651658,0.4911071978868589,,32.4852000003375
outdoor,Hybrid,0260_0.9_0.2.jpg,14.085730546834661,0.808239758014679,7.447454332749118,0.4555756108298481,,30.19170000015947
outdoor,Hybrid,0261_0.85_0.08.jpg,16.527840596594483,0.841900646686554,7.70212883111813,0.5182742681047766,,30.493500000375207
outdoor,Hybrid,0262_0.95_0.12.jpg,14.931775741872165,0.8427578806877136,6.967161817803548,0.31829627999119525,,31.042700000398327
outdoor,Hybrid,0263_0.95_0.08.jpg,21.735517488311725,0.8803800940513611,7.33257591895687,0.6287634875356567,,59.9368999996841
outdoor,Hybrid,0264_0.95_0.2.jpg,16.955170550239153,0.7943238615989685,7.770571906394893,0.6458859784283513,,30.179500000031112
outdoor,Hybrid,0266_0.8_0.12.jpg,13.740989250204246,0.7831494808197021,7.449474622487778,0.5675720889280211,,30.299900000045454
outdoor,Hybrid,0267_0.9_0.16.jpg,16.723554937507078,0.8084675669670105,7.468371535694862,0.5460708782742681,,29.55610000026354
outdoor,Hybrid,0268_0.9_0.16.jpg,19.276648428644716,0.8638601899147034,7.826756712440842,0.7574774378164209,,30.347299999903043
outdoor,Hybrid,0269_0.95_0.2.jpg,14.487363661456197,0.7742325663566589,7.641973601821694,0.8088751926040062,,32.91350000017701
outdoor,Hybrid,0270_0.85_0.16.jpg,12.78765126466698,0.7568010687828064,7.254979163005964,0.4935593220338983,,32.25160000010874
outdoor,Hybrid,0271_0.85_0.12.jpg,15.086876367301096,0.7829920649528503,7.492185106812987,0.5803742020691173,,31.167500000265136
outdoor,Hybrid,0272_0.85_0.08.jpg,17.4128780749973,0.8572221398353577,7.819025700591429,0.7804006163328198,,30.36999999994805
outdoor,Hybrid,0273_0.85_0.2.jpg,13.030355789779918,0.7321798205375671,7.575490436510982,0.7892626018049747,,29.406900000140013
outdoor,Hybrid,0274_0.95_0.12.jpg,12.019252943428816,0.7654127478599548,7.282759414371891,0.6987321153422849,,29.39809999998033
outdoor,Hybrid,0275_1_0.16.jpg,22.900323196963548,0.890224277973175,7.4979600052450035,0.6830420427030597,,29.931999999917025
outdoor,Hybrid,0276_1_0.12.jpg,15.21022010078335,0.8429108262062073,7.507634368167564,0.4862293638564825,,30.91949999998178
outdoor,Hybrid,0277_1_0.08.jpg,14.602649082211109,0.833899199962616,7.446825703655101,0.4770944309927361,,30.117499999960273
outdoor,Hybrid,0279_0.8_0.12.jpg,15.427485393776108,0.7960789203643799,7.653189350490789,0.6976051067576491,,30.72569999994812
outdoor,Hybrid,0280_0.9_0.16.jpg,16.319847326395248,0.8106220364570618,7.724672743758453,0.6795509575170592,,30.42779999987033
outdoor,Hybrid,0281_0.9_0.12.jpg,10.919575454628344,0.7178840637207031,7.214424015709607,0.5732995817741581,,30.87439999990238
outdoor,Hybrid,0282_0.85_0.16.jpg,15.900048571042033,0.7774412035942078,7.783026239716775,0.7611182038300682,,28.933600000073056
outdoor,Hybrid,0283_0.85_0.12.jpg,16.11138932764867,0.8304572701454163,7.536463851494602,0.6376799471714726,,31.487600000218663
outdoor,Hybrid,0284_0.8_0.16.jpg,19.44070379675554,0.884817898273468,7.664116136999585,0.774351279788173,,29.253400000015972
outdoor,Hybrid,0285_0.85_0.2.jpg,18.44241695509553,0.828650176525116,7.534181214195955,0.897508254457407,,30.24440000035611
outdoor,Hybrid,0286_0.8_0.08.jpg,14.973741298937908,0.776400625705719,7.763452305766569,0.8503235747303544,,29.191399999945133
outdoor,Hybrid,0287_0.8_0.2.jpg,11.175675152987619,0.7065456509590149,7.378460848092895,0.5708166409861325,,29.887300000154937
outdoor,Hybrid,0287_0.95_0.08.jpg,10.920688240757428,0.7061439156532288,7.450291548674364,0.5539643407440018,,28.90239999987898
outdoor,Hybrid,0288_0.95_0.2.jpg,17.678207034633793,0.8232595920562744,7.567093423343782,0.6019722650231125,,30.309400000078313
outdoor,Hybrid,0290_0.85_0.08.jpg,13.362496422670848,0.8127150535583496,7.42090199748617,0.5188421747743782,,30.420699999922363
outdoor,Hybrid,0291_0.95_0.12.jpg,13.668703580340164,0.7707003951072693,7.468324629834132,0.6733832269425489,,31.22250000023996
outdoor,Hybrid,0292_1_0.16.jpg,12.813599833142014,0.7716073393821716,7.357047797201418,0.6035483160906889,,30.501400000048307
outdoor,Hybrid,0294_1_0.2.jpg,12.985668104139933,0.7726396918296814,7.37445352140435,0.5863174114021572,,30.014700000265293
outdoor,Hybrid,0295_0.85_0.08.jpg,21.56474436752729,0.9110879898071289,7.771628102184192,0.6936913933524103,,29.186100000060833
outdoor,Hybrid,0296_0.95_0.12.jpg,19.837709686679133,0.8178828358650208,7.690801328150835,0.7510983931322914,,30.40099999998347
outdoor,Hybrid,0297_0.95_0.08.jpg,21.478268578288823,0.9109027981758118,7.766422683862061,0.8779925159586176,,29.386800000338553
outdoor,Hybrid,0298_1_0.12.jpg,20.597776517178545,0.866190493106842,7.691932658660079,0.8592844574780059,,22.126400000161084
outdoor,Hybrid,0299_0.9_0.08.jpg,19.80994628686563,0.8710755705833435,7.61799124893308,0.8165133171912833,,29.690699999719072
outdoor,Hybrid,0300_1_0.2.jpg,13.6338166381551,0.7412657737731934,7.4212573438465625,0.7130970724191064,,30.672599999888916
outdoor,Hybrid,0302_0.9_0.16.jpg,15.695621119293508,0.844090461730957,7.610125550510866,0.6434426590358794,,30.07190000016635
outdoor,Hybrid,0303_0.9_0.12.jpg,16.078871427933233,0.8545618057250977,7.6192321713665265,0.7920008804754567,,30.3886000001512
outdoor,Hybrid,0304_0.9_0.08.jpg,11.325158485627377,0.7516414523124695,7.3956201981853,0.5871362535769316,,28.98609999965629
outdoor,Hybrid,0305_0.9_0.2.jpg,16.85555372230612,0.8446452617645264,7.2366951364980485,0.4770416024653313,,30.4415999999037
outdoor,Hybrid,0306_0.8_0.16.jpg,18.390439968734434,0.8863900303840637,7.793296425206517,0.7190226722430112,,29.5310999999856
outdoor,Hybrid,0307_0.8_0.12.jpg,14.057926835653705,0.805061399936676,7.587249040984752,0.6090953114681928,,30.040099999951053
outdoor,Hybrid,0308_1_0.16.jpg,15.471304047817672,0.8150184750556946,7.665797748476203,0.7660488663878494,,29.76120000039373
outdoor,Hybrid,0309_1_0.08.jpg,15.182879326376623,0.808647632598877,7.657127333594019,0.7623860884877834,,30.111399999896094
outdoor,Hybrid,0311_0.8_0.16.jpg,17.978820685448543,0.8857567310333252,7.606264516151116,0.7978956636583755,,29.212899999947695
outdoor,Hybrid,0312_0.8_0.12.jpg,17.265206834993755,0.8445947170257568,7.7888721164983465,0.8417037200088048,,29.487000000244734
outdoor,Hybrid,0313_0.8_0.2.jpg,14.441106737650774,0.7961685061454773,7.623343634224609,0.6682059084569545,,56.07789999976376
outdoor,Hybrid,0314_0.9_0.12.jpg,19.605468637625915,0.8623576164245605,7.5476476835465816,0.7383005310840363,,45.64100000015969
outdoor,Hybrid,0315_0.85_0.16.jpg,11.779382725859676,0.7233168482780457,7.293118132196076,0.7122120757802917,,53.06709999968007
outdoor,Hybrid,0316_0.85_0.12.jpg,14.972206696525214,0.8253206610679626,7.813812917472721,0.7720977327756989,,30.056300000069314
outdoor,Hybrid,0317_0.85_0.08.jpg,17.610834586813596,0.8013526797294617,7.599979073208054,0.7572132951793968,,30.43310000020938
outdoor,Hybrid,0318_0.85_0.2.jpg,13.64632979307709,0.7775718569755554,7.4518265307918545,0.5481972265023113,,30.664400000205205
outdoor,Hybrid,0319_0.9_0.16.jpg,20.179105548965698,0.9086527824401855,7.71213381636249,0.8852212194585076,,29.69389999998384
outdoor,Hybrid,0320_0.9_0.08.jpg,20.75607327345307,0.8807938098907471,7.387035073355055,0.5653356812678847,,29.949199999919074
outdoor,Hybrid,0320_1_0.16.jpg,20.936084484785926,0.8697554469108582,7.081850785683831,0.5521549636803874,,29.50039999996079
outdoor,Hybrid,0321_1_0.12.jpg,20.33810047169492,0.7545787692070007,7.578478331405103,0.7643847677745983,,29.945499999939784
outdoor,Hybrid,0323_0.8_0.16.jpg,19.58477993149044,0.8822248578071594,7.511158837362667,0.8013295179396874,,29.39749999995911
outdoor,Hybrid,0324_0.8_0.12.jpg,13.933665521979076,0.7949352264404297,7.616312960071371,0.7019854721549637,,29.38799999992625
outdoor,Hybrid,0325_0.9_0.16.jpg,15.65519069946831,0.7684686779975891,7.779201355885879,0.8281576051067576,,30.347799999617564
outdoor,Hybrid,0326_0.9_0.12.jpg,18.834995082909224,0.8568281531333923,7.198068599267714,0.697706361435175,,30.752900000152295
outdoor,Hybrid,0327_1_0.08.jpg,13.250626959741608,0.7825033068656921,7.561681912228047,0.5716927140655954,,29.95470000041678
outdoor,Hybrid,0329_0.8_0.12.jpg,15.0524798250484,0.7888341546058655,7.573349405573163,0.6206735637244112,,31.712599999991653
outdoor,Hybrid,0330_0.8_0.08.jpg,18.85224426660504,0.8434459567070007,7.7313556762362925,0.7660840854061193,,29.235500000140746
outdoor,Hybrid,0330_0.95_0.12.jpg,19.919232449912133,0.8471279144287109,7.698490422931532,0.7646489104116223,,31.274999999823194
outdoor,Hybrid,0331_0.95_0.12.jpg,19.009050859824136,0.889880359172821,7.526995578447365,0.6774334140435835,,29.36909999971249
outdoor,Hybrid,0332_0.95_0.08.jpg,16.97290918777133,0.8478434681892395,7.70900615367059,0.7229187761391151,,29.5456999997441
outdoor,Hybrid,0333_0.95_0.2.jpg,17.024820445569052,0.857888400554657,7.605132820535685,0.7388685890380806,,29.291400000147405
outdoor,Hybrid,0334_1_0.08.jpg,21.098540318192303,0.8656393885612488,7.669309340478128,0.7679506933744222,,30.824899999970512
outdoor,Hybrid,0335_1_0.2.jpg,15.29973690434598,0.8000261783599854,7.452644204784976,0.7935417125247634,,30.57040000021516
outdoor,Hybrid,0337_0.8_0.08.jpg,10.272774072051455,0.644899308681488,7.426592761455963,0.6971428571428572,,29.813799999828916
outdoor,Hybrid,0338_0.9_0.12.jpg,10.852530514373042,0.7236068248748779,7.282327517440984,0.6581333920316971,,28.996700000334386
outdoor,Hybrid,0340_0.85_0.08.jpg,15.014335238416914,0.7887939810752869,7.489232134437883,0.6065463350209113,,29.337999999825115
outdoor,Hybrid,0341_0.85_0.2.jpg,18.218442477086025,0.8654854893684387,7.534844426898261,0.7406101947166067,,56.803599999966536
outdoor,Hybrid,0342_0.95_0.08.jpg,21.959146459346716,0.894877016544342,7.615267560761644,0.6295223420647149,,30.21870000020499
outdoor,Hybrid,0343_0.95_0.2.jpg,19.930694141470674,0.8497627377510071,7.77796161317245,0.7855161787365177,,30.07660000002943
outdoor,Hybrid,0344_0.85_0.16.jpg,13.871698818920045,0.7688176035881042,7.485377638450845,0.8204543178601104,,52.56879999978992
outdoor,Hybrid,0345_0.85_0.12.jpg,16.114194615349348,0.8053997159004211,7.523194144622047,0.6787365177195686,,28.589000000010856
outdoor,Hybrid,0346_0.95_0.16.jpg,17.400950812848833,0.796386182308197,7.547866304221953,0.5108604291086043,,29.857300000003306
outdoor,Hybrid,0348_0.8_0.2.jpg,18.052770030945528,0.8023024201393127,7.398180432401826,0.549183808891838,,30.051900000216847
outdoor,Hybrid,0349_0.9_0.08.jpg,19.75550989255926,0.8618758320808411,7.624098615424394,0.643587701835877,,30.531800000062503
outdoor,Hybrid,0350_0.85_0.12.jpg,21.613378733408346,0.8779926896095276,7.517748074742397,0.7819268774703557,,57.34359999996741
outdoor,Hybrid,0351_0.95_0.16.jpg,15.452696901779285,0.8231051564216614,7.461252467818393,0.5998587819947043,,30.38040000001274
outdoor,Hybrid,0353_0.9_0.12.jpg,12.015258068759007,0.7295945286750793,7.679121773530315,0.7245296167247387,,44.070799999644805
outdoor,Hybrid,0354_0.9_0.08.jpg,20.586305180295597,0.8623545169830322,7.652715597310308,0.6211900022119,,31.464299999697687
outdoor,Hybrid,0355_0.85_0.12.jpg,14.242099742305543,0.7922120094299316,7.402085950094838,0.48755142667551427,,29.235099999823433
outdoor,Hybrid,0356_0.85_0.08.jpg,19.35661772116992,0.8678054809570312,7.577528890760274,0.6249236894492369,,30.844099999740138
outdoor,Hybrid,0357_0.95_0.12.jpg,20.86732774924807,0.855411946773529,7.6434056312987995,0.5906613581066136,,30.01429999994798
outdoor,Hybrid,0359_0.85_0.16.jpg,21.819205242838578,0.8634063601493835,7.559728202139664,0.4845609378456094,,29.51130000019475
outdoor,Hybrid,0361_0.85_0.2.jpg,14.709096147086312,0.8045386672019958,7.432788069923004,0.7240314913844326,,47.85900000024412
outdoor,Hybrid,0362_0.95_0.08.jpg,19.549773018872,0.8755276799201965,7.683046497834214,0.8663130090248734,,29.609700000037265
outdoor,Hybrid,0364_0.85_0.12.jpg,15.241035928975553,0.8214729428291321,7.6675720970586,0.6657538802660754,,51.431200000024546
outdoor,Hybrid,0366_0.9_0.16.jpg,19.032496077945318,0.8883926868438721,7.624401498368039,0.8267504488330341,,43.38229999984833
outdoor,Hybrid,0369_0.85_0.2.jpg,15.039118428700782,0.7661784291267395,7.484367338441353,0.621933200619332,,30.00060000022131
outdoor,Hybrid,0371_0.9_0.08.jpg,19.35641746977375,0.8361284136772156,7.717183970450311,0.5873656270736562,,30.142699999942124
outdoor,Hybrid,0372_0.85_0.12.jpg,18.860261096699183,0.8481566309928894,7.5062787483944335,0.6874452554744526,,29.897799999616836
outdoor,Hybrid,0375_0.85_0.16.jpg,19.41650585789811,0.8929199576377869,7.719319492165783,0.7708221658819269,,39.406700000199635
outdoor,Hybrid,0380_0.85_0.2.jpg,17.45472528220517,0.7951066493988037,7.545101875558812,0.7468255728011826,,38.71239999989484
outdoor,Hybrid,0382_0.9_0.08.jpg,19.482824935007137,0.8547813296318054,7.072073271425588,0.6687325812873258,,28.90639999986888
outdoor,Hybrid,0383_0.9_0.2.jpg,20.4341681421705,0.821159839630127,7.624852431721945,0.5703030303030303,,21.613800000068295
outdoor,Hybrid,0385_0.8_0.08.jpg,15.820641473236252,0.7477442622184753,7.575155583166192,0.5747843397478434,,30.16029999980674
outdoor,Hybrid,0386_1_0.12.jpg,22.359319829383544,0.860924243927002,7.566170956421237,0.5463968148639682,,28.595299999778945
outdoor,Hybrid,0388_0.95_0.16.jpg,17.282861221378244,0.7498629093170166,7.598076279574659,0.7052510506525105,,29.436400000122376
outdoor,Hybrid,0390_0.9_0.12.jpg,19.020318857237434,0.8606207370758057,7.79838261405228,0.8424521241470394,,29.364100000293547
outdoor,Hybrid,0391_1_0.08.jpg,14.184202331915674,0.8056486248970032,7.792099032785562,0.6003257759189963,,30.778999999711232
outdoor,Hybrid,0392_1_0.2.jpg,16.732028465369893,0.8518860936164856,7.59646784893889,0.5849131016042781,,42.35800000014933
outdoor,Hybrid,0393_1_0.2.jpg,15.130832098164124,0.7710598111152649,7.751376988550346,0.8204669647292598,,42.766999999912514
outdoor,Hybrid,0395_0.95_0.08.jpg,23.339611021981685,0.9057925343513489,6.989790275353001,0.5966073781291172,,42.920800000047166
outdoor,Hybrid,0397_0.85_0.12.jpg,13.418484305120643,0.7327162623405457,7.552999143729205,0.7759345277593452,,29.374100000040926
outdoor,Hybrid,0399_0.8_0.08.jpg,11.853713424509142,0.7742164731025696,7.169800190699863,0.45687679716876795,,28.796699999929842
outdoor,Hybrid,0400_0.9_0.12.jpg,18.144724799525104,0.8511582016944885,7.700332723016008,0.6457075610473668,,23.118200000226352
outdoor,Hybrid,0402_0.8_0.16.jpg,23.869709210483094,0.9101026654243469,7.600880679985006,0.8773368723733688,,29.257099999995262
outdoor,Hybrid,0404_0.8_0.2.jpg,18.621769899405617,0.8133576512336731,7.609830220994671,0.6767872903795233,,22.464900000159105
outdoor,Hybrid,0405_1_0.08.jpg,18.531969695768325,0.8482975959777832,7.747479817065269,0.7028949691085613,,21.739400000114983
outdoor,Hybrid,0406_1_0.2.jpg,13.998361181921457,0.7097490429878235,7.5023658896423155,0.6180484894164939,,45.33160000028147
outdoor,Hybrid,0407_0.95_0.16.jpg,14.007133198681533,0.7815844416618347,7.298708978859505,0.759112673698309,,42.228199999954086
outdoor,Hybrid,0409_1_0.12.jpg,19.21280517953027,0.8418128490447998,7.516748898007439,0.73735899137359,,29.33389999998326
outdoor,Hybrid,0411_0.95_0.16.jpg,15.819125279429322,0.8229402899742126,7.487924368409816,0.7115254237288136,,28.893900000184658
outdoor,Hybrid,0413_0.95_0.2.jpg,19.619676506879756,0.8747670650482178,7.515465534270568,0.7789471355894714,,30.282700000043405
outdoor,Hybrid,1001_0.8_0.16.jpg,17.487986278268536,0.874485194683075,7.492973380089196,0.7059652212194585,,30.948699999953533
outdoor,Hybrid,1002_1_0.16.jpg,16.114634622749765,0.8537554740905762,7.332505314350521,0.44435835351089586,,30.925500000194006
outdoor,Hybrid,1005_0.8_0.12.jpg,16.873284084249402,0.8346956372261047,7.517220290145827,0.6837206994915044,,57.57870000024923
outdoor,Hybrid,1006_1_0.16.jpg,14.042193971705409,0.7411425709724426,7.536595943672062,0.7970327977107639,,31.097699999918405
outdoor,Hybrid,1007_0.95_0.08.jpg,12.381154074122222,0.722309410572052,7.3695971783588625,0.5458331499009466,,29.603299999962474
outdoor,Hybrid,1008_0.9_0.12.jpg,15.22702237120371,0.8042895197868347,7.439670424452916,0.7127184679727052,,30.192300000180694
outdoor,Hybrid,1009_0.85_0.12.jpg,20.659758780792128,0.8988294005393982,7.551540924304523,0.6653048646268985,,30.154900000070484
outdoor,Hybrid,1010_0.85_0.08.jpg,13.256031973205594,0.701502799987793,7.599989949418858,0.8106808880069453,,58.09460000000399
outdoor,Hybrid,1011_0.95_0.12.jpg,21.512017922234875,0.8748769760131836,7.526502959558029,0.7042703059652212,,29.722599999786325
outdoor,Hybrid,1012_0.95_0.08.jpg,21.527539769774794,0.8787932991981506,7.515182655674213,0.7517543473475677,,29.818799999702605
outdoor,Hybrid,1015_0.8_0.12.jpg,18.662779763571226,0.8179013133049011,7.414378288315596,0.7364825005502972,,29.292100000020582
outdoor,Hybrid,1016_0.9_0.16.jpg,18.817942610892754,0.8742257952690125,7.64306947167158,0.7059255998239049,,30.525199999829056
outdoor,Hybrid,1018_0.85_0.12.jpg,10.781246374368816,0.7022609114646912,7.3963976871381,0.695610829848118,,29.229600000235223
outdoor,Hybrid,1020_0.95_0.08.jpg,11.521334972860696,0.654503345489502,7.3837387402156445,0.6800220118864186,,31.19539999988774
outdoor,Hybrid,1022_0.85_0.12.jpg,11.04209777593576,0.733284056186676,6.922693724902622,0.453251155624037,,29.59759999976086
outdoor,Hybrid,1027_0.8_0.08.jpg,21.57464710813203,0.8907850384712219,7.53752568461986,0.7398459167950694,,30.462599999736995
outdoor,Hybrid,1030_0.95_0.12.jpg,19.137566485512817,0.8486730456352234,7.587248866278143,0.7900682368478978,,30.492899999899237
outdoor,Hybrid,1034_0.9_0.16.jpg,12.329381593026728,0.7736523747444153,7.615807734365087,0.5436891921637684,,30.181999999967957
outdoor,Hybrid,1037_0.8_0.12.jpg,9.493951848111278,0.6255423426628113,7.240739104143388,0.5170795144909587,,57.24319999990257
outdoor,Hybrid,1038_1_0.16.jpg,10.408773098665815,0.668799638748169,7.322267746861681,0.5162645528858063,,57.89599999980055
outdoor,Hybrid,1040_1_0.2.jpg,18.851566037897307,0.8423562049865723,7.715656445304775,0.6708430552498349,,29.418099999929836
outdoor,Hybrid,1042_0.95_0.08.jpg,19.35591086733642,0.8538045287132263,7.703407463137054,0.7423860884877834,,31.167999999979656
outdoor,Hybrid,1044_0.85_0.12.jpg,12.765518482692272,0.8029192090034485,7.176715833377264,0.4137442218798151,,29.39570000035019
outdoor,Hybrid,1046_0.9_0.16.jpg,17.879294646920876,0.851186215877533,7.438998654349187,0.5962623816861105,,30.115099999875383
outdoor,Hybrid,1048_0.9_0.2.jpg,19.031418777057674,0.8530797958374023,7.5648363193376,0.6911600264142637,,29.44130000014411
outdoor,Hybrid,1050_0.8_0.08.jpg,20.95580778686759,0.8746470808982849,7.579430322244177,0.6871054369359454,,30.456899999990128
outdoor,Hybrid,1051_1_0.12.jpg,13.70819130706274,0.7744362950325012,7.591991915743987,0.5961919436495707,,30.394299999898067
outdoor,Hybrid,1053_0.95_0.16.jpg,14.817489591426227,0.7982795834541321,7.322011043009539,0.7313354848624558,,56.1744000001454
outdoor,Hybrid,1055_0.95_0.2.jpg,20.751782403027672,0.8914188742637634,7.589639982279029,0.8514517482517483,,77.77799999985291
outdoor,Hybrid,1057_0.95_0.16.jpg,16.64837291848606,0.8040505051612854,7.770010622739911,0.7210917895663659,,29.637300000104005
outdoor,Hybrid,1059_0.95_0.2.jpg,21.348901456973447,0.8980477452278137,7.727712560314477,0.8247281532027295,,29.54009999984919
outdoor,Hybrid,1060_0.85_0.16.jpg,17.647184063148057,0.7907125353813171,7.631872699294592,0.732691389463632,,29.73629999996774
outdoor,Hybrid,1063_0.9_0.12.jpg,19.74190728107612,0.8897941708564758,7.749665604939991,0.8206911732335461,,29.388699999799428
outdoor,Hybrid,1709_0.95_0.08.jpg,16.456058930847043,0.7835744023323059,7.601157923795399,0.7502692687747036,,58.629300000120566
outdoor,Hybrid,1712_0.8_0.08.jpg,15.234464129562113,0.7998700737953186,7.3852364908964105,0.679992558601017,,57.4704999999085
outdoor,Hybrid,1713_1_0.08.jpg,14.301034504482274,0.8207319378852844,7.747954956122614,0.7684087808508,,57.343800000126066
outdoor,Hybrid,1714_1_0.2.jpg,19.11700275357529,0.8106834292411804,7.47337847194901,0.5628960372960373,,78.76299999998082
outdoor,Hybrid,1716_0.95_0.12.jpg,15.133099199712195,0.7450683116912842,7.6515888630751165,0.615197628458498,,57.916499999919324
outdoor,Hybrid,1718_0.9_0.2.jpg,12.955533939291023,0.7382314801216125,7.312107107388301,0.7538556701030927,,78.20949999995719
outdoor,Hybrid,1722_0.95_0.16.jpg,16.67037142970251,0.7674956321716309,7.462351478685452,0.7173260572987722,,57.51060000011421
outdoor,Hybrid,1724_0.95_0.2.jpg,19.105558866130195,0.8952968120574951,7.746359966257521,0.7361949646533549,,57.887700000264886
outdoor,Hybrid,1726_0.85_0.12.jpg,18.094497765772104,0.8521323204040527,7.38836902120575,0.6778193701723113,,72.05659999999625
outdoor,Hybrid,1728_0.9_0.12.jpg,17.68411167603429,0.8838381767272949,7.807116137093246,0.7066426888254992,,57.12940000012168
outdoor,Hybrid,1730_0.85_0.08.jpg,17.494565988990047,0.85514235496521,7.858832314260931,0.8212209688122097,,29.406099999960134
outdoor,Hybrid,1731_0.85_0.2.jpg,18.357066780088935,0.8337171673774719,7.721665199341204,0.7839062154390621,,28.713100000004488
outdoor,Hybrid,1732_0.95_0.2.jpg,21.326849067877497,0.8455556035041809,7.050324223563042,0.7134714126255736,,57.80629999981102
outdoor,Hybrid,1734_1_0.08.jpg,18.395847974691854,0.8406162858009338,7.72582163442914,0.5646719623418652,,22.994700000253943
outdoor,Hybrid,1736_0.8_0.08.jpg,20.688108339096154,0.9071022868156433,7.868973266153746,0.8647947414113853,,56.43549999967945
outdoor,Hybrid,1738_1_0.2.jpg,22.194752658990375,0.9068467617034912,7.616134715480391,0.8771945925834057,,57.24589999999807
outdoor,Hybrid,1741_0.85_0.16.jpg,17.343339420544627,0.8150607943534851,7.626147905491686,0.8192633015006822,,57.021399999939604
outdoor,Hybrid,1742_0.85_0.12.jpg,16.438094691312216,0.8556459546089172,7.666543663469089,0.9138782091033114,,57.07189999975526
outdoor,Hybrid,1743_0.85_0.08.jpg,9.880958669646732,0.6317691206932068,7.597380135386672,0.6071561453553268,,59.08829999998488
outdoor,Hybrid,1744_0.85_0.08.jpg,15.186329490762667,0.7548761367797852,7.563013858827347,0.8068941228263262,,31.04250000023967
outdoor,Hybrid,1747_0.8_0.16.jpg,13.274734392950567,0.7850008010864258,7.652022597688636,0.643918799646955,,22.84570000028907
outdoor,Hybrid,1749_0.8_0.2.jpg,20.503666775057077,0.8266229033470154,7.390783999713304,0.6921443631402704,,59.355999999752385
outdoor,Hybrid,1753_0.9_0.08.jpg,17.728814523377288,0.8269484639167786,7.6002296798953495,0.701747401017474,,30.33610000011322
outdoor,Hybrid,1756_0.9_0.12.jpg,16.6621807366272,0.8167878985404968,7.65254159315352,0.7776553859765538,,29.937400000108028
outdoor,Hybrid,1757_0.85_0.16.jpg,16.525220876222143,0.8179137706756592,7.474580266447988,0.6881353682813537,,31.370700000024954
outdoor,Hybrid,1759_0.8_0.12.jpg,14.243387179744236,0.7599034309387207,7.738552438671297,0.654602505270991,,59.033999999883235
outdoor,Hybrid,1760_1_0.16.jpg,13.662272334488215,0.7021656036376953,7.675854225952697,0.5884906362396131,,57.55449999969642
outdoor,Hybrid,1765_0.85_0.12.jpg,16.7600547941327,0.8367306590080261,7.339433785677723,0.6406994915044029,,57.23310000030324
outdoor,Hybrid,1771_1_0.08.jpg,16.19732726213541,0.8129013180732727,7.729757477687081,0.7928901606867709,,31.01520000018354
outdoor,Hybrid,1774_0.95_0.2.jpg,20.037190399798803,0.8997755646705627,7.4422093892367585,0.6617636115589731,,57.73600000020451
outdoor,Hybrid,1778_0.9_0.08.jpg,14.824412815526053,0.8049843311309814,7.765015301222082,0.8244464010565705,,30.840299999908893
outdoor,Hybrid,1781_0.8_0.2.jpg,16.035664185432175,0.8673495650291443,7.723276118755405,0.6254985692273828,,29.834199999640987
outdoor,Hybrid,1784_0.8_0.08.jpg,14.656504989131406,0.7650020122528076,7.719790526945179,0.6936077481840194,,29.732500000136497
outdoor,Hybrid,1790_1_0.16.jpg,14.553759875651181,0.7064895629882812,7.6288495374169525,0.658258712637976,,57.561099999929866
outdoor,Hybrid,1800_1_0.16.jpg,14.695083665187207,0.7945730686187744,7.656594035497243,0.8062532556120551,,57.22229999992123
outdoor,Hybrid,1805_0.85_0.12.jpg,17.24000692829122,0.8235630989074707,7.02451715042836,0.5048989209971475,,57.20499999961248
outdoor,Hybrid,1812_1_0.16.jpg,17.538601318214845,0.8213388323783875,7.391636951306343,0.730705596107056,,29.33470000016314
outdoor,Hybrid,1815_1_0.2.jpg,17.216216234490275,0.768650472164154,7.742716389452006,0.8025865102639296,,22.697899999911897
outdoor,Hybrid,1818_0.85_0.12.jpg,17.807088739603305,0.8483369946479797,7.62489653223943,0.7705643060895448,,57.50990000024103
outdoor,Hybrid,1821_0.8_0.08.jpg,11.49470531050493,0.7635403275489807,7.510512792121787,0.6664494827206692,,30.351899999914167
outdoor,Hybrid,1822_1_0.08.jpg,15.35612563446098,0.7824080586433411,7.564574949451447,0.7194056790666961,,29.570699999567296
outdoor,Hybrid,1824_0.95_0.08.jpg,13.029232412280273,0.743250846862793,7.263401017227164,0.5214703940127668,,30.30620000026829
outdoor,Hybrid,1826_0.9_0.08.jpg,19.11722345248367,0.8827245235443115,7.779940656012707,0.8331983270966322,,31.257999999979802
outdoor,Hybrid,1828_0.85_0.08.jpg,11.895590239925205,0.7634699940681458,7.675297733633343,0.700545894783183,,31.127700000070035
outdoor,Hybrid,1831_0.8_0.16.jpg,15.289339312912379,0.8199025988578796,7.609954189580287,0.690873700508737,,29.70920000007027
outdoor,Hybrid,1832_0.95_0.08.jpg,14.118625058142857,0.7101957201957703,7.445872862605466,0.7879639005062734,,30.05379999967772
outdoor,Hybrid,1834_1_0.08.jpg,10.010113003305356,0.6302676200866699,7.5127444827906285,0.7731398221343874,,57.12320000020554
outdoor,Hybrid,1837_0.9_0.08.jpg,11.918949425410867,0.7576001286506653,7.489282211753567,0.552458727712965,,30.012400000032358
outdoor,Hybrid,1839_0.8_0.12.jpg,18.757842102694156,0.8893415331840515,7.600715698933705,0.8279022672243012,,31.50740000000951
outdoor,Hybrid,1840_0.85_0.08.jpg,15.429209424176534,0.832244873046875,7.615214514174962,0.8219003595274782,,41.93459999987681
outdoor,Hybrid,1843_0.8_0.12.jpg,20.889269962729028,0.8387370109558105,7.671411308870238,0.7492978208232446,,29.03939999987415
outdoor,Hybrid,1845_0.9_0.08.jpg,17.337713368227924,0.8491489291191101,7.661439791790461,0.7072925710033486,,58.25890000005529
outdoor,Hybrid,1846_0.9_0.08.jpg,19.67539860069171,0.8530202507972717,7.3319464588898855,0.6794673123486683,,30.295600000044942
outdoor,Hybrid,1848_0.8_0.12.jpg,18.932636520689144,0.8645274639129639,7.570190346773277,0.785265243231345,,30.262199999924633
outdoor,Hybrid,1849_1_0.12.jpg,17.537644503506623,0.8119077682495117,7.6421344353950955,0.804521241470394,,34.49720000025991
outdoor,Hybrid,1851_0.85_0.08.jpg,21.562439546928655,0.8855342268943787,7.672307925487111,0.7541624477217698,,30.592000000069675
outdoor,Hybrid,1852_0.85_0.08.jpg,13.135790962397705,0.7084033489227295,7.400290772384282,0.6239665419326437,,29.707799999869167
outdoor,Hybrid,1853_0.85_0.08.jpg,12.58403512046691,0.7722210884094238,7.620074519874415,0.6398834180825995,,58.84060000016689
outdoor,Hybrid,1855_0.9_0.08.jpg,12.678566136359075,0.6804612278938293,7.615554600752938,0.7852739246181869,,44.2059000001791
outdoor,Hybrid,1857_0.8_0.12.jpg,17.69180521303269,0.7917372584342957,7.3772206590293585,0.6677195310771953,,29.510899999877438
outdoor,Hybrid,1858_0.95_0.08.jpg,18.067173347873695,0.7945153117179871,7.731286735795119,0.7640069169960474,,58.18859999999404
outdoor,Hybrid,1859_0.85_0.16.jpg,13.306445605431822,0.6531027555465698,7.575800025577158,0.7916780354706685,,58.14989999998943
outdoor,Hybrid,1861_0.85_0.2.jpg,13.048252088898478,0.7572705745697021,7.636185493909957,0.5592588932806324,,57.692299999871466
outdoor,Hybrid,1862_0.8_0.12.jpg,19.995965916684405,0.8563129901885986,7.457995198596029,0.7184016798418972,,58.57130000003963
outdoor,Hybrid,1863_1_0.08.jpg,14.952686568541544,0.742254912853241,7.616670483121218,0.740660261148066,,58.79419999973834
outdoor,Hybrid,1865_0.85_0.08.jpg,15.833953099801327,0.815584659576416,7.524601729744762,0.8546075388026607,,29.046199999811506
outdoor,Hybrid,1867_0.8_0.2.jpg,16.62084285274458,0.8809482455253601,7.753780349201213,0.8041951219512196,,28.837599999860686
outdoor,Hybrid,1868_1_0.08.jpg,17.804916331747876,0.7848474383354187,7.196295204969366,0.6532360097323601,,29.874199999994744
outdoor,Hybrid,1869_1_0.2.jpg,23.010345382196018,0.9468171000480652,7.905300657106965,0.9710147479639005,,29.08259999958318
outdoor,Hybrid,1871_0.95_0.08.jpg,18.608186651635247,0.8385169506072998,7.83196468483297,0.9480167290336782,,30.82040000026609
outdoor,Hybrid,1872_0.95_0.08.jpg,11.14387263183608,0.7347285747528076,7.420683183620288,0.6300902487343165,,30.158100000335253
outdoor,Hybrid,1873_0.85_0.16.jpg,11.403409097294087,0.7708432078361511,7.586041152386265,0.7138674884437596,,30.03519999992932
outdoor,Hybrid,1874_0.85_0.12.jpg,14.210763037704561,0.7626290321350098,7.540930546944952,0.7661844724618447,,29.721800000061194
outdoor,Hybrid,1875_0.85_0.08.jpg,14.282116834701991,0.7971985340118408,7.64163899690594,0.7356027427560274,,31.630800000129966
outdoor,Hybrid,1876_1_0.16.jpg,17.875867261908503,0.7976929545402527,7.758041271192637,0.8112497235124972,,29.268400000091788
outdoor,Hybrid,1877_0.9_0.12.jpg,17.679435273506165,0.7327409386634827,7.620496940758716,0.6667949568679495,,29.391800000212243
outdoor,Hybrid,1878_0.9_0.12.jpg,11.404828312038372,0.7300462126731873,7.442422171857899,0.6303428445034285,,28.902999999900203
outdoor,Hybrid,1879_0.9_0.08.jpg,16.792860494987487,0.7640227675437927,7.75794909892418,0.8356646759566467,,30.121799999960785
outdoor,Hybrid,1880_0.9_0.08.jpg,16.966913844454087,0.7910081744194031,7.797859399906938,0.786989604069896,,29.137699999864708
outdoor,Hybrid,1881_0.8_0.16.jpg,19.06355051684091,0.8871696591377258,7.720859933510349,0.8885600892967878,,57.85650000007081
outdoor,Hybrid,1882_0.85_0.2.jpg,15.636078088827105,0.7114102840423584,7.558049822798017,0.7212430878124308,,28.860100000201783
outdoor,Hybrid,1883_0.8_0.12.jpg,13.250956125028573,0.7389046549797058,7.59889033802685,0.6973682252263426,,58.95050000026458
outdoor,Hybrid,1887_0.95_0.08.jpg,21.314183100102095,0.8336812853813171,6.710901855551997,0.5797655385976553,,30.265200000030745
outdoor,Hybrid,1889_0.85_0.08.jpg,13.177810109310158,0.7017025947570801,7.702836982788026,0.7483789349808767,,22.1414000002369
outdoor,Hybrid,1891_0.9_0.16.jpg,13.029769005893765,0.7611605525016785,7.579065748595705,0.6936783897367839,,30.33499999992273
outdoor,Hybrid,1893_0.9_0.2.jpg,18.23462303614615,0.770838737487793,7.489898133851913,0.5973899579738996,,29.308399999990797
outdoor,Hybrid,1896_0.9_0.08.jpg,17.167554498718843,0.8265823721885681,7.806607683226198,0.864340744001761,,29.677600000013626
outdoor,Hybrid,1898_0.85_0.08.jpg,12.158650922790521,0.7601489424705505,7.593214575489376,0.6170327977107638,,30.9954999997899
outdoor,Hybrid,1899_0.8_0.08.jpg,16.44850228426793,0.8088411688804626,7.854091124489192,0.8083786772837868,,30.213399999865942
outdoor,Hybrid,1900_0.8_0.08.jpg,20.135073700438845,0.8268200755119324,7.15130761274638,0.6203185136031851,,31.541199999992386
outdoor,Hybrid,1903_0.95_0.08.jpg,17.88231182172504,0.862372875213623,7.874147113623736,0.8452023888520239,,29.480899999725807
outdoor,Hybrid,1909_0.85_0.2.jpg,12.480752439565254,0.7762153744697571,7.551776386126822,0.6004216792757038,,57.945399999880465
outdoor,Hybrid,1913_0.95_0.08.jpg,19.12073848998007,0.8732814788818359,7.838183782010182,0.8766674003962139,,30.465800000001764
outdoor,Hybrid,1915_1_0.08.jpg,14.54315882390568,0.823531448841095,7.019464897050247,0.4081203007518797,,52.49249999997119
outdoor,Hybrid,1917_0.95_0.2.jpg,21.453654303196593,0.8615004420280457,7.503367020630536,0.7430880230880231,,49.89709999972547
outdoor,Hybrid,1919_1_0.08.jpg,15.525462728961614,0.8247252106666565,7.20020939443043,0.816052860877142,,50.33290000028501
outdoor,Hybrid,1920_0.95_0.16.jpg,15.573206544180652,0.8333564400672913,7.420861781724481,0.7864120054570259,,60.50129999994169
outdoor,Hybrid,1921_0.95_0.08.jpg,20.950179255273667,0.8431571125984192,7.5800308159832674,0.8115727830451757,,51.55379999996512
outdoor,Hybrid,1923_0.9_0.08.jpg,15.997450949796487,0.8060784935951233,7.469009811681893,0.6847149460708782,,29.63899999986097
outdoor,Hybrid,1924_0.85_0.12.jpg,15.3607929155645,0.8063933849334717,7.085549818535994,0.5742070158102767,,60.1289999999608
outdoor,Hybrid,1926_0.9_0.16.jpg,17.105908824345235,0.8142151236534119,7.776916600838245,0.8672373368723734,,29.496499999822845
outdoor,Hybrid,1927_0.9_0.08.jpg,19.254795491997537,0.8424845337867737,6.9543666798361885,0.6712806901128069,,30.129799999940587
outdoor,Hybrid,1928_0.9_0.08.jpg,17.427816361849782,0.8365306258201599,7.702833356794875,0.8888773859592365,,44.64000000007218
outdoor,Hybrid,1930_0.8_0.08.jpg,12.687946879114989,0.8025662302970886,7.306754392050702,0.45646843070474197,,24.761999999554973
outdoor,Hybrid,1931_0.8_0.08.jpg,19.33912114858098,0.8665387034416199,7.790159775165656,0.7016248693834901,,25.17519999992146
outdoor,Hybrid,1932_0.8_0.2.jpg,14.65075691021233,0.8176328539848328,7.702320011186549,0.63429492744636,,57.12180000000444
outdoor,Hybrid,1933_0.8_0.2.jpg,15.475779234624698,0.8620722889900208,7.7186747176394395,0.7978077922077922,,40.751000000000204
outdoor,Hybrid,1934_1_0.08.jpg,17.616692087952003,0.7971860766410828,7.779318372446401,0.7938995797389958,,29.835600000296836
outdoor,Hybrid,1936_0.95_0.08.jpg,20.834823004487074,0.8693597316741943,7.410785172946408,0.9479727052608409,,29.079499999625114
outdoor,Hybrid,1938_0.85_0.12.jpg,12.71402053078756,0.7456014752388,7.645260826837006,0.653477038425492,,38.39880000032281
outdoor,Hybrid,1940_0.9_0.16.jpg,16.124877653984463,0.7878217101097107,7.606595316703704,0.8368756957328386,,38.246000000071945
outdoor,Hybrid,1942_0.85_0.08.jpg,13.278442254906526,0.704779326915741,7.483097711284402,0.8317221908526257,,50.8521000001565
outdoor,Hybrid,1944_0.9_0.16.jpg,10.97954525272533,0.6315249800682068,7.643592544934712,0.7392630732099759,,44.54799999984971
outdoor,Hybrid,1945_0.9_0.12.jpg,15.724817650007374,0.8141493797302246,7.641685086852694,0.8703561159035612,,29.558499999893684
outdoor,Hybrid,1947_0.8_0.16.jpg,12.456710273733655,0.7016105055809021,7.584580935203287,0.7556048287755605,,25.59030000020357
outdoor,Hybrid,1949_0.8_0.2.jpg,16.50551155089798,0.7445494532585144,7.72563547463055,0.8012342402123424,,30.221399999845744
outdoor,Hybrid,1950_1_0.08.jpg,19.06421692662881,0.8525547385215759,7.572724216633729,0.9274509156904801,,43.47280000001774
outdoor,Hybrid,1953_0.8_0.2.jpg,15.760465496767617,0.8395235538482666,7.65141091910557,0.8512563561949646,,58.956100000159495
outdoor,Hybrid,1954_1_0.08.jpg,21.32075689349108,0.8349094986915588,7.631835857516951,0.6243297759196098,,58.47470000026078
outdoor,Hybrid,1956_0.8_0.12.jpg,14.999075950057561,0.7440533638000488,7.52753663350773,0.7117326057298772,,57.413500000166096
outdoor,Hybrid,1958_0.9_0.08.jpg,17.21927688247148,0.8793964982032776,7.451660401559396,0.788175617015999,,58.66690000038943
outdoor,Hybrid,1960_0.85_0.2.jpg,21.35314617494481,0.8613254427909851,7.189833030366076,0.6921787215217872,,29.76840000019365
outdoor,Hybrid,1962_0.9_0.08.jpg,14.431620642760297,0.7273091673851013,7.591253422972323,0.6984074319840743,,29.316900000139867
outdoor,Hybrid,1964_0.85_0.2.jpg,19.321223352001113,0.8702766299247742,7.40192285956306,0.7625530566993982,,44.67700000031982
outdoor,Hybrid,1966_0.9_0.08.jpg,15.56102950959912,0.8034150004386902,7.629328349982544,0.7218710103455867,,30.492600000343373
outdoor,Hybrid,1968_0.8_0.12.jpg,12.897725855332823,0.7583177089691162,7.46320659154029,0.5426942548976448,,29.256700000132696
outdoor,Hybrid,1970_0.9_0.08.jpg,19.135518116174797,0.8587505221366882,7.6414358916811125,0.6899713845476557,,29.91040000006251
outdoor,Hybrid,1971_1_0.08.jpg,18.049456930089306,0.8826139569282532,7.739502660481679,0.7332247413603346,,29.29519999997865
outdoor,Hybrid,1973_0.95_0.08.jpg,13.616228792193073,0.8021911978721619,7.790828829516947,0.7305789126128109,,30.815299999630952
outdoor,Hybrid,1975_0.85_0.12.jpg,13.59547106253329,0.7303174138069153,7.538809865828996,0.5226356205102799,,27.502699999786273
outdoor,Hybrid,1977_0.8_0.08.jpg,12.925197632764934,0.752288818359375,7.369214723218332,0.7368170812238609,,30.366899999989982
outdoor,Hybrid,1981_0.8_0.2.jpg,13.124129939199323,0.783715546131134,7.7960357741498525,0.7573049294030221,,25.07210000021587
outdoor,Hybrid,1982_1_0.08.jpg,15.661391248102008,0.8292036056518555,7.764448011033067,0.6733713153331682,,25.792399999772897
outdoor,Hybrid,1984_0.85_0.08.jpg,11.120393750966524,0.6890437006950378,7.142556481342083,0.5103764032577592,,30.263600000125734
outdoor,Hybrid,1986_0.9_0.08.jpg,11.863533762550684,0.736062228679657,7.41894176231984,0.6844287915474356,,30.416600000080507
outdoor,Hybrid,1988_0.8_0.12.jpg,16.00889043221329,0.823972225189209,7.635615442014282,0.7112054855120549,,29.65109999968263
